Company Name,Exhibitor,Website,LinkedIn URL,Country,Summary,Matched_Product,Distance_Score,Match_Reason,LinkedIn_Company,Scraped_Country,Scrape_Status
,Telementum,https://telementum.com/,,Unknown,"We are a leading developer of global, multi-channel tech accessory brands. Our portfolio of companies deliver iconic consumer products, innovative carrier services and an unrivaled distribution ecosys...",body_cam,136.85,"expertise in developing complex hardware and software solutions, although these 
projects are generally separate from the Bodycam products: 
• Multi-Tenant Access Control System: This project involved...",,,success
.simstechnology,.simstechnology,https://web.whatsapp.com/,Not found on website,,A personal safety wearable device that detects and alerts you when someone or something is approaching you from behind. Our camera-based detection patented device will give you peace of mind anywhere...,body_cam,142.61,"NPU 1.1 TOPS  
GPU 950 MHz  
ISP Dual(16+24)  
 
3. Proposed Advanced Bodycam Features (AI and 
Hardware Activation) 
Rapidise has developed and proposed solutions to enhance bodycams, specifically 
a...",,,no_website
,Baracoda Daily Healthtech,https://baracoda.com/,,Unknown,Baracoda Daily Healthtech uses its IoT expertise to create innovative smart products that empower people to take control of their daily health.,body_cam,147.27,"expertise in developing complex hardware and software solutions, although these 
projects are generally separate from the Bodycam products: 
• Multi-Tenant Access Control System: This project involved...",https://www.linkedin.com/company/baracoda-group,,success
,Speechmatics,https://www.speechmatics.com/,,Unknown,"Speechmatics is a global leader in Speech Technology, offering enterprise-grade Speech-to-Text and Voice AI powered by Foundational Speech Technology. With best-in-market accuracy, low latency, and br...",body_cam,153.93,"achieved 96.2% Accuracy on a Qualcomm 8155 platform. The system takes 2 
frames to register a new face and has an inference time of less than 1 
second. 
• AI Library (Telep): Rapidise offers an AI mo...",https://www.linkedin.com/company/speechmatics/,USA,success
,Sensforge Inc,https://www.sensforge.com/,,Unknown,"Sensforge is dedicated to creating innovative, AI-driven security solutions that protect our loved ones while capturing life’s beautiful moments.",body_cam,154.88,"NPU 1.1 TOPS  
GPU 950 MHz  
ISP Dual(16+24)  
 
3. Proposed Advanced Bodycam Features (AI and 
Hardware Activation) 
Rapidise has developed and proposed solutions to enhance bodycams, specifically 
a...",https://www.linkedin.com/company/sensforge/,,success
,VisioLab,https://www.visiolab.io/en,,Unknown,"From grab to go in seconds – Turn the point of sale into a winning experience with VisioLab’s iPad-based self-checkout. AI recognizes every item instantly, guests pay their way: Card, QR, or FacePay. ...",body_cam,155.44,"NPU 1.1 TOPS  
GPU 950 MHz  
ISP Dual(16+24)  
 
3. Proposed Advanced Bodycam Features (AI and 
Hardware Activation) 
Rapidise has developed and proposed solutions to enhance bodycams, specifically 
a...",https://www.linkedin.com/company/visiolab/,neumarkt 7 49074 osnabrückgermany,success
,Monitoreal,,,,"Monitoreal delivers advanced video surveillance powered by edge AI. Our hardware integrates with existing CCTV systems, enabling real-time object detection and smart alerts without sending video to th...",body_cam,158.75,"NPU 1.1 TOPS  
GPU 950 MHz  
ISP Dual(16+24)  
 
3. Proposed Advanced Bodycam Features (AI and 
Hardware Activation) 
Rapidise has developed and proposed solutions to enhance bodycams, specifically 
a...",,,no_website
,Braineulink,https://braineulink.com/,,Unknown,BraineuLink Technology Inc develops non-invasive EEG brain-computer interfaces with advanced AI and innovative BCI chips. Our solutions enable seamless brain interaction with digital devices like mobi...,body_cam,160.72,"expertise in developing complex hardware and software solutions, although these 
projects are generally separate from the Bodycam products: 
• Multi-Tenant Access Control System: This project involved...",,,"error: Page.goto: Timeout 15000ms exceeded.
Call log:
  - navigating to ""https://braineulink.com/"", waiting"
,Robbox Tools,https://shop.robboxtools.com/,,Unknown,"At ROBBOX, we’ve created the world’s first intelligent power tool platform—merging precision hardware, adaptive software, and real-time data to empower professionals worldwide. Our technology delivers...",body_cam,164.19,"Solution 2: Hardware-Based Trigger Activation 
Reed Switch Integration: Push-Button Strap Integrated Reed Switch: 
• The Reed Switch is embedded in or affixed to the push-button strap of the holster—c...",,sign up,success
,Doublepoint,https://www.doublepoint.com/,,Unknown,"Doublepoint has built a hardware agnostic gesture detection platform for wearables. Our AI-powered software enables full gesture control for augmented reality, automotive, TV, wearables, robotics, and...",body_cam,168.21,"NPU 1.1 TOPS  
GPU 950 MHz  
ISP Dual(16+24)  
 
3. Proposed Advanced Bodycam Features (AI and 
Hardware Activation) 
Rapidise has developed and proposed solutions to enhance bodycams, specifically 
a...",https://www.linkedin.com/company/doublepointlab/,helsinki,success
,bHaptics Inc.,https://www.bhaptics.com/?ref=mirrorworld.media,,Unknown,"bHaptics is the innovator and provider of consumer-ready full-body haptics solutions. Join us at CES 2025 and enter a whole new world of real time tactile VR gaming experience using our TactSuit Pro, ...",body_cam,171.99,"NPU 1.1 TOPS  
GPU 950 MHz  
ISP Dual(16+24)  
 
3. Proposed Advanced Bodycam Features (AI and 
Hardware Activation) 
Rapidise has developed and proposed solutions to enhance bodycams, specifically 
a...",,USA,success
"A-ZoneTech Co., Ltd","A-ZoneTech Co,. Ltd",https://stackoverflow.com/questions/1911109/how-do-i-clone-a-specific-git-branch,Not found,," Detailed information on A-ZoneTech Co., Ltd. could not be reliably sourced; it appears to be a technology company, possibly in electronics or engineering, but no official website or summary was confirmed from available searches.",body_cam,175.76,"expertise in developing complex hardware and software solutions, although these 
projects are generally separate from the Bodycam products: 
• Multi-Tenant Access Control System: This project involved...",,,no_website
,Whisper Heat,https://whisperai.com/,,, ,body_cam,179.71,"NPU 1.1 TOPS  
GPU 950 MHz  
ISP Dual(16+24)  
 
3. Proposed Advanced Bodycam Features (AI and 
Hardware Activation) 
Rapidise has developed and proposed solutions to enhance bodycams, specifically 
a...",,,success
,Whisper Aero dba Tone Technologies LLC,https://whisperai.com/,,, ,body_cam,179.71,"NPU 1.1 TOPS  
GPU 950 MHz  
ISP Dual(16+24)  
 
3. Proposed Advanced Bodycam Features (AI and 
Hardware Activation) 
Rapidise has developed and proposed solutions to enhance bodycams, specifically 
a...",,,success
,Rexing Inc.,https://rexing.com/,,Unknown,"We are striving to become the leading brand in dash cams by pursuing innovative strategies, and maintaining a strong commitment to our customers, and we are thankful for everyone who supports us.",clean.csv,112.45,"•  Cameras  and  Sensors:      ◦  Dashcam  solutions  frequently  incorporate  a  compact  2-camera  unit  for  front  and  in-cabin  
views.
     ◦  Target  cameras  often  feature  4MP  resolution  ...",,,success
,Spectricity NV,https://spectricity.com/about-us/,,Unknown,"Founded in 2018 as a spin-off from Imec and headquartered in Belgium, Spectricity is a fabless semiconductor company specializing in the development and manufacturing of spectral sensing. Spectricity ...",clean.csv,116.95,"Selected Semiconductor Platforms for Reliable Products
Private & Confidential rapidise.coAll images shown are for illustrative purposes only. Actual products or results may vary
Rapidise works with se...",https://www.linkedin.com/company/spectricity/,,success
,"Luxoft USA, Inc.",https://www.luxoft.com/about-us,,Unknown,"DXC Technology helps the world’s most innovative organizations flourish in this era of AI, delivering services and solutions that customers depend on. Our engineering, consulting and technology expert...",clean.csv,132.24,"• Objective: Accolade  is looking to develop a DMS Dash camera from 
scratch based on their requirements shared, the Dash camera will be 
mainly used in the OEM Market.
• Current stage of development:...",,UK,success
,VOXX By Gentex Corporation,https://www.voxxelectronics.com/,,Unknown,"VOXX By Gentex Corporation has been driving innovation for over 60 years, supplying Automotive and Consumer Electronics on a global basis. We have a broad range of products sold under a portfolio of m...",clean.csv,135.7,"Rapidise  operates  as  an  Original  Design  Manufacturer  (ODM)  leveraging  its  12+  years  of  design  and  
25+
 
years
 
of
 
manufacturing
 
experience
 
to
 
deliver
 
complex
 
dashcam
 
and...",https://www.linkedin.com/company/voxxelectronics,USA,success
,Tanlink Corporation,https://tanlinkcorp.com/,,Unknown,"Manufacturer of dash cameras, mirror cameras, and battery jumpers.",clean.csv,136.33,"Rapidise  operates  as  an  Original  Design  Manufacturer  (ODM)  leveraging  its  12+  years  of  design  and  
25+
 
years
 
of
 
manufacturing
 
experience
 
to
 
deliver
 
complex
 
dashcam
 
and...",,,success
,Morsum Inc,https://www.morsuminc.net/,,Unknown,"Morsum Inc., founded in May 2022, is an emerging automotive electronics and IoT solutions provider. Backed by strong R&D, modern systems, and advanced facilities, we specialize in design, manufacturin...",clean.csv,142.32,"IoT/Connected
 
Vehicle
 
solutions,
 
and
 
Telematics.
 
Their
 
ODM
 
capabilities
 
specifically
 
cover
 
Camera
 
Modules
 
&
 
Products,
 
Driver
 
Monitoring
 
Systems
 
(DMS),
 
Vision
 
Algo...",,,success
,Tensor Auto Inc.,https://www.tensor.auto/,,Unknown,"Tensor is an American AI company building personal agentic products. Our flagship Tensor Robocar is the world’s first level 4 fully autonomous vehicle designed for private ownership, featuring a ""Dual...",clean.csv,142.54,"NPU)
 
and
 
RISE
 
Y1
 
(Qualcomm
 
SM6225,
 
featuring
 
2
 
TOPS
 
NPU).
 
The
 
Dashcam
 
variant
 
of
 
the
 
RISE
 
C1
 
platform
 
features
 
a
 
Hexagon
 
DSP
 
and
 
a
 
1
 
TOPS
 
NPU.
 •  E...",https://www.linkedin.com/company/tensor-auto/,,success
,Mars International,https://www.marsint.com/,,Unknown,Printed circuit board assembly with both domestic and off-shore manufacturing options. Full product design capabilities with expertise in IoT integration. Capable of handling low to high volume manu...,clean.csv,145.09,"Multilayer
 
PCB
 
Layout
 
Design,
 
High-Speed
 
Board
 
Design,
 
and
 
Analog
 
&
 
RF
 
Design.
 •  Optimization  and  Tuning:  Services  cover  Bill  of  Materials  (BoM)  Optimization,  Antenna...",https://www.linkedin.com/company/mars-international-inc-/,mars international,success
,Parallel Domain,https://paralleldomain.com/,,Unknown,"Parallel Domain accelerates the path to safe autonomy with high-fidelity digital twins from customer data that bridge simulation and reality. Our sensor simulation platform (camera, lidar, radar) supp...",clean.csv,145.36,"NPU)
 
and
 
RISE
 
Y1
 
(Qualcomm
 
SM6225,
 
featuring
 
2
 
TOPS
 
NPU).
 
The
 
Dashcam
 
variant
 
of
 
the
 
RISE
 
C1
 
platform
 
features
 
a
 
Hexagon
 
DSP
 
and
 
a
 
1
 
TOPS
 
NPU.
 •  E...",https://www.linkedin.com/company/parallel-domain/,,success
,Mobileye,https://www.mobileye.com/,,Unknown,"Mobileye leads the mobility revolution with its autonomous-driving and driver-assist technologies, harnessing world-renowned expertise in computer vision, machine learning, mapping, and data analysis....",clean.csv,152.94,"NPU)
 
and
 
RISE
 
Y1
 
(Qualcomm
 
SM6225,
 
featuring
 
2
 
TOPS
 
NPU).
 
The
 
Dashcam
 
variant
 
of
 
the
 
RISE
 
C1
 
platform
 
features
 
a
 
Hexagon
 
DSP
 
and
 
a
 
1
 
TOPS
 
NPU.
 •  E...",https://www.linkedin.com/company/24017,,success
,Gentex Corporation,https://www.gentex.com/,,Unknown,"Gentex is a technology company and long-time supplier of electro-optical products for the global automotive, aerospace, and fire protection industries. We supply nearly every major automaker with conn...",clean.csv,153.19,"Rapidise  operates  as  an  Original  Design  Manufacturer  (ODM)  leveraging  its  12+  years  of  design  and  
25+
 
years
 
of
 
manufacturing
 
experience
 
to
 
deliver
 
complex
 
dashcam
 
and...",https://www.linkedin.com/company/gentex-corporation/,,success
,"Samsung Electronics America, Inc.",https://www.samsung.com/us/?msockid=13f69bed67d7697a34ca8d40663868b3,,Unknown,"Samsung Ads is an advertising ecosystem spanning hundreds of millions of smart devices across TV, mobile, and desktop. Our unrivaled understanding of consumers, powered by exclusive Samsung data and i...",clean.csv,153.54,"• Objective: Accolade  is looking to develop a DMS Dash camera from 
scratch based on their requirements shared, the Dash camera will be 
mainly used in the OEM Market.
• Current stage of development:...",,used during reserve period. reservation gift is a one-time use e-certificate; when first used,success
,"Otter Products, LLC",https://otter.ai/?msockid=346dde9f619c66ce39afc83260e76790,,Unknown,"From humble beginnings in a Fort Collins, Colo. garage, OtterBox has spent over 25 years mastering the art of protection, delivering durable yet stylish phone cases that can go anywhere, do anything, ...",clean.csv,154.22,"designed
 
to
 
automatically
 
connect
 
to
 
an
 
emergency
 
call
 
center
 
upon
 
accident
 
detection,
 
providing
 
video
 
data
 
transmission.
 
The
 
device
 
includes
 
an
 
integrated
 
co...",https://www.linkedin.com/company/otter-ai/mycompany/,,success
,"Fujitsu North America, Inc.",https://fujitsuna.com/,,Unknown,"Fujitsu, a pioneer in global technology, will showcase its groundbreaking innovations. Focusing on sustainability transformation, Fujitsu leverages advanced AI, quantum computing, and digital twin tec...",clean.csv,154.94,"Selected Semiconductor Platforms for Reliable Products
Private & Confidential rapidise.coAll images shown are for illustrative purposes only. Actual products or results may vary
Rapidise works with se...",https://www.linkedin.com/company/fujitsu,,success
,IDB Inc.,https://www.iadb.org/en,,,"AIoT-based safety system integrating on-device edge and cloud intelligence. It detects anomalies, predicts hazards, and executes agentic AI-driven SOPs to prevent fires, failures, and risks. Designed ...",clean.csv,155.53,"Edge  AI  Software  (ADAS/DMS)  
The  software  stack  includes  embedded  capabilities  on  Linux  and  AOSP .  AI/ML  algorithms  are  applied  for  computer  vision.  Specific  applications  includ...",,,no_website
,JATCO Ltd,https://www.jatco.co.jp/english/,,Unknown,"JATCO Ltd. is the world's leading CVT transmission manufacturer and electrified powertrain specialist. With global production facilities and 50+ years of innovation, we're expanding into new mobility ...",clean.csv,155.81,"emergency
 
call
 
system
 
developed
 
for
 
the
 
Japan
 
AI
 
Box,
 
including
 
the
 
SOS
 
button,
 
voice
 
call
 
functions,
 
and
 
automatic
 
accident-triggered
 
video
 
transmission,
 
is
...",,,success
,Rapidus Corporation,https://www.rapidus.inc/en/,,Unknown,"Rapidus 2nm foundry & advanced packaging center in Hokkaido, Japan, will start volume operations in 2027. Named IIM for ""Innovative Integration for Manufacturing"", Rapicus aims to build energy-effici...",clean.csv,156.84,"Rapidise
 
ADAS
 
&
 
DMS
 
Analytics
 
Dashboard
 
and
 
a
 
Device
 
Management
 
&
 
Analytics
 
system.
 •  Mobile/Web  Apps:  Develops  Web  &  Mobile  Applications  (iOS  and  Android),  API  in...",,,success
,Sanjiang Innovations Inc.,https://www.douyin.com/,,,"Vantrue is a leading innovator in premium dash cams, featuring patented imaging technologies, true 4K recording, and AI-assisted safety. Trusted by millions worldwide, Vantrue delivers real performanc...",clean.csv,158.51,"IoT/Connected
 
Vehicle
 
solutions,
 
and
 
Telematics.
 
Their
 
ODM
 
capabilities
 
specifically
 
cover
 
Camera
 
Modules
 
&
 
Products,
 
Driver
 
Monitoring
 
Systems
 
(DMS),
 
Vision
 
Algo...",,,no_website
,Roush,,,,"If you can dream it, we can build it. And design it, model it, engineer it, test it, validate it, manufacture it, and so much more. Whether on the road, the sky, the sea or exploring new frontiers, fo...",clean.csv,160.01,"rapidise.coRapidise Confidential
Mechanical Development
● Product Specification Inputs
○ Implementation and Optimization of Existing Process for Specifications mentioned
○ Generating Inputs according ...",,,no_website
,Digi International,https://www.digi.com/,,Unknown,Digi International is a leading global provider of mission-critical IoT connectivity products and services. We help our customers create next-generation connected products and deploy and manage critic...,clean.csv,160.23,"IoT/Connected
 
Vehicle
 
solutions,
 
and
 
Telematics.
 
Their
 
ODM
 
capabilities
 
specifically
 
cover
 
Camera
 
Modules
 
&
 
Products,
 
Driver
 
Monitoring
 
Systems
 
(DMS),
 
Vision
 
Algo...",https://www.linkedin.com/company/digi-international,,success
,"Asmedia Technology, Inc.",https://support.google.com/youtube/?hl=en,,,"We specialize in high-speed IC design and development, and have gained mastery of both the frond-end and back-end development, including digital logic design, analog design, and software development a...",clean.csv,162.55,"Multilayer
 
PCB
 
Layout
 
Design,
 
High-Speed
 
Board
 
Design,
 
and
 
Analog
 
&
 
RF
 
Design.
 •  Optimization  and  Tuning:  Services  cover  Bill  of  Materials  (BoM)  Optimization,  Antenna...",,,no_website
,Crackletech LLC,https://crackletech.com/,,Unknown,"OGHom is a brand dedicated to creating innovative and reliable garment care solutions. With a focus on advanced technology and quality craftsmanship, we strive to provide products that make everyday l...",clean.csv,162.65,"Rapidise  provides  end-to-end  ODM  capabilities  for  dashcam  development,  transforming  the  
landscape
 
by
 
seamlessly
 
connecting
 
design
 
and
 
manufacturing
 
via
 
a
 
cutting-edge
 
on...",,,success
,SPILab Corporation,https://spilab.com/,,Unknown,"Raypann Drone is a self-adaptive AI drone platform that thinks about its own decisions. By combining a self-model with physics-based rules, it scores and explains each prediction, honestly signals whe...",clean.csv,164.74,"Computer
 
Vision,
 
Edge
 
Computing
 
&
 
AI,
 
and
 
Algorithm
 
Development.
 Model  Library  (Telep  AI)  Rapidise  utilizes  a  specific,  named  AI  portfolio  library  for  automotive  applica...",,,success
ADM Tech LLC,ADM Tech LLC,https://admtechus.com/,https://www.linkedin.com/company/admtechus,Unknown,"Tera, based in California, is a leading supplier of barcode scanners, mobile computers, PDAs, cash register drawers, and EV chargers. It is recognized as an Amazon Best Seller and Amazon's Choice for ...",clean.csv,167.14,"Rapidise  operates  as  an  Original  Design  Manufacturer  (ODM)  leveraging  its  12+  years  of  design  and  
25+
 
years
 
of
 
manufacturing
 
experience
 
to
 
deliver
 
complex
 
dashcam
 
and...",,,success
,Autodatas,http://googleads.g.doubleclick.net/,,,"AUTODATAS provides solutions through an intelligent SaaS data platform “Darwin”. We have deep insight at automotive technology including costing, supply chain and sustainability.",clean.csv,167.41,"Fleet  Specific  Monitoring  Dashcams  are  integrated  with  algorithms  to  detect  abrupt  events  like  sudden  braking  and  rapid  acceleration  using  IMU  data,  vital  for  fleet  management ...",,,no_website
4rge.ai (by Triangle Man LLC),4rge.ai (by Triangle Man LLC),https://forum.lowyat.net/topic/5538738/all,Not found on website,,Groundbreaking motion tracking solutions for the 2030s! Introducing new and intelligent motion tracking solutions including the Trifecta-K series of high-performance IMUs and Trifecta-M series of sate...,clean.csv,167.6,"NPU)
 
and
 
RISE
 
Y1
 
(Qualcomm
 
SM6225,
 
featuring
 
2
 
TOPS
 
NPU).
 
The
 
Dashcam
 
variant
 
of
 
the
 
RISE
 
C1
 
platform
 
features
 
a
 
Hexagon
 
DSP
 
and
 
a
 
1
 
TOPS
 
NPU.
 •  E...",,,no_website
AgfaPhoto,AgfaPhoto,https://agfaphoto.com/en/home-english/,Not found on website,Unknown,"Since 1867, AgfaPhoto has been a constant innovator for consumer imaging products worldwide. Today we provide a wide range of products for capturing, processing, printing, storing and sharing pictures...",clean.csv,168.34,"Rapidise  provides  end-to-end  ODM  capabilities  for  dashcam  development,  transforming  the  
landscape
 
by
 
seamlessly
 
connecting
 
design
 
and
 
manufacturing
 
via
 
a
 
cutting-edge
 
on...",,,success
AImoji,AImoji,https://www.aimojitech.com/products,https://www.linkedin.com/company/aimoji,Unknown,"We transform simple text into dynamic, personalized emojis and avatars using advanced generative AI. We're building the next universal language for digital health.",clean.csv,169.38,"Computer
 
Vision,
 
Edge
 
Computing
 
&
 
AI,
 
and
 
Algorithm
 
Development.
 Model  Library  (Telep  AI)  Rapidise  utilizes  a  specific,  named  AI  portfolio  library  for  automotive  applica...",,,success
,"INRIX, Inc.",https://inrix.com/,,Unknown,"INRIX stands at the crossroads of technology and transportation. With solutions spanning the entire mobility ecosystem, INRIX can help you make an impact whether its improving road safety, optimizing ...",clean.csv,170.56,"IoT/Connected
 
Vehicle
 
solutions,
 
and
 
Telematics.
 
Their
 
ODM
 
capabilities
 
specifically
 
cover
 
Camera
 
Modules
 
&
 
Products,
 
Driver
 
Monitoring
 
Systems
 
(DMS),
 
Vision
 
Algo...",https://www.linkedin.com/company/inrix,,success
,FunIT Inc.,https://www.chess.com/,,,"FunIT Inc. develops XR, VR, AR, and AI-based systems that enhance spatial recognition, real-time interaction, and digital simulation. Our advanced solutions provide immersive, data-driven training exp...",clean.csv,172.71,"Computer
 
Vision,
 
Edge
 
Computing
 
&
 
AI,
 
and
 
Algorithm
 
Development.
 Model  Library  (Telep  AI)  Rapidise  utilizes  a  specific,  named  AI  portfolio  library  for  automotive  applica...",,,no_website
,ASYGN,https://asygn.com/about-us/,,Unknown,"ASYGN makes chips that make it possible for electronic devices to analyze and understand what they see. We believe that humans will communicate with devices through sight, not through touch. Our lates...",clean.csv,173.82,"Multilayer
 
PCB
 
Layout
 
Design,
 
High-Speed
 
Board
 
Design,
 
and
 
Analog
 
&
 
RF
 
Design.
 •  Optimization  and  Tuning:  Services  cover  Bill  of  Materials  (BoM)  Optimization,  Antenna...",https://www.linkedin.com/company/asygn,grenoble area in the french alps,success
,Amazon,https://www.amazon.in/,,,Amazon for Automotive features Amazon Smart Vehicles and AWS for Automotive.,clean.csv,174.4,"advanced
 
vehicle
 
safety
 
features
 
(ADAS/DMS).
 •  AI  Applications:  Expertise  includes  Computer  Vision,  Edge  Computing  &  AI,  and  Algorithm  
Development.
 •  Automotive  AI  Portfolio...",,,no_website
,Provoke Solutions,https://provokesolutions.com/,,Unknown,"Meet KNOVVA.AI, the future of the software development lifecycle powered by Provoke’s Proprietary IP. Our AI digital co-workers automate testing, quality, and modernization, delivering faster results ...",clean.csv,174.47,"Computer
 
Vision,
 
Edge
 
Computing
 
&
 
AI,
 
and
 
Algorithm
 
Development.
 Model  Library  (Telep  AI)  Rapidise  utilizes  a  specific,  named  AI  portfolio  library  for  automotive  applica...",https://www.linkedin.com/company/provokesolutions/,,success
Aiminify,Aiminify,https://en.wikipedia.org/wiki/XXX_(film_series),https://www.linkedin.com/company/aiminify,," Aiminify, founded in 2023 and headquartered in Amersfoort, Netherlands, offers user-friendly AI network compression tools for neural networks, enabling quick optimization of AI models to reduce size, increase speed, and lower carbon footprints with minimal quality loss through techniques like pruning, targeting developers and businesses for sustainable AI deployment.",clean.csv,175.66,"Computer
 
Vision,
 
Edge
 
Computing
 
&
 
AI,
 
and
 
Algorithm
 
Development.
 Model  Library  (Telep  AI)  Rapidise  utilizes  a  specific,  named  AI  portfolio  library  for  automotive  applica...",,,no_website
AEye,AEye,https://www.zhihu.com/question/650524932,https://www.linkedin.com/company/aeye-inc.,," AEye develops software-defined adaptive LiDAR solutions for automotive, trucking, smart infrastructure, and logistics, enabling advanced driver-assistance and autonomy. Their 4Sight™ platform and products like Apollo (1550 nm sensor) and OPTIS focus on high-resolution, long-range perception to enhance safety and efficiency, with a global presence and emphasis on OEM pain points.",clean.csv,175.78,"IoT/Connected
 
Vehicle
 
solutions,
 
and
 
Telematics.
 
Their
 
ODM
 
capabilities
 
specifically
 
cover
 
Camera
 
Modules
 
&
 
Products,
 
Driver
 
Monitoring
 
Systems
 
(DMS),
 
Vision
 
Algo...",,,no_website
,Segments.ai,,,,"Spend less time on labeling and more time building, running, and optimizing your ML algorithms. Segments.ai’s multi-sensor labeling platform lets you combine your 3D point cloud data and 2D image data...",clean.csv,175.96,"Computer
 
Vision,
 
Edge
 
Computing
 
&
 
AI,
 
and
 
Algorithm
 
Development.
 Model  Library  (Telep  AI)  Rapidise  utilizes  a  specific,  named  AI  portfolio  library  for  automotive  applica...",,,no_website
,Realbotix,https://www.realbotix.ai/,,Unknown,"Realbotix can replicate a historical figure, a celebrity or bring to life a client's vision for a humanoid robot. Our clients choose what robot they want and customize the details and aesthetics of th...",clean.csv,178.61,"Rapidise  leverages  extensive  Artificial  Intelligence  (AI)  and  Computer  Vision  capabilities  to  develop  
advanced
 
features
 
for
 
its
 
dashcam
 
and
 
Edge
 
AI
 
Box
 
solutions,
 
focu...",https://www.linkedin.com/company/realbotixcorp/,*,success
,Goodyear Tire & Rubber Company,https://www.goodyear.com/,,Unknown,"At Goodyear, innovation isn't just what we do - it's who we are. Since Goodyear's founding in 1898, our standard for success has been based on a commitment to continuous improvement and innovation.",clean.csv,178.69,"Rapidise  is  an  Original  Design  Manufacturer  (ODM)  that  focuses  on  next-generation  product  
engineering
 
and
 
electronics
 
manufacturing,
 
serving
 
core
 
industries
 
including
 
the
...",,,success
,Pelsee US Inc,https://www.pelsee.com/,,Unknown,"Pelsee is redefining the future of driving through intelligent technology. From advanced Mirror Dash Cams to next-generation Dash Cams, we integrate AI-powered driving assistance with full-color night...",clean.csv,179.15,DashCamera Solutions,,United States,success
,"DarSté, Inc.",,,,"DarSté Inc. provides automotive security innovation solutions for carjacking and vehicle theft prevention. Our patented leading product, Phantom Kill Switch, incorporates passive electronic technology...",clean.csv,179.84,"Rapidise  operates  as  an  Original  Design  Manufacturer  (ODM)  leveraging  its  12+  years  of  design  and  
25+
 
years
 
of
 
manufacturing
 
experience
 
to
 
deliver
 
complex
 
dashcam
 
and...",,,
,velavu,https://www.velavu.com/,,Unknown,"The Velavu ecosystem is a simple, yet powerful experience to oversee your assets, inventory, and processes through customised solutions and exceptionally crafted software and devices. Our devices inte...",clean.csv,134.35,"N1
use cases
Copyright © 2025, Rapidise
N1 is the ultimate go-to choice of versatile asset tracking applications across 
industries. Proudly 100% designed and developed in India, N1 is engineered for ...",https://www.linkedin.com/company/velavu,,success
,Fanstel Corporation,https://www.fanstel.com/,,Unknown,"Fanstel based in Scottsdale Arizona, established in 1990, is a manufacturer of (1) Bluetooth, WiFi, LTE, and LoRa wireless modules for medical devices, wearable devices, sport equipment, smart homes, ...",clean.csv,135.59,"or Nordic (nRF52805 or nRF52820) chipsets. These chips facilitate 
communication using Bluetooth 5.3 or earlier standards, offering up to a 100m 
range in open areas. 
• Power Efficiency: The beacons ...",https://www.linkedin.com/company/fanstel/,United States,success
,SRK Techtronics,https://www.srktechtronics.com/index.html,,Unknown,"SRK Techtronics (SRKTT) is an Electronics System Design and Manufacturing company offering a wide spectrum capability for Design, Prototype Development, and Build-to-Print/Build-to-Spec manufacturing ...",clean.csv,139.91,"Why Rapidise ?
Reliable b y Design
/gCEA  27+ years of legacy in EMS & 
product design
Proven track record in high-quality 
electronics manufacturing
FCC, CE, RoHS compliant
Every unit passes rigorous...",https://www.linkedin.com/company/srk-techtronics/,India,success
,Sharp Electronics Corp.,https://www.sharpusa.com/,,Unknown,"Sharp Corporation is a Japanese multinational electronics corporation that designs, manufactures, and sells a wide range of consumer and professional electronics, including televisions, displays, audi...",clean.csv,142.72,"• Inspection- In-line X Ray Machine (Viscom (Germany) and Shimadzu (Japan))
• PCB Cleaning (Make: Unitech)
● Electromagnetic Testing (EMI & EMC), ESD (Electrostatic) Control 
workstation
● Thermal, Hu...",https://www.linkedin.com/company/sharpbusiness/,,success
,IQVIA Digital,https://www.iqviadigital.com/,,Unknown,"IQVIA Digital powers exceptional brand experiences, delivering innovative solutions based on a customer-first, insights-driven, and integrated omnichannel vision. We provide authenticated, enhanced da...",clean.csv,145.28,"• The deployment of over 1000 beacons at AIIMS Jammu provided seamless 
indoor navigation through a mobile application, enabling on-time arrivals and a 
calmer patient experience. This solution redefi...",,,success
,Wheere,https://www.wheere.com/en/,,Unknown,"Wheere is the best in class indoor geolocation solution. At Wheere, we've revolutionized indoor geolocation with an innovative, patented approach that goes beyond the limits of traditional systems. W...",clean.csv,145.9,"IwayPlus Meets Rapidise
A Perfect Hardware3Software Collaboration
IwayPlus, a system Integrator, was selected to build an Indoor Navigation System, 
essentially a ""GPS for indoors"". For reliability, a...",https://fr.linkedin.com/company/wheereloc,,success
,Fourth Frontier Technologies,https://www.fourthfrontier.ca/,,Unknown,"Fourth Frontier creates smart wearable ECG devices, including the Frontier X2 and Frontier X Plus, providing real-time heart insights to help users optimize health, boost performance, and enhance over...",clean.csv,147.23,"cv
N4
N4 is the ultimate go-to choice for versatile asset tracking & monitoring use 
cases across industries. Proudly 100% designed and developed in India, N4 is 
engineered for excellence and reliabi...",https://www.linkedin.com/company/fourth-frontier-technologies-corporation/,,success
,Kodenshi Corp,https://www.kodenshi.co.jp/top/en/,,Unknown,"KODENSHI use sensing technology to approach people's lives and lead future technologies. As it searches for sensing technology, KODENSHI will continue to push the boundaries of the future.",clean.csv,149.91,"cv
N2
N2, is the powerhouse for tracking and monitoring critical goods and assets in 
temperature and humidity-controlled environments. Proudly 100% designed and 
developed in India, the N2 is meticul...",,,success
,Direction9,https://www.direction9.com/,,Unknown,"Direction9 is a software company developing text input technology for content search, where operating footprint/space is limited. Examples of devices compatible with our software include TV remote con...",clean.csv,149.97,"N1
use cases
Copyright © 2025, Rapidise
N1 is the ultimate go-to choice of versatile asset tracking applications across 
industries. Proudly 100% designed and developed in India, N1 is engineered for ...",,,success
,Zebra Technologies,https://www.zebra.com/us/en.html,,, ,clean.csv,153.48,"misplacement with minimal setup. They track movement and location for efficient 
asset management. 
Relevant Beacon Models: All primary models (N1, N2, N3, N4, N14) are designed for 
versatile Asset T...",http://www.linkedin.com/company/167024,,success
,Opticwash,https://opticwashmini.com/,,Unknown,Opticwash is the world’s first and only self-serve kiosk dedicated to the cleaning of eyewear and jewelry. Opticwash uses forward looking technology that gives a consumer a healthier and safer alterna...,clean.csv,154.7,"cv
N2
N2, is the powerhouse for tracking and monitoring critical goods and assets in 
temperature and humidity-controlled environments. Proudly 100% designed and 
developed in India, the N2 is meticul...",,,success
,move technology GmbH,https://move.nl/?v=4tav,,Unknown,"We are an innovative solutions provider for green energy and smart AI applications. We support our clients from concept to market launch, focusing on sustainable mobility, AI-driven software, and mode...",clean.csv,154.83,"Rapidise Edge AI Solutions – AI Box | T elep AI Stack | Cloud Backend (Automotive Example)
rapidise.co",,,success
,MinebeaMitsumi,https://www.minebeamitsumi.com/english/,,Unknown,"MinebeaMitsumi develops advanced components that power humanoid robotics with precision and intelligence. Our innovations also support med-tech, consumer electronics, home appliances, and automotive i...",clean.csv,155.96,"Humidity sensors. The advanced N4 also includes temperature, humidity, and 
ambient light sensors. 
5. Security and Access Control 
Core Problem Addressed: Manual Access Control. Manual processes lead...",,,success
,Hidonix,https://hidonix.com/,,Unknown,"Among its innovations in AI and robotics, Hidonix develops cutting-edge navigation technologies that connect physical and digital spaces. At CES, we are presenting our proprietary indoor–outdoor navig...",clean.csv,159.99,"Humidity sensors. The advanced N4 also includes temperature, humidity, and 
ambient light sensors. 
5. Security and Access Control 
Core Problem Addressed: Manual Access Control. Manual processes lead...",https://www.linkedin.com/company/hidonix/posts/,to receive news and updates.subscribe,success
,DIRECTV LLC,https://www.directvadvertising.com/,,Unknown,"DIRECTV Advertising is a pioneer in the converged addressable space, delivering industry leading audience-based, digital, and innovative media solutions.",clean.csv,160.03,"N2 Technical Specification
Functions
Advertising Format
Apple iBeacon (In the absence of sensor)
Google Eddystone (UID,URL, TLM) (In the absence of sensor)
User Custom
Multi-advertising 
(On Request)
...",,audiences,success
,Durin,https://conteudo.durin.com.br/catalogo-pratico,,Unknown,Durin is building next-gen context-aware access for ultimate convenience and always-on security.,clean.csv,160.67,"Security & Access Control
Automate access control with seamless, location-based security solutions. 
Events 
Enhance event engagement with location triggered updates and personalized 
content.
Specifi...",,,success
,Iontra Inc.,https://iontra.com/,,Unknown,"Iontra is a Colorado-based battery innovation company that dramatically improves the charge speed, cycle life, capacity utilization, cold weather charging, and safety of all lithium batteries. Iontra'...",clean.csv,160.94,"Power/Battery CR2450 Li-ion coin 
cell battery 
The N14 provides longer battery life by using 
the larger CR2450 battery (compared to N1's 
CR2032). 
Sensors/Protection No sensors 
Features an IP67 ra...",https://www.linkedin.com/company/iontra,,success
,Blumind,https://blumind.ai/,,Unknown,"Blumind is making AI accessible and sustainable with its innovative analog AI chips. Edge AI applications in AIoT, robotics, smart mobility, smart home/city, health and wearables will benefit from Blu...",clean.csv,161.99,"Control, Event Management. 
N2 Temp + humidity sensors. 
Environmental Monitoring, Retail 
Promotions, Asset Tracking, Security & 
Access Control, Event Management. 
N3 Strong signal + SOS; LED 
Indic...",https://www.linkedin.com/company/blumindai/,*,success
,Davis Instruments,https://www.davisinstruments.com/,,Unknown,"Davis, an AEM company, is the leader in environmental monitoring instruments for commercial & consumer marketplaces. The proven accuracy, durability and flexibility of Davis products, including AirLin...",clean.csv,164.09,"misplacement with minimal setup. They track movement and location for efficient 
asset management. 
Relevant Beacon Models: All primary models (N1, N2, N3, N4, N14) are designed for 
versatile Asset T...",https://www.linkedin.com/company/davisinstruments/,*,success
,Xenra,https://www.xenra.ai/,,Unknown,"Your Wi-Fi already connects. Now it senses. Xenra transforms ambient Wi-Fi into real-time wellness, sleep, and presence insights - no cameras, wearables, or cloud. Plug-and-play device detects heart r...",clean.csv,164.4,"Humidity sensors. The advanced N4 also includes temperature, humidity, and 
ambient light sensors. 
5. Security and Access Control 
Core Problem Addressed: Manual Access Control. Manual processes lead...",,,success
,Interlink Electronics Inc,https://www.interlinkelectronics.com/,,Unknown,"Interlink Electronics Inc., is a global smart sensor and printed electronics provider. Offering force, piezo-electric and other sensors for HMI. Now also sensors for smart fabrics and textiles for we...",clean.csv,165.2,"cv
N2
N2, is the powerhouse for tracking and monitoring critical goods and assets in 
temperature and humidity-controlled environments. Proudly 100% designed and 
developed in India, the N2 is meticul...",https://www.linkedin.com/company/interlink-electronics,strategic geographical regions on all continents.,success
,NODI,https://nodi3d.com/,,Unknown,"Beautiful, smart products for kids that deliver the perks of smartphones - minus the risks.",clean.csv,165.28,"This modular approach is similar to a tool chest: instead of one multi-tool, they offer 
specialized implements (N2 for temperature monitoring, N4 for advanced safety, 
N1/N14 for basic tracking) buil...",,,success
,"Yongkang Hebang Tools co.,ltd",https://support.google.com/youtube/?hl=en,,,"A professional manufacturer and exporter of powertools, hair dryer, hair styler and small home appliances.",clean.csv,166.03,"75+Mn USD
Specialized partner 
ecosystem for Prototype & 
Sample manufacturing
Rapidise Annual 
Purchase Power
30+ procurement 
categories
(Electronics, Mechanical, 
Wires, Plastics etc.)
Imports from...",,,no_website
,Duetware,https://meaegi.com/,,,We enable rapid development of IoT-connected devices that drive sustainability—cutting energy use and managing water efficiently. Our no-code IoT platform and tools deliver data-driven control and ins...,clean.csv,166.29,"This modular approach is similar to a tool chest: instead of one multi-tool, they offer 
specialized implements (N2 for temperature monitoring, N4 for advanced safety, 
N1/N14 for basic tracking) buil...",,,no_website
,"Dynamic Map Platform North America, Inc.",https://www.zhihu.com/question/520829389,,,"How do you confidently build systems that shape the future of Mobility? The answer is Certainty. Certainty that your data reflects the world with precision. Certainty that decisions, whether by a ...",clean.csv,166.35,"IwayPlus Meets Rapidise
A Perfect Hardware3Software Collaboration
IwayPlus, a system Integrator, was selected to build an Indoor Navigation System, 
essentially a ""GPS for indoors"". For reliability, a...",,,no_website
,Tectonic Audio Labs,https://audioxpress.com/article/ces-2022-audio-highlights-10-companies-we-want-to-see-and-hear-again,,, ,clean.csv,166.57,"or Nordic (nRF52805 or nRF52820) chipsets. These chips facilitate 
communication using Bluetooth 5.3 or earlier standards, offering up to a 100m 
range in open areas. 
• Power Efficiency: The beacons ...",https://www.linkedin.com/company/audioxpress/,,success
,Xtreme Cables,https://xtremecables.com/,,Unknown,"Jem Accessories, Inc., the parent company of Xtreme Cables, is a privately held corporation specializing in the manufacturing and sales of digital lifestyle accessories including power cables, chargin...",clean.csv,166.84,"Enhanced Connectivity and Versatility
Services & Customization
Comprehensive Engagement Solutions
Supports Apple iBeacon, Google Eddystone (UID, URL, TLM), and custom formats.
Multi-Advertising Capabi...",,,success
,Nordic Semiconductor,https://www.nordicsemi.com/About-us,,Unknown,"Nordic is a fabless semiconductor company specializing in wireless technology that powers the IoT. Our award-winning Bluetooth Low Energy solutions have made us market leader, complemented by ANT+, Th...",clean.csv,167.85,"Main Chip Nordic nRF52805 Utilizes Bluetooth 4.2 Compliant and 
Bluetooth 5.0 Certified. 
Features 1 Red LED Indicator The LED is present for various status 
indications. 
Advertising 
Formats 
Suppor...",,,success
,Resideo,https://www.resideo.com/us/en/,,Unknown,"Resideo is a leading global manufacturer and developer of technology-driven products and services that deliver comfort, energy efficiency, safety, and security. Through our trusted brands—Honeywell Ho...",clean.csv,167.88,"Humidity sensors. The advanced N4 also includes temperature, humidity, and 
ambient light sensors. 
5. Security and Access Control 
Core Problem Addressed: Manual Access Control. Manual processes lead...",https://www.linkedin.com/company/resideo1/,USA,success
,GEODNET,https://geodnet.com/product,,Unknown,"GEODNET is a Web3 blockchain-powered RTK network built on #DePIN principles. Led by GPS experts, it delivers global centimeter-level accuracy by merging blockchain with advanced RTK. GEODNET powers th...",clean.csv,168.57,"IwayPlus Meets Rapidise
A Perfect Hardware3Software Collaboration
IwayPlus, a system Integrator, was selected to build an Indoor Navigation System, 
essentially a ""GPS for indoors"". For reliability, a...",,,"error: Page.goto: Timeout 15000ms exceeded.
Call log:
  - navigating to ""https://geodnet.com/product"", wait"
Accessory Power,Accessory Power,https://www.accessorypower.com/,https://www.linkedin.com/company/accessory-power,Unknown,"Accessory Power is a consumer electronics manufacturer dedicated to providing a diverse range of high quality products for over 40 years. Complete with 4 main brands, GOgroove audio accessories, USA G...",clean.csv,169.57,"N1 Technical Specification
Power 
Power Supply Non-Replaceable, Non-Rechargeable CR2032 Li-ion coin cell 
battery 
Average Current 3uA (Default settings)* 
Lifetime 3+ years (Default settings)*
Functi...",,USA,success
,Cognitive Systems Corp.,https://www.cognitivesystems.com/,,Unknown,"Cognitive Systems Corp. leverages the untapped potential of wireless signals to deliver truly smart home ecosystems. Its Wi-Fi Sensing technology, WiFi Motion, is a software platform that uses AI and ...",clean.csv,169.84,"N2 Technical Specification
Functions
Advertising Format
Apple iBeacon (In the absence of sensor)
Google Eddystone (UID,URL, TLM) (In the absence of sensor)
User Custom
Multi-advertising 
(On Request)
...",https://www.linkedin.com/company/cognitive-systems-corp-,,success
,Sam's Club Member Access Platform,https://map.samsclub.com/,,Unknown,"MAP’s mission is to provide the most valuable and additive ads experience to our member. It's our member-first approach that differentiates us, along with the combination of our platform, our products...",clean.csv,170.47,"Key Functionality: Beacons boost sales and engage customers with targeted 
promotions and location-based offers. They provide attendees and guests with 
location-based information and timely updates i...",https://www.linkedin.com/company/sams-club-map,,success
,"ENEOS Holdings, Inc.",https://www.hd.eneos.co.jp/english/sustainability/,,Unknown,"While fulfilling our responsibility of providing a stable supply of energy and materials both today and in the future, we will realize a carbon-neutral society through energy transition. This is also ...",clean.csv,170.55,"cv
N2
N2, is the powerhouse for tracking and monitoring critical goods and assets in 
temperature and humidity-controlled environments. Proudly 100% designed and 
developed in India, the N2 is meticul...",,esg issues as a global corporate group. in addition,success
,Flashpoint Safety Systems,https://flashpointsafety.com/,,Unknown,"Flashpoint Safety Systems develops advanced early-warning and fire mitigation technologies that protect people, property, and infrastructure from lithium-ion battery hazards across consumer battery ap...",clean.csv,171.69,"Power/Battery CR2450 Li-ion coin 
cell battery 
The N14 provides longer battery life by using 
the larger CR2450 battery (compared to N1's 
CR2032). 
Sensors/Protection No sensors 
Features an IP67 ra...",,,success
,Coroflo,https://www.coroflo.com/shop/,,Unknown,"Coroflo has created ""Coro"", the revolutionary world's first accurate breastfeeding monitor. Coro is a silicone shield with patented inbuilt flow measurement. As baby feeds, quantity is measured and th...",clean.csv,172.08,"cv
N2
N2, is the powerhouse for tracking and monitoring critical goods and assets in 
temperature and humidity-controlled environments. Proudly 100% designed and 
developed in India, the N2 is meticul...",https://www.linkedin.com/company/coroflo/,,success
,IoT M2M Council,https://www.iotm2mcouncil.org/,,Unknown,"The IoT M2M Council is the largest and fastest-growing trade group dedicated to the global IoT sector, with the mission of bringing technology adopters together with solutions providers through live a...",clean.csv,172.32,"IwayPlus Meets Rapidise
A Perfect Hardware3Software Collaboration
IwayPlus, a system Integrator, was selected to build an Indoor Navigation System, 
essentially a ""GPS for indoors"". For reliability, a...",,,success
,Apecoo,https://www.apecoo.com/,,Unknown,"Apecoo and CHEF AI are redefining the smart kitchen. Powered by CHEF AI’s autonomous cooking platform, Apecoo’s appliances cook any dish with one touch delivering precision, adaptability, and true con...",clean.csv,172.81,"Tejas IoT Gateway
rapidise.co
Developed for IoT & AI Edge computation  applications, Rapidise’s Tejas 
Turbo Receiver offers high processing power and seamless wireless 
connectivity  for Sensors Netw...",,silicon valley california,success
,EZCast,https://www.ezcast.com/,,Unknown,"EZCast is a leading brand in wireless display technology, enabling seamless peer-to-peer screen sharing for meetings, education, and film production. With strong connectivity, smart design, and stable...",clean.csv,172.86,"or Nordic (nRF52805 or nRF52820) chipsets. These chips facilitate 
communication using Bluetooth 5.3 or earlier standards, offering up to a 100m 
range in open areas. 
• Power Efficiency: The beacons ...",https://www.linkedin.com/company/ezcast/,,success
,EZCast,https://www.ezcast.com/,,Unknown,"EZCast is a leading brand in wireless display technology, enabling seamless peer-to-peer screen sharing for meetings, education, and film production. With strong connectivity, smart design, and stable...",clean.csv,172.86,"or Nordic (nRF52805 or nRF52820) chipsets. These chips facilitate 
communication using Bluetooth 5.3 or earlier standards, offering up to a 100m 
range in open areas. 
• Power Efficiency: The beacons ...",https://www.linkedin.com/company/ezcast/,,success
,Blue Two electronics limited,https://www.zhihu.com/question/288944011,,,Specializing in the production of various Powerbanks,clean.csv,173.91,"N1 Technical Specification
Power 
Power Supply Non-Replaceable, Non-Rechargeable CR2032 Li-ion coin cell 
battery 
Average Current 3uA (Default settings)* 
Lifetime 3+ years (Default settings)*
Functi...",,,no_website
,Aqara LLC,https://www.aqara.com/en/,,Unknown,"Aqara has a broad smart home portfolio featuring lighting, door locks, sensors and cameras, and serves 11M+ customers. Focused on simplifying smart homes, Aqara embraces the Matter standard, ensuring ...",clean.csv,173.96,"Control, Event Management. 
N2 Temp + humidity sensors. 
Environmental Monitoring, Retail 
Promotions, Asset Tracking, Security & 
Access Control, Event Management. 
N3 Strong signal + SOS; LED 
Indic...",,,success
,Neuranics Limited,https://neuranics.com/,,Unknown,"Neuranics is pioneering magnetic sensing solutions that redefine human machine interaction. With ultra-sensitive TMR sensors, custom circuits and AI, we have created ground breaking solutions that ena...",clean.csv,174.44,"cv
N2
N2, is the powerhouse for tracking and monitoring critical goods and assets in 
temperature and humidity-controlled environments. Proudly 100% designed and 
developed in India, the N2 is meticul...",https://www.linkedin.com/company/neuranics/,rothesay house134 douglas streetglasgow g2 4hfunited kingdom,success
,Atitan Inc.,https://www.atitaninc.com/contact-us,,Unknown,"We cater to consumer and professional needs, by delivering sophisticated hardware that simplifies connections between proprietary technological devices and software that allows users to interact wit...",clean.csv,174.45,"Contact Us
Rapidise Technology Private Limited 
415, Palladium Business Hub, Motera, Ahmedabad-380005, India
Info@rapidise.co
+91 7486023838
rapidise.co
Copyright © 2025, Rapidise Specifications and i...",https://www.linkedin.com/company/atitan/,to receive news and updates.,success
,Z-Wave Europe GmbH,https://z-wave.me/where-to-buy/consumers/,,Unknown,"We deliver products and services to transform houses, apartments and offices into smart homes and offer the widest variety of Z-Wave, Zigbee, matter brands and products in Europe and Middle East. Furt...",clean.csv,174.65,"or Nordic (nRF52805 or nRF52820) chipsets. These chips facilitate 
communication using Bluetooth 5.3 or earlier standards, offering up to a 100m 
range in open areas. 
• Power Efficiency: The beacons ...",,,success
,SpotOn GPS Fence,https://spotonfence.com/,,Unknown,"SpotOn GPS Fence is the original and most accurate GPS dog fence, combining cutting-edge True Location™ technology with award-winning design for precise, wire-free virtual containment. Portable and re...",clean.csv,175.44,"Power/Battery CR2450 Li-ion coin 
cell battery 
The N14 provides longer battery life by using 
the larger CR2450 battery (compared to N1's 
CR2032). 
Sensors/Protection No sensors 
Features an IP67 ra...",,the us and made with american craftsmanship. we’re giving you the best gps technology has to offer,success
,Swan Softweb Solutions,https://swansoftweb.com/,,Unknown,"We automate business by AI driven custom software solutions and help increase profits, performance and potential. We enable owners to work less hours and earn more. We are a team of passionate soft...",clean.csv,175.75,"N1
use cases
Copyright © 2025, Rapidise
N1 is the ultimate go-to choice of versatile asset tracking applications across 
industries. Proudly 100% designed and developed in India, N1 is engineered for ...",,United States,success
,NuCurrent,https://www.nucurrent.com/,,Unknown,"NuCurrent delivers proven wireless power and data technology used in over 500 million devices worldwide. With patented inductive, resonant, and hybrid solutions, NuCurrent partners with leading brands...",clean.csv,176.61,"or Nordic (nRF52805 or nRF52820) chipsets. These chips facilitate 
communication using Bluetooth 5.3 or earlier standards, offering up to a 100m 
range in open areas. 
• Power Efficiency: The beacons ...",,,success
,Favored Tech USA Corporation,https://favoredtech.com/,,Unknown,"Favored Tech focuses on independent R&D, with plasma technology at its core, to build an integrated innovation system encompassing materials, processes, and equipment. The company provides customers w...",clean.csv,176.86,"Power/Battery CR2450 Li-ion coin 
cell battery 
The N14 provides longer battery life by using 
the larger CR2450 battery (compared to N1's 
CR2032). 
Sensors/Protection No sensors 
Features an IP67 ra...",https://www.linkedin.com/company/19005142/,,success
,"Intromark, Inc.",https://www.intromark.com/,,Unknown,"Intromark Incorporated, located in Pittsburgh, Pennsylvania, has spent the last 40 years helping companies expand their product lines through strategic licensing, wholesale and distribution partnershi...",clean.csv,177.06,"N1
use cases
Copyright © 2025, Rapidise
N1 is the ultimate go-to choice of versatile asset tracking applications across 
industries. Proudly 100% designed and developed in India, N1 is engineered for ...",,,success
,VAMOS Ecosystem,https://vamosecosystem.fi/,,Unknown,"VAMOS Ecosystem is an innovation cluster that focuses on autonomous mobility in smart spaces. It brings together companies that jointly collaborate, compete, and create solutions based on smart spaces...",clean.csv,177.92,"N2 Technical Specification
Functions
Advertising Format
Apple iBeacon (In the absence of sensor)
Google Eddystone (UID,URL, TLM) (In the absence of sensor)
User Custom
Multi-advertising 
(On Request)
...",https://www.linkedin.com/company/weareremoted/,Finland,success
,Consulate of Canada Silicon Valley - Trade Commiss,https://www.tradecommissioner.gc.ca/en.html,,Unknown,"With an office in Silicon Valley, Canada's Trade Commissioner Service supports Canadian tech companies at CES by connecting them to international buyers, investors, and partners through a bespoke B2B ...",clean.csv,178.07,"75+Mn USD
Specialized partner 
ecosystem for Prototype & 
Sample manufacturing
Rapidise Annual 
Purchase Power
30+ procurement 
categories
(Electronics, Mechanical, 
Wires, Plastics etc.)
Imports from...",https://www.linkedin.com/company/tcssdc,Canada,success
,Syntiant Corp.,https://www.syntiant.com/,,Unknown,"Syntiant® delivers highly efficient processor, sensor, and software solutions. With more than 100 million purpose-built silicon and ML models deployed, along with billions of MEMS microphones and sens...",ip_camera,115.54,"(NPU) capable of 12 TOPS (Trillions of Operations Per Second). This 
extreme processing power enables sophisticated AI on Edge for 
immediate analysis of video data, supporting applications like Intru...",https://www.linkedin.com/company/syntiant-corp/,,success
,Visionary.ai,https://www.visionary.ai/,,Unknown,"Listed in the 100 Most Promising AI Startups of 2023, Visionary.ai empowers cameras to capture state-of-the-art video quality in extreme low light and HDR. The software uses edge AI to deliver result...",ip_camera,120.62,"High Computational Capacity 
The processing foundation, such as the Qualcomm QCS 6490, is crucial because its 12 
TOPS NPU capability provides the enormous computational speed required to run 
demandi...",https://www.linkedin.com/company/visionary-ai/about/,,success
,Algorized,https://www.algorized.com/,,Unknown,"Algorized software platform leverages proprietary machine learning algorithms and advanced sensor fusion techniques, including ultra-wideband (UWB) and wireless sensors, to enable real-time human pres...",ip_camera,122.84,"• Description: Key features include Fall Detection and Emergency Alert 
Response, Privacy-Preserving Video Clips, Real-time Vital Capture, Natural 
Language Understanding (NLU) Based Secondary Check, ...",https://www.linkedin.com/company/algorized,USA,success
,Telit Cinterion,https://www.telit.com/,,Unknown,"Telit Cinterion is a leading IoT enabler offering end-to-end solutions, from connected devices and wireless modules to MVNO connectivity, edge-cloud software and IoT platforms. As the largest western ...",ip_camera,129.22,"features for video playback, customization, and analytics. 
• Architecture: The solution uses Amazon Web Services (AWS) for cloud 
infrastructure, ReactJS for the frontend, NodeJS for the backend, and...",https://www.linkedin.com/company/269797/,,success
,"Quadric, Inc.",https://quadric.io/about/,,Unknown,Quadric® is a semiconductor IP licensing company offering unified hardware/software architecture for efficient on-device AI and DSP processing. Its Chimera™ GPNPU merges the strengths of NPUs and DSPs...,ip_camera,132.16,"High Computational Capacity 
The processing foundation, such as the Qualcomm QCS 6490, is crucial because its 12 
TOPS NPU capability provides the enormous computational speed required to run 
demandi...",https://www.linkedin.com/company/quadric.io,330 primrose rd,success
,Ubicept,https://www.ubicept.com/,,Unknown,Ubicept revolutionizes how machines perceive the world by combining next-generation image sensors with advanced computer vision algorithms.,ip_camera,132.84,"allows for flexible deployment, high-bandwidth video streaming back to the cloud, and 
reliable data uplink using the MQTT protocol. The ability to support FOTA (Firmware 
Over the Air) updates via th...",https://www.linkedin.com/company/ubicept,,success
,Cosito,https://www.zumafreegames.com/,,,"Venture-backed, MIT-founded startup building AI-powered microphones that let frontline teams log data by voice—no physical forms, no typing. Just say it, we log it!",ip_camera,134.52,"Information Technology stack, particularly the Cloud VMS, is like the remote recording 
studio and distribution platform, collecting the music (video streams/data), analyzing it 
(Amazon Rekognition),...",,,no_website
,Hailo,https://hailo.ai/products/ai-vision-processors/hailo-15-ai-vision-processor/,,Unknown,Hailo has developed the world’s most cost-efficient and power-efficient AI Processors designed to run sophisticated deep learning and generative AI applications on edge devices. Our AI accelerators an...,ip_camera,134.86,"High Computational Capacity 
The processing foundation, such as the Qualcomm QCS 6490, is crucial because its 12 
TOPS NPU capability provides the enormous computational speed required to run 
demandi...",https://www.linkedin.com/company/hailo-ai/,,success
,Pimic Inc.,https://www.pimic.ai/,,Unknown,"PIMIC is an AI semiconductor and solution company with patent pending processing-in-memory technology. This architecture can dramatically improve Power, Performance, and Area by 10x. Our solution can ...",ip_camera,142.87,"(NPU) capable of 12 TOPS (Trillions of Operations Per Second). This 
extreme processing power enables sophisticated AI on Edge for 
immediate analysis of video data, supporting applications like Intru...",https://www.linkedin.com/company/pimic,,success
Adaptive Recognition,Adaptive Recognition,https://adaptiverecognition.com/,https://www.linkedin.com/company/adaptive-recognition,Singapore,"Adaptive Recognition is a global leader in recognition technology, specializing in ANPR cameras, speed enforcement systems, ANPR software, and OCR-based ID readers. Our products combine advanced AI an...",ip_camera,147.28,"2. Embedded Security and Protection 
Differentiation is achieved by incorporating dedicated security components and 
rigorous design practices. 
• SE050 Secure Element (Authentication IC): The Smart G...",https://www.linkedin.com/company/adaptive-recognition,,success
,Puwell Technology Inc.,https://www.puwell.com/,,Unknown,"At Puwell, we're a leading provider of internet camera platform services, offering PaaS, SaaS, and HaaS. We focus on open cloud platforms and OEM collaboration. Our services include comprehensive Andr...",ip_camera,149.42,"• Camera Design: The camera supports a 3-camera design for capturing 
different angles and wide-angle viewing. 
• Edge Processing: It is powered by the Qualcomm QCS 6490 SOC and runs on 
Android 9.0. ...",,,success
,Kami Vision Inc.,https://kamivision.com/en-us,,Unknown,Kami Vision is an AI services company focused on safety and security solutions that improve the quality of life for people around the world. KamiCare is a Vision AI Fall Management solution for assist...,ip_camera,150.96,"• Description: Key features include Fall Detection and Emergency Alert 
Response, Privacy-Preserving Video Clips, Real-time Vital Capture, Natural 
Language Understanding (NLU) Based Secondary Check, ...",https://www.linkedin.com/company/kamivision/,,success
,iMogul AI,https://imogul.ai/,,Unknown,"iMogul AI is an entertainment-tech startup transforming how films, TV, and streaming projects get made by connecting screenwriters, audiences, and producers through AI-driven insights. Our platform me...",ip_camera,151.1,"• Video Encoding (FFmpeg): Within the cloud portal, FFmpeg is used for Video 
Encoding, ensuring seamless management and distribution of video content. 
• Live Streaming (WebRTC): For live streaming, ...",https://www.linkedin.com/company/imogulai/,,success
,Voltron Technology,https://www.voltrontechnology.com/,,Unknown,"Voltron Technology is redefining what’s possible in compute and simulation. Our advanced hardware powers Edge Data Centers and immersive simulators that bring AI, training, and digital transformation ...",ip_camera,151.79,"(NPU) capable of 12 TOPS (Trillions of Operations Per Second). This 
extreme processing power enables sophisticated AI on Edge for 
immediate analysis of video data, supporting applications like Intru...",https://www.linkedin.com/company/voltron-technology/,these critical needs,success
,smartmicro,https://www.smartmicro.com/,,Unknown,"At smartmicro, we design, develop, and manufacture sensor solutions for traffic management and automotive industries. For more than 27 years we have been the leading specialist in high performance rad...",ip_camera,152.64,"municipal or smart city traffic management, such as License Plate 
Recognition, Congestion Detection, Overspeed Detection, Red Light 
Violation Detection, and Pothole Detection. 
3. LoRaWAN and Smart ...",https://de.linkedin.com/company/smartmicro,Germany,success
,MemryX,https://memryx.com/,,Unknown,MemryX CES Palazzo Suite is 50-819. All CES attendees are welcome. MemryX Inc. is a fabless semiconductor company that designs edge AI processing solutions powered by a proprietary compute-at-memory...,ip_camera,153.63,"in related products). 
Core Components and Performance Metrics 
Each RISE module integrates sophisticated processing units necessary for running 
complex AI and multimedia applications, particularly C...",https://www.linkedin.com/company/memryx-inc/,,success
,Marvell Technology Inc.,https://www.marvell.com/,,Unknown,"Marvell delivers data infrastructure semiconductor solutions that move, process, store and secure the world’s data. Today, we’re at the heart of the AI and cloud revolution, providing the high-perform...",ip_camera,153.92,"(NPU) capable of 12 TOPS (Trillions of Operations Per Second). This 
extreme processing power enables sophisticated AI on Edge for 
immediate analysis of video data, supporting applications like Intru...",https://www.linkedin.com/company/marvell/,,success
,LifeSmart,http://global.ilifesmart.com/,,Unknown,"Found in 2013, LifeSmart has become the global market's top smart home solution provider, helping more than 4 million users in over 100 countries to achieve smart homes and smart living spaces and liv...",ip_camera,154.21,"Software Development Life Cycle
SmarTack - Retrofit Smart Switch
● System Architecture
● Embedded Hardware Development
● Embedded Firmware Development
● Cloud Architecture
● Mobile App(Android and iOS...",,,success
,Tribe App Pte Ltd,https://www.tribeapp.sg/,,Singapore,"TribeApp is a Singapore-based technology start-up, dedicated to revolutionising the health and wellness space with innovative, transformative solutions especially for elderly care.",ip_camera,155.42,"rapidise.co
Unified Fall Detection And Vital Capture System 
Rapidise has developed a groundbreaking unified fall detection and vital capture system that integrates cutting-edge technologies to 
enhan...",,Singapore,success
,Kwikset,https://www.kwikset.com/,,Unknown,"Kwikset is the leading residential lock manufacturer, making homeowners feel safe since 1946.The company’s unwavering commitment to meeting homeowners’ needs has inspired its innovative lock portfolio...",ip_camera,155.8,"rapidise.co
Smart Gateway For Access Controller 
The Smart Controller provides complete access control 
intelligence in one compact device, making it easier than ever to 
manage building security with...",https://www.linkedin.com/company/kwikset,,success
,Weebit Nano Ltd,https://www.weebit-nano.com/,,Unknown,Weebit Nano is a leading developer and licensor of advanced semiconductor memory technology. Its ground-breaking resistive RAM (ReRAM) is a type of Non-Volatile Memory (NVM) that addresses the need fo...,ip_camera,156.19,"(NPU) capable of 12 TOPS (Trillions of Operations Per Second). This 
extreme processing power enables sophisticated AI on Edge for 
immediate analysis of video data, supporting applications like Intru...",https://www.linkedin.com/company/weebit-nano/,,success
,EM Microelectronic,https://www.emmicroelectronic.com/,,Unknown,"EM Microelectronic is a semiconductor manufacturer specialized in the design and production of ultra-low power, low voltage integrated circuits for battery-operated and field-powered applications acro...",ip_camera,156.22,"rapidise.co
Simple Access Control Device
Rapidise engaged in this project for Redesigning the existing device with new updated features with reduction of size, the device is 
used in power stations wh...",,,"error: Page.goto: Timeout 15000ms exceeded.
Call log:
  - navigating to ""https://www.emmicroelectronic.com/"
,ITON Technology Corp.,https://itoncorp.com/,,Unknown,ITON is a high-tech enterprise specializing in communication technology and application solutions.ITON (stock code: 830982) was founded in 2006 and listed on the NEEQ in 2014.,ip_camera,156.37,"Tenant Access Control System and the Smart Gateway For Access 
Controller) act as the physical intelligence points. 
• These devices leverage various communication protocols, including Cellular, 
Ethe...",,,success
AC Future,AC Future,https://acfuture.com/index.html,https://www.linkedin.com/company/acfuture,Unknown,"AC Future is pioneering flexible, mobile, and sustainable housing solutions, with plans to debut the AI Transformable Home (Ai-TH) at CES 2025. The Ai-TH is a cutting-edge, expandable smart home desig...",ip_camera,156.67,"Software Development Life Cycle
SmarTack - Retrofit Smart Switch
● System Architecture
● Embedded Hardware Development
● Embedded Firmware Development
● Cloud Architecture
● Mobile App(Android and iOS...",https://www.linkedin.com/company/ac-future/,Canada,success
,Innatera Nanosystems BV,https://innatera.com/,,Unknown,"Innatera’s ultra-efficient neuromorphic processors mimic the brain’s mechanisms for processing sensory data. Based on a proprietary analog-mixed signal computing architecture, Innatera’s processors le...",ip_camera,156.71,"High Computational Capacity 
The processing foundation, such as the Qualcomm QCS 6490, is crucial because its 12 
TOPS NPU capability provides the enormous computational speed required to run 
demandi...",https://www.linkedin.com/company/innatera,Netherlands,success
,TIMi,https://timi.org/,,Unknown,"Machine Learning, AI and Big Data is WHAT WE DO! TIMi covers all your advanced analytics needs and far more... 100% LOW CODE, our disruptive solution is 20X more efficient and practical, to extrac...",ip_camera,156.99,"rapidise.co
Unified Fall Detection And Vital Capture System 
Rapidise has developed a groundbreaking unified fall detection and vital capture system that integrates cutting-edge technologies to 
enhan...",https://www.linkedin.com/company/timi-study-group,,success
,Efficient Computer,https://www.efficient.computer/,,Unknown,"Efficient Computer builds the world’s most energy-efficient general-purpose processor, combining ultra-efficient hardware with intuitive, developer-friendly software. Our technology scales from “beyon...",ip_camera,157.77,"(NPU) capable of 12 TOPS (Trillions of Operations Per Second). This 
extreme processing power enables sophisticated AI on Edge for 
immediate analysis of video data, supporting applications like Intru...",https://www.linkedin.com/company/efficientcomputer/,,success
,Swayfish Technology,https://swayfish.com/,,Unknown,"Swayfish Technology develops IoT solutions for smart agriculture. Our flagship product, the Lykyn Smart Mushroom Grow Chamber, uses sensors and automation to create ideal growing conditions, combining...",ip_camera,158.0,"Software Development Life Cycle
SmarTack - Retrofit Smart Switch
● System Architecture
● Embedded Hardware Development
● Embedded Firmware Development
● Cloud Architecture
● Mobile App(Android and iOS...",,,success
,Flush-Locks USA,https://zhidao.baidu.com/question/567144393.html,,,Creating seamless paid restroom access using integrated smart lock and payment technology. Patent pending (integrated payment and access control system for restroom facilities). This product’s int...,ip_camera,158.58,"rapidise.co
Smart Gateway For Access Controller 
The Smart Controller provides complete access control 
intelligence in one compact device, making it easier than ever to 
manage building security with...",,,no_website
,Primech AI,https://primech.ai/,,Unknown,"Primech AI is a leading robotics company dedicated to pushing the boundaries of innovation in technology. With a team of passionate individuals and a commitment to collaboration, Primech AI is poised ...",ip_camera,159.38,"(NPU) capable of 12 TOPS (Trillions of Operations Per Second). This 
extreme processing power enables sophisticated AI on Edge for 
immediate analysis of video data, supporting applications like Intru...",,,success
,Intel Corporation,https://www.intel.com/content/www/us/en/download-center/home.html,,Unknown,"Intel creates world-changing technology that enables global progress and enriches lives. Inspired by Moore's Law, we continuously work to advance the design and manufacturing of semiconductors to help...",ip_camera,162.39,"rapidise.co
Multi-T enant Cloud Video Management Portal 
Rapidise has a developed Multi-Tenant Custom Cloud Video Management Software to replace the existing third-party Portal. The 
portal is a compr...",https://www.linkedin.com/company/intel-corporation,,success
,"LatticeWork, Inc.",https://www.latticework.eu/about-us,,Singapore,"LatticeWork is a provider of Visual-Sensing Edge AI solutions. Its latest development, VAISense, combines the power of Video Analytic Intelligent Sensing combined with AI. Revitalize old security cam...",ip_camera,162.66,"Tenant Access Control System and the Smart Gateway For Access 
Controller) act as the physical intelligence points. 
• These devices leverage various communication protocols, including Cellular, 
Ethe...",https://www.linkedin.com/company/latticework-bv/,of latticework b.v. is kennedyplein 200,success
,Chargemate,https://www.chargemate.ai/,,Unknown,"ChargeMate is an intelligent EV charging marketplace that connects drivers with all charge point operators in one unified platform. With real-time data, seamless payments, and API-driven integrations,...",ip_camera,162.76,"• Vehicle Identification & Tracking: License Plate Recognition, Vehicle in out 
counting, and Vehicle Classification. 
• Violation Detection: Overspeed Detection, No helmet Detection, Red Light 
Viola...",https://www.linkedin.com/company/chargemate-ai/about/,,success
,LoRa Alliance,https://blog.lora-alliance.org/what-is-lorawan,,Unknown,"The LoRa Alliance® is a global, open, non-profit association dedicated to advancing the LoRaWAN® standard. Since 2015, it has become one of the largest and fastest-growing technology alliances, unitin...",ip_camera,163.38,"Gateway Operated Access Control System 
This project focused on leveraging LoRaWAN for remote access control. 
• Connectivity Focus (LoRaWAN Gateway): The solution was developed to open 
and close the...",https://www.linkedin.com/company/loraalliance,,success
,KORE Wireless,https://www.korewireless.com/,,Unknown,"KORE is a global leader in IoT solutions and services, helping organizations simplify IoT complexity and achieve better business results. With deep expertise, purpose-built solutions, and agile deploy...",ip_camera,163.94,"Rapidise integrates its access control, video management, and AI capabilities into a 
cohesive system that uses smart edge devices to communicate actionable intelligence 
to a centralized, multi-tenan...",https://www.linkedin.com/company/kore-wireless/,,success
,VMS ELEKTRONIK,https://www.vmselektronik.com/en/,,Unknown,"VMS was founded by Mustafa Dayanıklı, an electronics engineer and the company's founder.Today, VMS, which is on a “technology journey” together with its customers and staff, continues its efforts to d...",ip_camera,164.12,"Tenant Access Control System and the Smart Gateway For Access 
Controller) act as the physical intelligence points. 
• These devices leverage various communication protocols, including Cellular, 
Ethe...",https://www.linkedin.com/company/vmselektronik/,,success
,Teads Holding Co.,https://www.teads.com/,,Unknown,"Teads Holding Co. (“Teads”) (Nasdaq: TEAD) is the omnichannel outcomes platform for the Open Internet, driving full-funnel results for marketers across premium media.",ip_camera,164.43,"rapidise.co
Multi-T enant Cloud Video Management Portal 
Rapidise has a developed Multi-Tenant Custom Cloud Video Management Software to replace the existing third-party Portal. The 
portal is a compr...",https://www.linkedin.com/company/teads/,,success
,Silicon Labs,https://www.zhihu.com/question/402960515,,,"The leader in silicon, software and solutions for a smarter, more connected world.",ip_camera,164.55,"The differentiation in Rapidise’s security offerings is driven by a powerful combination 
of high-performance chipsets for edge intelligence, multi-protocol communication 
for versatile deployment, em...",,,no_website
,CMI Health Inc.,https://cmihealth-inc.com/,,Unknown,"CMI Health, Inc. is dedicated to providing innovative, convenient, and affordable patient monitoring devices and cloud-based solutions for medical professionals in healthcare facilities and consumers ...",ip_camera,165.49,"rapidise.co
Unified Fall Detection And Vital Capture System 
Rapidise has developed a groundbreaking unified fall detection and vital capture system that integrates cutting-edge technologies to 
enhan...",,,success
,floLIVE,https://flolive.net/,,Unknown,"floLIVE provides the best global cellular connectivity for IoT. We own and operate the world’s largest cellular network, for unmatched coverage, performance, and availability. Our platform and multi-I...",ip_camera,166.04,"Tenant Access Control System and the Smart Gateway For Access 
Controller) act as the physical intelligence points. 
• These devices leverage various communication protocols, including Cellular, 
Ethe...",https://www.linkedin.com/company/flo-live/,,success
,ARPA-E,https://www.arpae-summit.com/,,Unknown,The Department of Energy Advanced Research Projects Agency-Energy (ARPA-E) funds and directs the discovery and development of outlier energy technologies to advance American-made energy for all. ARPA-...,ip_camera,166.63,"rapidise.co
Simple Access Control Device
Rapidise engaged in this project for Redesigning the existing device with new updated features with reduction of size, the device is 
used in power stations wh...",,,success
,Arm Ltd,,,,"Arm is the industry’s most energy-efficient, high-performance compute platform—driving innovation across every connected device. Together with the world’s largest computing ecosystem and 22 million de...",ip_camera,167.1,"(NPU) capable of 12 TOPS (Trillions of Operations Per Second). This 
extreme processing power enables sophisticated AI on Edge for 
immediate analysis of video data, supporting applications like Intru...",,,no_website
,AniMed Technology Limited,https://animedtech.com:8888/,,Unknown,"AniMed Technology Limited is a high-tech startup focused on edge intelligence and fiber optic sensing technologies, dedicated to developing next-generation vital sign monitoring systems. Integrating h...",ip_camera,167.47,"rapidise.co
Unified Fall Detection And Vital Capture System 
Rapidise has developed a groundbreaking unified fall detection and vital capture system that integrates cutting-edge technologies to 
enhan...",,,success
,RiseLink,,,,"RiseLink is a top global producer of AIoT chipsets, shipping 300M+ units each year. Our ultra-low-power Wi-Fi and Bluetooth LE solutions bring intelligence to everyday products—from toys and robots to...",ip_camera,167.91,"(NPU) capable of 12 TOPS (Trillions of Operations Per Second). This 
extreme processing power enables sophisticated AI on Edge for 
immediate analysis of video data, supporting applications like Intru...",,,no_website
,Rolling Square,https://rollingsquare.com/,,Unknown,"Natura Umana creates a natural, voice-first AI ecosystem through NatureOS and HumanPods, liberating users from screen dependency. Rolling Square designs groundbreaking consumer electronics that solve ...",ip_camera,169.03,"Software Development Life Cycle
SmarTouch – Premium Smart Switch
● System Architecture
● Embedded Hardware Development
● Embedded Firmware Development
● Cloud Architecture
● Mobile App(Android and iOS...",,,success
,NETGEAR,https://www.netgear.com/,,Unknown,"Founded in 1996 and headquartered in the USA, NETGEAR is a global leader in innovative networking technologies for businesses, homes, and service providers. NETGEAR delivers a wide range of award-winn...",ip_camera,169.94,"(NPU) capable of 12 TOPS (Trillions of Operations Per Second). This 
extreme processing power enables sophisticated AI on Edge for 
immediate analysis of video data, supporting applications like Intru...",https://www.linkedin.com/company/netgear/,,success
AirGemba,AirGemba,https://www.f6s.com/company/airgemba,https://www.linkedin.com/company/airgemba,," AirGemba is an industrial IoT platform providing cloud-based solutions for operational continuity, integrating LoRaWAN devices, MQTT gateways, AI analytics, and predictive maintenance to monitor equipment, minimize downtime, optimize efficiency, and reduce costs across manufacturing and industrial sectors.",ip_camera,170.64,"Gateway Operated Access Control System 
This project focused on leveraging LoRaWAN for remote access control. 
• Connectivity Focus (LoRaWAN Gateway): The solution was developed to open 
and close the...",,,no_website
,"Ceva, Inc.",https://www.ceva-ip.com/press/cevas-20-billion-device-milestone-paves-the-way-for-a-new-era-in-smart-edge-innovation/,,Unknown,"At Ceva, we are passionate about the smart edge. Providing the technology and market expertise our customers need to be successful is what we do best. With the industry’s only portfolio of comprehensi...",ip_camera,172.18,"(NPU) capable of 12 TOPS (Trillions of Operations Per Second). This 
extreme processing power enables sophisticated AI on Edge for 
immediate analysis of video data, supporting applications like Intru...",https://www.linkedin.com/company/ceva/,are in rockville,success
,F-Secure,https://www.f-secure.com/en,,Unknown,"F-Secure makes every digital moment more secure, for everyone. We deliver brilliantly simple, frictionless security experiences that make life easier for the tens of millions of people we protect an...",ip_camera,173.45,"2. Embedded Security and Protection 
Differentiation is achieved by incorporating dedicated security components and 
rigorous design practices. 
• SE050 Secure Element (Authentication IC): The Smart G...",https://www.linkedin.com/company/f-secure-corporation,USA,success
,Samba TV,https://www.samba.tv/,,Unknown,"Samba TV is the global leader in television technology powering real-time insights and audience targeting. We provide advertisers and media companies a unified view of the entire consumer journey, de...",ip_camera,173.53,"• Camera Design: The camera supports a 3-camera design for capturing 
different angles and wide-angle viewing. 
• Edge Processing: It is powered by the Qualcomm QCS 6490 SOC and runs on 
Android 9.0. ...",https://www.linkedin.com/company/free-stream-media-corp-/,,success
,EDGE Sound Research,https://www.edgesoundresearch.com/,,Unknown,"EDGE Sound Research is the leading multimodal audio research organization building an intelligent audio infrastructure isolating sound objects in real time—enabling personalized, immersive, and embodi...",ip_camera,174.77,"A. AI on Edge for Real-Time Insights 
• High-performance edge devices, such as the Surveillance AI Camera and Edge 
AI Box powered by the Qualcomm QCS 6490 SOC (12 TOPS NPU), perform real-
time proces...",https://www.linkedin.com/company/edge-sound-research,,success
,SEVENPOINTONE,https://en.wikipedia.org/wiki/List_of_Indian_records_in_athletics,,,"We are developing solutions for aging society including AlzWIN, an FDA-registered AI dementia screener using 1-minute voice data. The AI solution uses semantic and lexical speech analysis for early, a...",ip_camera,174.92,"• Description: Key features include Fall Detection and Emergency Alert 
Response, Privacy-Preserving Video Clips, Real-time Vital Capture, Natural 
Language Understanding (NLU) Based Secondary Check, ...",,,no_website
,"Emnify, Inc.",https://www.emnify.com/,,Unknown,"emnify is the leading IoT connectivity partner to the innovators building our connected world. Founded in 2014 in Germany, emnify developed the industry’s first cloud-native, global connectivity – the...",ip_camera,175.02,"Tenant Access Control System and the Smart Gateway For Access 
Controller) act as the physical intelligence points. 
• These devices leverage various communication protocols, including Cellular, 
Ethe...",https://www.linkedin.com/company/emnify/,,success
,"Emnify, Inc.",https://www.emnify.com/,,Unknown,"emnify is the leading IoT connectivity partner to the innovators building our connected world. Founded in 2014 in Germany, emnify developed the industry’s first cloud-native, global connectivity – the...",ip_camera,175.02,"Tenant Access Control System and the Smart Gateway For Access 
Controller) act as the physical intelligence points. 
• These devices leverage various communication protocols, including Cellular, 
Ethe...",https://www.linkedin.com/company/emnify/,,success
,PayPal,https://www.paypal.com/tf/webapps/mpp/home?locale.x=en_US,,Unknown,"PayPal has remained at the forefront of the digital payment revolution for more than 20 years. By leveraging technology to make financial services and commerce more convenient, affordable and secure, ...",ip_camera,175.52,"rapidise.co
Billing/Subscription Management on Cloud 
Payment Gateway Options
● Stripe
● Apple Pay
● PayPal
● Authorize.Net
● Braintree
● 2Checkout
● Amazon Pay",,,success
,Efficient Computer,https://www.zhihu.com/question/30777853,,,"Efficient Computer builds the world’s most energy-efficient general-purpose processor, combining ultra-efficient hardware with intuitive, developer-friendly software. Our technology scales from “beyon...",ip_camera,175.99,"High Computational Capacity 
The processing foundation, such as the Qualcomm QCS 6490, is crucial because its 12 
TOPS NPU capability provides the enormous computational speed required to run 
demandi...",,,no_website
,Human Security for All (HS4A),https://humanornot.so/start-search,,, ,ip_camera,176.86,"rapidise.co
T elep An AI Model Library – Security & Surveillance – Safety Application 
Leakage
Detection
Tailgating
Warning
Facial Recognition 
System
Sign Language 
Detection
Word
Spotting
Gesture
Co...",,,success
AiDot Inc.,AiDot Inc.,https://aidotapp.com/,https://www.linkedin.com/company/aidot-smart-home,Unknown,"AiDot improves quality of life through technological development, and delivers tomorrow's smart home today. AiDot utilizes smart home technology to address the real needs of today’s busy world and del...",ip_camera,176.87,"Software Development Life Cycle
SmarTouch – Premium Smart Switch
● System Architecture
● Embedded Hardware Development
● Embedded Firmware Development
● Cloud Architecture
● Mobile App(Android and iOS...",,,success
,CheckIn-Alarm.com,https://www.alarm.com/login.aspx,,Unknown,"Specialists in AI & IoT, Checkin-Alarm.com by Artifeel develops security products adaptable to any environment. Our Check'In range is an all-in-one alarm and monitoring system, uniquely featuring bu...",ip_camera,177.09,"2. Embedded Security and Protection 
Differentiation is achieved by incorporating dedicated security components and 
rigorous design practices. 
• SE050 Secure Element (Authentication IC): The Smart G...",https://www.linkedin.com/company/alarm-com,United States,success
ACCESS BRAIN,ACCESS BRAIN,https://www.zhihu.com/question/329637605,Not found on website,,AI solutions to assist salespeople and managers during their interviews. The user knows what to say and what posture to hold in order to create a feeling of proximity to the customer or employee. Allo...,ip_camera,177.09,"competencies include: 
• Computer Vision 
• Edge Computing & AI 
• Algorithm Development 
• Natural Language Processing (NLP) 
• Specific Detection: Object Detection and Face Detection. 
• Advanced Ap...",,,no_website
,"Mobilint, Inc.",https://tracxn.com/d/companies/mobilint/__hckUK_xFTYfAksk2tp5tlscOVyP7GJmefjCAWzTeZ_U,,,"Mobilint brings AI closer to everyday life with power-efficient, high-performance AI chip solutions. Its flagship NPUs, ARIES and REGULUS, are advanced AI chips capable of handling heavy-duty deep le...",ip_camera,177.16,"(NPU) capable of 12 TOPS (Trillions of Operations Per Second). This 
extreme processing power enables sophisticated AI on Edge for 
immediate analysis of video data, supporting applications like Intru...",,,no_website
,"Synopsys, Inc.",https://www.synopsys.com/,,Unknown,Synopsys delivers leading silicon to systems design solutions that maximize our customers’ R&D capability and productivity. Companies trust Synopsys to pioneer new technologies getting them to market ...,ip_camera,177.5,"(NPU) capable of 12 TOPS (Trillions of Operations Per Second). This 
extreme processing power enables sophisticated AI on Edge for 
immediate analysis of video data, supporting applications like Intru...",https://www.linkedin.com/company/synopsys,,success
,PERCIVAI,https://khiladi11.net/,,,"Expensive sensors like LiDAR drive up costs for automated vehicles and robots. At Perciv AI, we cut these expenses by replacing LiDAR with our AI-driven perception, which uses radars or radar-camera f...",ip_camera,178.14,"• Vehicle Identification & Tracking: License Plate Recognition, Vehicle in out 
counting, and Vehicle Classification. 
• Violation Detection: Overspeed Detection, No helmet Detection, Red Light 
Viola...",,,no_website
,Wyebot,https://wyebot.com/,,Unknown,"Wyebot is the leader in AI-Driven WiFi automation, leveraging AI technology to end the time-consuming, manual process of network optimization; restoring time, money, and energy to IT teams and their c...",ip_camera,178.35,"allows for flexible deployment, high-bandwidth video streaming back to the cloud, and 
reliable data uplink using the MQTT protocol. The ability to support FOTA (Firmware 
Over the Air) updates via th...",https://www.linkedin.com/company/wyebot-inc/,,success
,Tunoptix,https://www.tunoptix.com/,,Unknown,"Tunoptix is pioneering next-generation imaging through wafer-scale meta-optics that bring spectral intelligence to mobile and edge devices. Our technology enables high-performance narrowband, broadban...",in_cabin,113.77,"rapidise.co
Imaging Algorithm Enabling & Image Quality Tuning
Teksun leverages it expertise in advanced image processing an tuning 
technologies. Our solutions include advanced features like image enh...",,,success
,HERE North America LLC,https://www.here.com/,,Unknown,"HERE has been a pioneer in mapping and location technology for 40 years. Today, HERE’s location platform is recognized as the most complete in the industry, powering location-based products, services ...",in_cabin,115.58,"Up Display. The system operates on 
Android 10 or greater and aims to 
enhance vehicle control, monitoring, 
and data visualization. 
The project involved 
progressing from Design 
Version 1.0 (PCB Sc...",https://www.linkedin.com/company/here/mycompany/verification/,,success
,ECARX Limited,https://www.ecarxgroup.com/,,Unknown,"ECARX is a smart mobility technology provider supplying full stack, vertically integrated technology solutions for intelligent cockpit and ADAS solutions to automakers as a Tier 1 supplier. We are inn...",in_cabin,120.29,"• Deployment: These solutions involve developing AI Models on the Edge and 
Cloud and utilizing vehicle network interfacing and sensor data conditioning. 
F. Electronic Control Units (ECUs) 
ECU devel...",https://www.linkedin.com/company/ecarx/,,success
,"Yazaki Innovations, Inc.",https://www.yazaki-na.com/company/driving-innovation,,Unknown,"Yazaki Innovations is a subsidiary of Yazaki Corp, a private Japanese business with operations in 45 countries and 240,000 employees. We combine the best attributes and strengths of Yazaki’s global pr...",in_cabin,122.25,"Rapidise serves as a complete Offshore Development Center (ODC) in the automotive 
sector, offering an exclusively engineered team with niche expertise in technology-driven 
automotive solutions. Thei...",https://www.linkedin.com/company/yazaki-north-america,,success
,Cerence AI,,,,"Cerence AI creates intuitive, seamless, AI-powered user experiences for the world’s leading automakers, two-wheeler OEMs, and trucking companies.",in_cabin,128.79,"2. Edge-AI Engineering and Innovation 
Rapidise specializes in IoT and AI-driven product design and development, offering 
solutions that leverage advanced algorithms for real-time in-vehicle processi...",,,no_website
,emotion3D,https://emotion3d.ai/,,Unknown,emotion3D offers camera-based Driver & Occupant Monitoring Solutions analysing humans & objects in automotive in-cabin environments. The highly customisable and flexible DMS/OMS solutions go beyond re...,in_cabin,132.11,"Area of 
Expertise Deliverables & Technical Details Measurable Impact & 
Outcome 
Product Scope 
Aims to enhance vehicle safety in 
Japan by developing an advanced 
emergency call system. 
The system ...",,,success
,emotion3D,https://emotion3d.ai/,,Unknown,emotion3D offers camera-based Driver & Occupant Monitoring Solutions analysing humans & objects in automotive in-cabin environments. The highly customisable and flexible DMS/OMS solutions go beyond re...,in_cabin,132.11,"Area of 
Expertise Deliverables & Technical Details Measurable Impact & 
Outcome 
Product Scope 
Aims to enhance vehicle safety in 
Japan by developing an advanced 
emergency call system. 
The system ...",,,success
,"ENEOS Holdings, Inc.",https://www.eneos.us/,,Unknown,"While fulfilling our responsibility of providing a stable supply of energy and materials both today and in the future, we will realize a carbon-neutral society through energy transition. This is also ...",in_cabin,132.86,"Rapidise serves as a complete Offshore Development Center (ODC) in the automotive 
sector, offering an exclusively engineered team with niche expertise in technology-driven 
automotive solutions. Thei...",,20 n. martingale road,success
,ECOVACS Robotics Inc.,https://www.ecovacs.com/global,,Unknown,"ECOVACS ROBOTICS advances robotic technologies to serve the world and create a holistic ecosystem between human and robotics in lifestyle and production. Over the last 25 years, ECOVACS transformed fr...",in_cabin,136.95,"Rapidise’s automotive segment is structured around key product families and 
technology pillars that align directly with the shift toward software-defined and 
centralized vehicle architectures, integ...",https://www.linkedin.com/company/ecovacs-robotics-inc-/,USA,success
,ECOVACS Robotics Inc.,https://www.ecovacs.com/global,,Unknown,"ECOVACS ROBOTICS advances robotic technologies to serve the world and create a holistic ecosystem between human and robotics in lifestyle and production. Over the last 25 years, ECOVACS transformed fr...",in_cabin,136.95,"Rapidise’s automotive segment is structured around key product families and 
technology pillars that align directly with the shift toward software-defined and 
centralized vehicle architectures, integ...",https://www.linkedin.com/company/ecovacs-robotics-inc-/,USA,success
,Cyberette,https://cyberette.ai/,,Unknown,"Real-Time Detection of Deepfakes in Images, Videos and Audio with over 99.7% Accuracy, delivered by highly Customizable & Scalable AI-Powered Solutions that integrate seamlessly into any workflow. Hel...",in_cabin,137.12,"accident response capability. 
This project highlights 
Rapidise’s global reach, 
supporting customers in regions 
including Japan. 
3. Edge AI Development: 2.5D Face Recognition (DMS/Digital Key) 
Ca...",https://www.linkedin.com/company/cyberette/,,success
,"Kneron, Inc.",https://www.kneron.com/,,Unknown,"Based in San Diego. Dedicate to the development of integrated edge AI hardware and software solutions for vehicle, security, and broader AIoT use cases. To empower the proliferation of accessible, low...",in_cabin,137.54,"accident response capability. 
This project highlights 
Rapidise’s global reach, 
supporting customers in regions 
including Japan. 
3. Edge AI Development: 2.5D Face Recognition (DMS/Digital Key) 
Ca...",https://www.linkedin.com/company/18611732/,,success
,KDDI Spherience,https://spherience.io/,,Unknown,"KDDI Spherience is part of KDDI Corporation, a Global Fortune 500 & Top 10 Telecom Carrier with 100+ offices around the world. We are connecting several of the world's largest brands in Industrial IoT...",in_cabin,137.78,"Light Sensor) into the HMI for 
monitoring and data 
visualization. The solution 
supports key connectivity 
features: Live GNSS, 4G LTE, 
USB, Wi-Fi/BLE, and Gigabit 
Ethernet. 
HMI/UX 
Focused on cr...",https://www.linkedin.com/company/kddi-spherience,,success
,"Samsung Electronics, Inc.",https://www.samsung.com/us/?msockid=039d4430253361983fb2529d24fe60fa,,Unknown,"Samsung Electronics Co., Ltd. inspires the world and shapes the future with transformative ideas and technologies. The company is redefining the worlds of TVs, digital signage, smartphones, wearables,...",in_cabin,139.55,"Rapidise's Rear Seat Entertainment solutions offer an enhanced in-car experience for passengers. Our design and development 
services integrate displays, touch screens, and infotainment systems, utili...",,used during reserve period. reservation gift is a one-time use e-certificate; when first used,success
,ETAS,https://www.etas.com/ww/en/,,Unknown,"ETAS provides vehicle basic software, middleware, development tools, cloud-based operations services, cybersecurity solutions, and end-to-end engineering and consulting services for the realization of...",in_cabin,140.32,"• Deployment: These solutions involve developing AI Models on the Edge and 
Cloud and utilizing vehicle network interfacing and sensor data conditioning. 
F. Electronic Control Units (ECUs) 
ECU devel...",https://www.linkedin.com/company/etas/,the transformation of the automotive industry together with manufacturers and suppliers in an innovative and conscientious manner. we,success
,ETAS,https://www.etas.com/ww/en/,,Unknown,"ETAS provides vehicle basic software, middleware, development tools, cloud-based operations services, cybersecurity solutions, and end-to-end engineering and consulting services for the realization of...",in_cabin,140.32,"• Deployment: These solutions involve developing AI Models on the Edge and 
Cloud and utilizing vehicle network interfacing and sensor data conditioning. 
F. Electronic Control Units (ECUs) 
ECU devel...",https://www.linkedin.com/company/etas/,the transformation of the automotive industry together with manufacturers and suppliers in an innovative and conscientious manner. we,success
aiMotive,aiMotive,,https://www.linkedin.com/company/aimotive,,"aiMotive is an automated driving company with a robust, reliable, automotive-grade tooling and embedded solutions product portfolio.",in_cabin,146.77,"2. Edge-AI Engineering and Innovation 
Rapidise specializes in IoT and AI-driven product design and development, offering 
solutions that leverage advanced algorithms for real-time in-vehicle processi...",,,no_website
,Sonatus,https://www.sonatus.com/use-cases/,,Unknown,"Sonatus is driving the evolution toward AI-driven, software-defined vehicles that are intelligent, adaptive, and continuously optimized. We enable automakers to harness vehicle data, derive insights, ...",in_cabin,147.6,"Rapidise's Vehicle Telemetry solutions provide comprehensive fleet management. 
• Core Functions: Real-time Location Tracking, Fuel Consumption Monitoring, 
Over-The-Air (OTA) Updates, Parking Managem...",https://www.linkedin.com/company/sonatus/,the urgent need for improved driver safety and working conditions.,success
,Aptiv,https://www.aptiv.com/,,Unknown,"At CES 2026, Aptiv will showcase solutions that bring intelligent, connected applications into the physical world — from ruggedized sensors and compute to high-performance software for autonomy, per...",in_cabin,147.63,"(Note: The sources provided do not mention the use of Ambarella SoCs in Rapidise’s 
automotive solutions.) 
2. Sensor and Integration Expertise 
Rapidise focuses on integrating sophisticated sensors, ...",https://www.linkedin.com/company/aptiv,,success
,Eyebot,https://www.eyebot.co/,,Unknown,"Eyebot has developed the world’s fastest vision testing solution. Our kiosks deliver doctor-verified eyeglass prescriptions in minutes through advanced hardware and software—making accurate, accessibl...",in_cabin,147.77,"model’s Accuracy details 
reached 96.2%. 
Security & 
Sensing 
Combines a Camera and Time-of-Flight 
sensor to capture depth information 
alongside 2D imagery. This distinction is 
vital for robust pr...",,,success
,Ottawa Infotainment Inc.,https://ottawainfotainment.com/,,Unknown,"Automotive Infotainment Innovation From 1-off Concept Cars to Production Infotainment Solutions, our innovations have been featured in a number of autoshows and cars on the road today. Our expertise...",in_cabin,148.04,"Area of 
Expertise Deliverables & Technical Details Measurable Impact & 
Outcome 
Product Scope 
Aims to enhance vehicle safety in 
Japan by developing an advanced 
emergency call system. 
The system ...",https://www.linkedin.com/company/90665077/,2880 sheffield rd,success
,Inmobi Inc.,https://www.inmobi.com/,,, ,in_cabin,148.13,"Entertainment. 
• Custom IP/Platforms (RSP Platforms): Rapidise develops its own IP products, 
such as the Tejas Android Infotainment System (based on Qualcomm 
625/Quectel SC600T, running Android 9.0...",,,success
,"Voyant Photonics, Inc.",https://voyantphotonics.com/,,Unknown,"Voyant designs and manufacturers high-performance FMCW LIDAR imaging systems based on silicon photonics for the lowest size, power, and cost. Our products address both automotive and industrial robot...",in_cabin,148.18,"(Note: The sources provided do not mention the use of Ambarella SoCs in Rapidise’s 
automotive solutions.) 
2. Sensor and Integration Expertise 
Rapidise focuses on integrating sophisticated sensors, ...",https://www.linkedin.com/company/voyantphotonics/,,success
,IOSiX,https://www2.iosix.com/,,Unknown,"IOSiX has been pushing the bounds of what is possible since 2005. Look no further to see the future of fleet telematics from GPS trackers to heavy duty truck data loggers, IOSiX understands what's im...",in_cabin,148.19,"Dual Display IVI System for Truck OEM (Design to Production)
Tech Stack: (CAN Data Acquisition Module)
● OS : Android 10
● Linux Kernel : 5.4
● Language: C
● Android 10
● Quectel’s Android RIL Driver ...",,USA,success
,Polymatech,https://www.polymatech.us/about/,,Singapore,"Polymatech Electronics proudly stands as India’s first semiconductor chip manufacturer. With a relentless focus on innovation, precision, and quality, we bring advanced Japanese semiconductor technolo...",in_cabin,148.8,"• Quality Manufacturing Environment: The SMT Area and Camera Module 
Assembly Area are both Rated Class 100,000 Clean Room, crucial for high-
precision electronics manufacturing. 
• Advanced Equipment...",,417-a salinas road watsonville,success
,PONTOSENSE,https://www.pontosense.com/,,Unknown,"Pontosense develops privacy-first, contactless sensing technology that enhances lives and protects the vulnerable. By combining wireless engineering with AI, Pontosense transforms everyday spaces into...",in_cabin,149.55,"rapidise.co
Rapidise DMS - Driver Health Monitoring
Telep DMS with Driver Health Monitoring acts as your health-conscious companion on the road. In real-time, it monitors 
vital signs like blood oxyge...",https://www.linkedin.com/company/pontosense/,,success
,MCY Technology Limited,,,,"Over 3, 000 square meters factory, employing over 100 staff, including 20+ engineers with over 20 years experience in automobile industry, along with the latest manufacturing&testing equipment, MCY ha...",in_cabin,149.67,"• Engineering Team: The operations are supported by an End-to-End Automotive 
Product Development team of more than 300 engineers and a manufacturing 
and engineering team totaling 500+. 
• Geographic...",,,no_website
,Realfiction Lab ApS,https://www.realfiction.com/,,, ,in_cabin,150.44,"• Safety Monitoring: Driver Fatigue (Eye Blink/Yawn Detection, Accuracy 93%), 
Mobile Phone Usage Detection (Accuracy 95%), and Seat Belt On Detection 
(Accuracy 97%). 
• Health and Occupancy: Monitor...",https://www.linkedin.com/company/realfiction,Denmark,success
,Imagry Inc.,https://imagry.co/,,Unknown,"Introducing Generative Autonomy: real-time intelligence that drives machines in the physical world. Our platform, Imagry Cortex™, delivers vision-based autonomy without HD maps, LiDAR, or the cloud. U...",in_cabin,151.56,"consists of ready-to-use computer vision AI algorithms designed to be hardware 
agnostic. 
Key ADAS offerings include: 
• Warning Systems: Forward-Collision Warning (detecting cars, trucks, buses, 
mo...",https://www.linkedin.com/company/imagry/,,success
,FocusDrive,https://support.microsoft.com/en-us/windows/file-explorer-in-windows-ef370130-1cca-9dc5-e0df-2f7416fe1cb1,,,"FocusDrive develops an AI-powered in-car camera system that detects driver distraction in real time, providing instant alerts to prevent accidents. Our mission is to enhance road safety with affordabl...",in_cabin,152.86,"consists of ready-to-use computer vision AI algorithms designed to be hardware 
agnostic. 
Key ADAS offerings include: 
• Warning Systems: Forward-Collision Warning (detecting cars, trucks, buses, 
mo...",,,no_website
,OPmobility,https://www.opmobility.com/wp-content/uploads/documents/opmobility-vibes-202505-en/7/,,Unknown,"OPmobility, a world leading partner for all mobility players with innovative tech for more sustainable & connected mobility. €11.4b sales/152 plants/40 R&D centers/40,300 emp. Our mission: Driving a N...",in_cabin,154.54,"Rapidise's Digital Mobility solutions provide passengers with a connected and seamless experience across different modes of 
transportation. Our comprehensive design and development services integrate...",,,success
,RoverSense Technologies,https://www.roversensetech.com/,,Unknown,"RoverSense Technologies aims to revolutionize electronics for the Recreational Vehicle industry through its diverse products offerings. RoverSense has developed AI-powered liquid level sensors, highly...",in_cabin,155.07,"(Note: The sources provided do not mention the use of Ambarella SoCs in Rapidise’s 
automotive solutions.) 
2. Sensor and Integration Expertise 
Rapidise focuses on integrating sophisticated sensors, ...",,,success
,Virinco Americas Inc.,https://virinco.com/,,Unknown,"Collect and visualize all your test and repair data in one place. WATS gives OEMs, CMs, and EMS real-time insight into yield issues, failures, and test gaps, across all sites. Scalable, fast to deploy...",in_cabin,156.07,"• Reliability Testing: The Product Reliability Test Lab is equipped for extreme 
testing, including HALT/HAST tests, Electromagnetic Testing (EMI & EMC), ESD 
control, Thermal, Humidity, Insulation, E...",https://www.linkedin.com/company/241586/,grønland 1,success
,Helbling Technik,https://helbling.ch/en/about-us/business-units/technik,,Unknown,"The Helbling Group is a leader in technological innovation, engineering and business consulting and supports its international clients from various industries in all phases of product development and ...",in_cabin,157.31,"Rapidise serves as a complete Offshore Development Center (ODC) in the automotive 
sector, offering an exclusively engineered team with niche expertise in technology-driven 
automotive solutions. Thei...",https://www.linkedin.com/company/helbling/,,success
,LITBIG INC.,https://maps.google.co.jp/,,,"LITBIG Inc. is a leading innovator in advanced embedded systems for automotive safety and entertainment. Specializing in AI and camera vision technologies, we develop Vision ADAS solutions for enhan...",in_cabin,159.11,"consists of ready-to-use computer vision AI algorithms designed to be hardware 
agnostic. 
Key ADAS offerings include: 
• Warning Systems: Forward-Collision Warning (detecting cars, trucks, buses, 
mo...",,,no_website
,SoftAtHome,https://www.softathome.com/,,Unknown,"SoftAtHome is an independent software provider with solutions on broadband, Wi-Fi, analytics, QoE monitoring, and a gateway app store. Our solutions power over 30 million connected homes globally. Wit...",in_cabin,159.69,"Area of 
Expertise Deliverables & Technical Details Measurable Impact & 
Outcome 
Product Scope 
Aims to enhance vehicle safety in 
Japan by developing an advanced 
emergency call system. 
The system ...",https://www.linkedin.com/company/softathome/,9 rue du débarcadère 92700 colombes – france more sites    sales and general enquiries: tel. +33 1 57 66 88 88 email: contact@softathome.com   linkedintwitter (deprecated)youtube privacy policy | terms of use        copyright softathome 2025 - all rights reserved     back to top    search  search        search                  required 'candidate' login to applying this job.  click here to logout  and try again              login to your account       enter email address:     password:           forgot password?     save password            reset password       enter email address:         already have an account? login     enter the username or e-mail you used in your profile. a password reset link will be sent to you by email.          close                                        answers               account activation      before you can login,success
,VCarSystem Technology USA Corp,http://www.vcarsystem.com/aboutUs,,Unknown,"VCARSYSTEM is dedicated to the development of embedded system R&D testing toolchains, serving industries such as automotive, education, rail transportation, and aerospace.",in_cabin,159.72,"• Deployment: These solutions involve developing AI Models on the Edge and 
Cloud and utilizing vehicle network interfacing and sensor data conditioning. 
F. Electronic Control Units (ECUs) 
ECU devel...",,,"error: Page.goto: Timeout 15000ms exceeded.
Call log:
  - navigating to ""http://www.vcarsystem.com/aboutUs"""
,XEO,,,,"XEO is at the forefront of technological innovation, committed to elevating lifestyles and redefining the boundaries of entertainment.",in_cabin,159.85,"Entertainment. 
• Custom IP/Platforms (RSP Platforms): Rapidise develops its own IP products, 
such as the Tejas Android Infotainment System (based on Qualcomm 
625/Quectel SC600T, running Android 9.0...",,,no_website
,SCS Inc.,,,,"With our expertise in advanced Artificial Intelligence algorithms, we provide the best solutions to our client's thermal management problems.",in_cabin,160.0,"• Sensor Data Conditioning
• AI Models Development
• AI On Edge and Cloud
• Cloud Interface for Vendors
• Alerts On The IVI
• Remoneddation On The IV
Technology We Use 
Use Cases Services
rapidise.co
...",,,no_website
,KAON Group,https://kaon.com/,,Unknown,"KAON is a global leader in delivering AI solutions, OTT, network devices and integration solutions to customers worldwide. KAON is committed to becoming a global platform leader by leveraging its in...",in_cabin,160.22,"Entertainment. 
• Custom IP/Platforms (RSP Platforms): Rapidise develops its own IP products, 
such as the Tejas Android Infotainment System (based on Qualcomm 
625/Quectel SC600T, running Android 9.0...",https://www.linkedin.com/company/kaon-interactive,Netherlands,success
,TransAI,https://www.transai.com/en,,Unknown,"TransAI serves over 3 million users worldwide with AI-powered hardware and applications that enhance global communication. From calls to meetings, our products deliver real-time, context-aware transla...",in_cabin,160.65,"Rapidise serves as a complete Offshore Development Center (ODC) in the automotive 
sector, offering an exclusively engineered team with niche expertise in technology-driven 
automotive solutions. Thei...",https://www.linkedin.com/company/transai/,,success
,Cambridge Consultants,https://www.cambridgeconsultants.com/,,Unknown,"Cambridge Consultants (CC) is the deep tech powerhouse of Capgemini. We deliver transformative business value and growth for our clients, who gain defendable commercial and operational advantage from ...",in_cabin,160.67,"accident response capability. 
This project highlights 
Rapidise’s global reach, 
supporting customers in regions 
including Japan. 
3. Edge AI Development: 2.5D Face Recognition (DMS/Digital Key) 
Ca...",https://www.linkedin.com/company/9165/,,success
,Jellop,https://jellop.com/,,Unknown,"Jellop is the world’s leading digital marketing partner for crowdfunding. Since 2015 we have helped creators raise $1.3B in over 6,000 crowdfunding campaigns. This year Jellop hosts over 50 technology...",in_cabin,161.29,"accident response capability. 
This project highlights 
Rapidise’s global reach, 
supporting customers in regions 
including Japan. 
3. Edge AI Development: 2.5D Face Recognition (DMS/Digital Key) 
Ca...",,,success
,Basemark,https://web.basemark.com/,,Unknown,"We make driving safer with AI-based Augmented Reality software. Basemark is a forerunning provider of software & tooling solutions for advanced automotive AR application development. Our solution, ...",in_cabin,161.47,"• Safety Monitoring: Driver Fatigue (Eye Blink/Yawn Detection, Accuracy 93%), 
Mobile Phone Usage Detection (Accuracy 95%), and Seat Belt On Detection 
(Accuracy 97%). 
• Health and Occupancy: Monitor...",https://www.linkedin.com/company/basemarkltd,,success
,Jabil Automotive & Transportation,https://www.jabil.com/industries/automotive-and-transportation.html,,Unknown,"Jabil is a world-class automotive technology manufacturer, enabling customers to deliver tomorrow's mobility technology. Working with Jabil, customers can accelerate design to market, manage supply ch...",in_cabin,162.01,"• Mold & Enclosure Manufacturing. 
• Green Manufacturing and Component Supply Chain Management. Rapidise 
holds key automotive industry certifications, notably IATF 16949, along with ISO 
9001 and ISO...",https://www.linkedin.com/company/jabil,,success
,The DiSTI Corporation,https://www.disti.com/,,Unknown,The world’s leading automotive manufacturers and OEMS rely on DiSTI to future-proof their User Interfaces and improve their training through DiSTI’s virtual solutions. DiSTI products are currently pow...,in_cabin,162.28,"Area of 
Expertise Deliverables & Technical Details Measurable Impact & 
Outcome 
Product Scope 
Aims to enhance vehicle safety in 
Japan by developing an advanced 
emergency call system. 
The system ...",https://www.linkedin.com/company/the-disti-corporation/,,success
,Digiforming,https://digiforming.io/,,Unknown,"Digiforming revolutionizes sheet metal forming with AI-powered manufacturing intelligence. Our solution predicts and prevents stamping defects before they occur, protects tools, and automates quality ...",in_cabin,162.47,"• Mold & Enclosure Manufacturing. 
• Green Manufacturing and Component Supply Chain Management. Rapidise 
holds key automotive industry certifications, notably IATF 16949, along with ISO 
9001 and ISO...",,,success
,Devamapp Mobility,https://devamapp.tech/,,Unknown,"Devamapp is a smart mobility platform that brings together electric vehicle users, charging stations, and micromobility services in one app. It enables users to find, plan, and pay for charging, parki...",in_cabin,162.49,"Entertainment. 
• Custom IP/Platforms (RSP Platforms): Rapidise develops its own IP products, 
such as the Tejas Android Infotainment System (based on Qualcomm 
625/Quectel SC600T, running Android 9.0...",https://www.linkedin.com/company/devamapp/,,success
,Business France Automotive,https://www.businessfrance.fr/en,,Unknown,"Welcome to the French Pavilion ! Discover the companies of the French delegation : AIRNITY, ARCURE, C-INERTIA, DEEPHAWK, GULPLUG, LYNRED, MITHIEUX, MVG, REGOM,SECURE IC and SYSGO. For more informati...",in_cabin,162.68,"Rapidise serves as a complete Offshore Development Center (ODC) in the automotive 
sector, offering an exclusively engineered team with niche expertise in technology-driven 
automotive solutions. Thei...",https://www.linkedin.com/company/business-france,France,success
,Kyoden,https://www.kyoden.co.jp/en/,,Unknown,"Kyoden delivers a complete in-house one stop solution as a comprehensive PCB manufacturer. We handle every stage from design, procurement, production, mounting and assembly at our own facilities. From...",in_cabin,162.79,"• Quality Manufacturing Environment: The SMT Area and Camera Module 
Assembly Area are both Rated Class 100,000 Clean Room, crucial for high-
precision electronics manufacturing. 
• Advanced Equipment...",,482-1,success
,GetFocus,https://www.getfocus.eu/about-us,,Unknown,"The technological future is more predictable than you think. GetFocus harnesses AI and patent data to spot disruptive technologies early, so you can stay ahead of the curve. Trusted by the US Navy, Ca...",in_cabin,162.98,"2. Edge-AI Engineering and Innovation 
Rapidise specializes in IoT and AI-driven product design and development, offering 
solutions that leverage advanced algorithms for real-time in-vehicle processi...",https://nl.linkedin.com/company/getfocus-bv,,success
,Sheba Microsystems Inc.,https://shebamicrosystems.com/,,Unknown,"Sheba is a manufacturer of Silicon micro electrostatic actuators to achieve autofocus and optical image stabilization in digital cameras with a special focus on cameras used in automotive, AR/VR/AI gl...",in_cabin,164.87,"(Note: The sources provided do not mention the use of Ambarella SoCs in Rapidise’s 
automotive solutions.) 
2. Sensor and Integration Expertise 
Rapidise focuses on integrating sophisticated sensors, ...",,,success
,P3 labs inc,https://p3labs.ai/,,Unknown,"P3 Labs AI creates interactive, emotionally intelligent digital human avatars that bring storytelling, education, and brand experiences to life. Using advanced AI, real-time 3D animation, and holograp...",in_cabin,166.63,"accident response capability. 
This project highlights 
Rapidise’s global reach, 
supporting customers in regions 
including Japan. 
3. Edge AI Development: 2.5D Face Recognition (DMS/Digital Key) 
Ca...",,,success
,NXP Semiconductors,https://bbs.elecfans.com/jishu_2483994_1_1.html,,,"NXP Semiconductors is the trusted partner for innovative solutions in the automotive, industrial & IoT, mobile, and communications infrastructure markets. NXP's \""Brighter Together\"" approach combines...",in_cabin,166.71,"Avnet, Future, WPG). 
• Purchasing Power: The Annual Purchase Power is substantial, covering 30+ 
procurement categories (Electronics, Mechanical, Wires, Plastics, etc.). 
• Strategic Partnerships: Ra...",,,no_website
,ams OSRAM,https://www.osram.us/cb/,,Unknown,"The ams OSRAM Group is a global leader in intelligent sensors and emitters. By adding intelligence to light and passion to innovation, we enrich people’s lives. Our invited guests will “Sense the Powe...",in_cabin,166.82,"Rapidise serves as a complete Offshore Development Center (ODC) in the automotive 
sector, offering an exclusively engineered team with niche expertise in technology-driven 
automotive solutions. Thei...",,,success
,LIPS Corporation,https://faq.canon.jp/app/answers/detail/a_id/46076/~/【レーザービームプリンター】lips4、lips-lx、capt、carps2の違い,,,"LIPS focuses on innovation and trust, establishing itself as a leader in advanced 3D sensing and Edge-AI integration. It offers comprehensive Spatial Intelligence Machine Vision solutions to drive ind...",in_cabin,167.03,"accident response capability. 
This project highlights 
Rapidise’s global reach, 
supporting customers in regions 
including Japan. 
3. Edge AI Development: 2.5D Face Recognition (DMS/Digital Key) 
Ca...",,,no_website
,"JDI Display America, Inc.",https://www.j-display.com/en/,,Unknown,"JDI specializes in display devices and related products. Our services cover planning, design, maintenance, rental, leasing for electrical equipment, electronic devices, software. We also offer informa...",in_cabin,167.13,"Light Sensor) into the HMI for 
monitoring and data 
visualization. The solution 
supports key connectivity 
features: Live GNSS, 4G LTE, 
USB, Wi-Fi/BLE, and Gigabit 
Ethernet. 
HMI/UX 
Focused on cr...",https://jp.linkedin.com/company/japan-display-inc-,ebina r&d center,success
,ANELLO Photonics,https://www.anellophotonics.com/,,Unknown,"ANELLO Photonics is creating navigation solutions for autonomy in GPS-Denied environments. ANELLO's Silicon Photonics Optical Gyroscope (SiPhOG) is a low-noise, low-drift optical gyroscope used for In...",in_cabin,168.12,"(Note: The sources provided do not mention the use of Ambarella SoCs in Rapidise’s 
automotive solutions.) 
2. Sensor and Integration Expertise 
Rapidise focuses on integrating sophisticated sensors, ...",https://www.linkedin.com/company/anello-photonics,submit,success
,Sasken Technologies Ltd,https://www.sasken.com/,,Unknown,"At Sasken, we believe that the true potential of IoT is unlocked with purpose-built silicon tailored for specific industry verticals. Our custom silicon solutions have demonstrated their ability to re...",in_cabin,168.22,"2. Edge-AI Engineering and Innovation 
Rapidise specializes in IoT and AI-driven product design and development, offering 
solutions that leverage advanced algorithms for real-time in-vehicle processi...",https://in.linkedin.com/company/sasken,sasken technologies ltd 139/25,success
,Miovision Technologies Incorporated,,,,"Miovision V2X revolutionizes the way vehicles interact with traffic networks, delivering seamless mobility & enhanced safety with VRU Alert. Our cloud-based solutions, industry standard products & com...",in_cabin,168.83,"(Note: The sources provided do not mention the use of Ambarella SoCs in Rapidise’s 
automotive solutions.) 
2. Sensor and Integration Expertise 
Rapidise focuses on integrating sophisticated sensors, ...",,,no_website
,Phoenix AI S.A.,https://www.phoenix-ai.com/contact,,Unknown,Edge on-device AI with Intelligent Video Analytics End-to-end solution (HW+SW) for integrators and partners. Fleet Management System of our edge devices with 100% of services We're active in the Sm...,in_cabin,170.59,"• Framework: The Vehicle Edge AI Framework enables modular development for 
these solutions, incorporating advanced AI algorithms for edge computing for 
faster processing and optimized performance. 
...",http://linkedin.com/company/phoenix-ai,,success
,MantiSpectra BV,https://mantispectra.com/,,Unknown,"MantiSpectra manufactures ChipSense™, a miniaturized, solid-state, near-infrared (NIR) multi-channel spectral sensing IC. ChipSense™ enables real-time, low-cost, contactless and non-destructive materi...",in_cabin,170.65,"(Note: The sources provided do not mention the use of Ambarella SoCs in Rapidise’s 
automotive solutions.) 
2. Sensor and Integration Expertise 
Rapidise focuses on integrating sophisticated sensors, ...",https://www.linkedin.com/company/mantispectra/,,success
,Haylo Tech Limited,https://www.haylo.com/,,Unknown,Haylo is an AI-powered wearable headband designed to support focus and retention for neurotypical and neurodivergent learners who struggle with traditional screen-based tools. Students interact with v...,in_cabin,170.7,"accident response capability. 
This project highlights 
Rapidise’s global reach, 
supporting customers in regions 
including Japan. 
3. Edge AI Development: 2.5D Face Recognition (DMS/Digital Key) 
Ca...",https://www.linkedin.com/company/hayloventures/,,success
,EdgeCortix,,,,"EdgeCortix deliver high performance, energy efficient, AI accelerators with a software-first approach for edge applications. The company's SAKURA-II AI accelerator provides the latest Generative AI so...",in_cabin,170.87,"designed to be hardware agnostic. 
• Frameworks: The AI models are developed using the TensorFlow training 
framework. For deployment, optimization tools include TensorFlow Lite 
(TensflowLite), NVIDI...",,,no_website
,EdgeCortix,https://www.swissinfo.ch/chi/afp/,,,"EdgeCortix deliver high performance, energy efficient, AI accelerators with a software-first approach for edge applications. The company's SAKURA-II AI accelerator provides the latest Generative AI so...",in_cabin,170.87,"designed to be hardware agnostic. 
• Frameworks: The AI models are developed using the TensorFlow training 
framework. For deployment, optimization tools include TensorFlow Lite 
(TensflowLite), NVIDI...",,,no_website
,Inova Semiconductors GmbH,https://inova-semiconductors.de/support.html,,Unknown,"Inova Semiconductors founded in Munich in 1999, Inova Semiconductors is a pioneer in the field of high-speed data transmission and ground-breaking lighting technologies for the mobility sector. Our co...",in_cabin,171.23,"Chambers, Salt Spray Chambers, Dust Chambers, and Water Spray 
Chambers. 
o Vehicle Testing: Specialized equipment includes a Vehicle Cold 
Chamber and a Chassis Dynamometer. 
o EMI/EMC Compliance: Te...",https://www.linkedin.com/company/inova-semiconductors-gmbh/,password,success
,"Next Core Technologies, Inc.",https://help.nextdoor.com/s/article/The-New-Nextdoor?language=en_US,,Unknown,"Tech startup established as a three-way joint venture in September 2022. Succeeded in press mass production of amorphous laminated cores for the first time in the world, revolutionizing power consump...",in_cabin,171.85,"Rapidise’s end-to-end automotive capability integrates design, electronics 
manufacturing, and edge-AI engineering through a vertically integrated, full-stack 
approach, allowing OEMs and Tier-1 suppl...",,,success
,Sheeva.AI,https://www.sheeva.ai/,,Unknown,Sheeva.AI has developed an in-car payments and commerce solution that introduces vehicle location-based services to monetize the driver experience. Sheeva's patented precise geolocation technology ...,in_cabin,172.38,"Area of 
Expertise Deliverables & Technical Details Measurable Impact & 
Outcome 
Product Scope 
Aims to enhance vehicle safety in 
Japan by developing an advanced 
emergency call system. 
The system ...",https://www.linkedin.com/company/sheevaai/,,success
,Neural Concept,https://www.neuralconcept.com/who-we-are,,Unknown,"Neural Concept revolutionizes product development by integrating AI into the design process. Our platform accelerates engineering work by 10x, cutting development times by up to 75% and enhancing prod...",in_cabin,172.59,"2. Edge-AI Engineering and Innovation 
Rapidise specializes in IoT and AI-driven product design and development, offering 
solutions that leverage advanced algorithms for real-time in-vehicle processi...",https://www.linkedin.com/company/neuralconcept/,,success
,Vox AI,,,,"NextGen & Easy-to-deploy voice-AI solution for Streamlining & Automating order-taking process of Quick Service Restaurants in 85+ languages, boosting Efficiency & Accuracy to enhance Customer Experien...",in_cabin,172.79,"accident response capability. 
This project highlights 
Rapidise’s global reach, 
supporting customers in regions 
including Japan. 
3. Edge AI Development: 2.5D Face Recognition (DMS/Digital Key) 
Ca...",,,no_website
,Visteon Corp.,,,,"Visteon is a global technology leader accelerating the software-defined transformation of mobility. With pioneering work in digital cockpit electronics, EV systems, and AI-driven innovation, Visteon l...",in_cabin,172.94,"Area of 
Expertise Deliverables & Technical Details Measurable Impact & 
Outcome 
Product Scope 
Aims to enhance vehicle safety in 
Japan by developing an advanced 
emergency call system. 
The system ...",,,no_website
,Muniq Design GmbH,https://maps.google.co.in/,,,"At MUNIQ GROUP, we don’t just design we create unique solutions and experiences that shape the future of mobility and beyond.",in_cabin,173.24,"Rapidise's Digital Mobility solutions provide passengers with a connected and seamless experience across different modes of 
transportation. Our comprehensive design and development services integrate...",,,no_website
AI Collaborator,AI Collaborator,https://www.aicollaborator.com/,https://www.linkedin.com/company/aicollaborator,Unknown,"AI Collaborator is the Pioneering Responsible AI Marketplace. We help enterprises overcome complexity, risks, and talent shortages to responsibly deploy AI. With a global ecosystem of vetted AI soluti...",in_cabin,173.32,"accident response capability. 
This project highlights 
Rapidise’s global reach, 
supporting customers in regions 
including Japan. 
3. Edge AI Development: 2.5D Face Recognition (DMS/Digital Key) 
Ca...",https://www.linkedin.com/company/aicollaborator/posts/,USA,success
,NOVELIC,https://www.novelic.com/,,Unknown,"NOVELIC is the home of automotive short-range radar - with our industry-leading in-cabin monitoring systems, and radar-based park assist solutions, we provide solutions for connected, safe, and softwa...",in_cabin,173.34,"(Note: The sources provided do not mention the use of Ambarella SoCs in Rapidise’s 
automotive solutions.) 
2. Sensor and Integration Expertise 
Rapidise focuses on integrating sophisticated sensors, ...",https://www.linkedin.com/company/novelic/,all the regulatory requirements for commercial vehicles in all markets.,success
,DRIVESAFE,https://mydrivesafe.com/,,Unknown,"DRIVESAFE is a line of personal breathalyzers, trusted by industry professionals for over 30 years. Each product has been designed, engineered and manufactured to easily accommodate your unique lifest...",in_cabin,173.69,"• Safety Monitoring: Driver Fatigue (Eye Blink/Yawn Detection, Accuracy 93%), 
Mobile Phone Usage Detection (Accuracy 95%), and Seat Belt On Detection 
(Accuracy 97%). 
• Health and Occupancy: Monitor...",,,success
,Femtosense,,,,Femtosense designs and builds AI accelerators for efficient edge inference. Femtosense's sparse AI technology delivers more efficient and lower cost real-time AI processing for valuable and affordable...,in_cabin,173.86,"designed to be hardware agnostic. 
• Frameworks: The AI models are developed using the TensorFlow training 
framework. For deployment, optimization tools include TensorFlow Lite 
(TensflowLite), NVIDI...",,,no_website
,Great Wall Motor Company Limited,,,,"GWM's key business covers the design, engineering, production, sales, and service of automotive vehicles and components. We also make strategic investments in the hydrogen and solar energy sectors. Me...",in_cabin,173.91,"Optimized Delivery Model for Automotive Innovation: Blended onshore-offshore operations ensure access to world-class talent and 
cutting-edge automotive technologies at competitive rates.
Advanced Man...",,,no_website
,Locofy Pte. Ptd.,https://www.locofy.ai/,,,Locofy.ai accelerates frontend development by converting web and mobile app designs into frontend code in 1-click using LocoAI. It leverages its proprietary foundational Large Design Models to help la...,in_cabin,174.19,"designed to be hardware agnostic. 
• Frameworks: The AI models are developed using the TensorFlow training 
framework. For deployment, optimization tools include TensorFlow Lite 
(TensflowLite), NVIDI...",,,no_website
Aeva,Aeva,https://www.aeva.com/,https://www.linkedin.com/company/aevainc,Unknown,Aeva (NYSE: AEVA) is a global technology company brining the next wave of perception to a broad range of applications from automated driving to industrial robotics and beyond. Aeva 4D LiDAR sensors un...,in_cabin,174.39,"(Note: The sources provided do not mention the use of Ambarella SoCs in Rapidise’s 
automotive solutions.) 
2. Sensor and Integration Expertise 
Rapidise focuses on integrating sophisticated sensors, ...",https://www.linkedin.com/company/aevainc,,success
,Sky-Tech AI,https://vegas.insuretechconnect.com/2025-life-health-benefits-supporter/sky-tech-ai,,Unknown,"Sky-Tech AI transforms complex insurance and medical data into structured, actionable intelligence. Our zero-shot AI platform instantly generates DocLists, summaries, insights, and customized reports,...",in_cabin,175.04,"2. Edge-AI Engineering and Innovation 
Rapidise specializes in IoT and AI-driven product design and development, offering 
solutions that leverage advanced algorithms for real-time in-vehicle processi...",https://www.linkedin.com/company/insuretech-connect/,,success
,Cinemo GmbH,https://www.cinemo.com/,,Unknown,"Cinemo is a global provider of innovative infotainment products that create seamless digital media experiences. Trusted by over 40 OEMs, its award-winning, fully integrated, system-agnostic solutions ...",in_cabin,175.81,"Entertainment. 
• Custom IP/Platforms (RSP Platforms): Rapidise develops its own IP products, 
such as the Tejas Android Infotainment System (based on Qualcomm 
625/Quectel SC600T, running Android 9.0...",,,success
,BizLink Technology Inc.,https://www.bizlinktech.com/,,Unknown,"As a leader in the art of interconnectivity, we use our expertise to offer our customers the resources and technology they need, to realize their vision, so that they can connect with their customers ...",in_cabin,176.1,"Chambers, Salt Spray Chambers, Dust Chambers, and Water Spray 
Chambers. 
o Vehicle Testing: Specialized equipment includes a Vehicle Cold 
Chamber and a Chassis Dynamometer. 
o EMI/EMC Compliance: Te...",https://www.linkedin.com/company/bizlink-technology-inc-/,,success
,"Great Star Industrial USA, LLC",https://www.weforum.org/stories/2025/08/great-barrier-reef-coral-decline-nature-climate-news/,,,"OLEI is a cutting-edge tech company specializing in location-aware solutions. We develop advanced sensors, LiDAR, opto-mechanical modules, and tools for mobile vehicles, urban spaces, BIM measurement,...",in_cabin,176.74,"Light Sensor) into the HMI for 
monitoring and data 
visualization. The solution 
supports key connectivity 
features: Live GNSS, 4G LTE, 
USB, Wi-Fi/BLE, and Gigabit 
Ethernet. 
HMI/UX 
Focused on cr...",,,no_website
,Indication Instruments Limited,https://forum.wordreference.com/threads/dici-à-indication-de-temps-durée-heure-date-etc-dici-à-2-ans-dici-le-au-15-août.1047315/,,,"Founded in 1976, continue to drive innovation in automotive electronics while upholding core values. We design and manufacture digital displays, instrument clusters, and sensors for trucks, buses, tra...",in_cabin,177.95,"Dual Display IVI System for Truck OEM (Design to Production)
Tech Stack: (CAN Data Acquisition Module)
● OS : Android 10
● Linux Kernel : 5.4
● Language: C
● Android 10
● Quectel’s Android RIL Driver ...",,,no_website
,Transense Technologies plc,https://www.transense.com/company/about,,Unknown,"Transense Technologies has two divisions that develop and supply world-leading sensor tech and measurement solutions: SAWsense offers wireless, SAW sensors for torque, temp, force, and pressure in dem...",in_cabin,177.97,"Area of 
Expertise Deliverables & Technical Details Measurable Impact & 
Outcome 
Product Scope 
Aims to enhance vehicle safety in 
Japan by developing an advanced 
emergency call system. 
The system ...",https://www.linkedin.com/company/transense-technologies-plc,,success
,National Waste and Recycling Association,https://www.nationalcar.com/en/home.html?msockid=2ebc6823cd7e661d08d57e8ecc006708,,, ,in_cabin,178.16,"Rapidise's Digital Mobility solutions provide passengers with a connected and seamless experience across different modes of 
transportation. Our comprehensive design and development services integrate...",,,success
,CSEM SA,https://www.csem.ch/en/,,Unknown,CSEM is a Swiss technology innovation center that develops and transfers advanced technologies with high societal impact to industry. It works with leading partners and academia in precision manufactu...,in_cabin,179.21,"Avnet, Future, WPG). 
• Purchasing Power: The Annual Purchase Power is substantial, covering 30+ 
procurement categories (Electronics, Mechanical, Wires, Plastics, etc.). 
• Strategic Partnerships: Ra...",https://www.linkedin.com/company/13128/,,success
,indie Semiconductor,,,,"indie is an automotive innovator, developing next generation semiconductors, photonics and software platforms to deliver best-in-class automated driver and safety systems and in-cabin experiences—enab...",in_cabin,179.36,"2. Edge-AI Engineering and Innovation 
Rapidise specializes in IoT and AI-driven product design and development, offering 
solutions that leverage advanced algorithms for real-time in-vehicle processi...",,,
,GIS,https://www.ibm.com/careers/search,,,"GIS has been dedicated to developing solutions that combine deep technology and design integration. We will showcase optical lenses, waveguide-based near-eye display modules, wafer-level optical compo...",in_cabin,179.48,"(Note: The sources provided do not mention the use of Ambarella SoCs in Rapidise’s 
automotive solutions.) 
2. Sensor and Integration Expertise 
Rapidise focuses on integrating sophisticated sensors, ...",,,
