Exhibitor,Summary,Booth,Unnamed: 3,Company Name,Website,LinkedIn URL,Brief Summary,Correct_Website,Country,Validation_Status,Validation_Notes,Search_Status,Full_Summary,Data_Tier,Website_Valid,LinkedIn_Valid,Website_Found_By_Search,Processing_Notes
.simstechnology,A personal safety wearable device that detects and alerts you when someone or something is approaching you from behind. Our camera-based detection patented device will give you peace of mind anywhere...,54668,,.simstechnology,,Not found on website,".simstechnology is an innovative wearable technology company focused on safety devices with patented AI detection that alerts users in real-time via smartwatch or smartphone when someone or something approaches from behind. The device clips onto clothing, captures images, tracks location via GPS, notifies emergency contacts during SOS activation, and aims to provide peace of mind for runners, walkers, and others during outdoor activities.",,,,,Re-searched,"A personal safety wearable device that detects and alerts you when someone or something is approaching you from behind. Our camera-based detection patented device will give you peace of mind anywhere... .simstechnology is an innovative wearable technology company focused on safety devices with patented AI detection that alerts users in real-time via smartwatch or smartphone when someone or something approaches from behind. The device clips onto clothing, captures images, tracks location via GPS, notifies emergency contacts during SOS activation, and aims to provide peace of mind for runners, walkers, and others during outdoor activities.",COPPER,False,False,,
0x Limited,0xmd is a Healthcare & Medical Generative AI company dedicated to improve patient care and medical diagnostics through Large Language Models (LLMs) and Large Vision Language Models (LvLM); to provide ...,63200,,0x Limited,,https://www.linkedin.com/company/0x,"0x provides powerful APIs to build financial applications on crypto rails, enabling developers to integrate crypto trading into apps with features like Swap API for accessing liquidity from over 130 exchanges and Gasless API to eliminate gas payment issues. The company offers battle-tested, high-performance tools with low latency, high uptime, and support for multiple blockchains, including Ethereum, Base, Arbitrum, and others.",,,,,Re-searched,"0xmd is a Healthcare & Medical Generative AI company dedicated to improve patient care and medical diagnostics through Large Language Models (LLMs) and Large Vision Language Models (LvLM); to provide ... 0x provides powerful APIs to build financial applications on crypto rails, enabling developers to integrate crypto trading into apps with features like Swap API for accessing liquidity from over 130 exchanges and Gasless API to eliminate gas payment issues. The company offers battle-tested, high-performance tools with low latency, high uptime, and support for multiple blockchains, including Ethereum, Base, Arbitrum, and others.",COPPER,False,False,,
2J Antennas,,10576,,2J Antennas,,Not found on website,"2J Antennas is a worldwide supplier of ultra-high-efficiency, premium quality antennas, focusing on markets including Automotive, Marine, Telematic, Automation, M2M, and more, with emphasis on 5G (LTE), Iridium communications, Galileo satellite-based applications, and providing RF testing services.",,,,,Re-searched," 2J Antennas is a worldwide supplier of ultra-high-efficiency, premium quality antennas, focusing on markets including Automotive, Marine, Telematic, Automation, M2M, and more, with emphasis on 5G (LTE), Iridium communications, Galileo satellite-based applications, and providing RF testing services.",COPPER,False,False,,
2Pi,"2Pi develop advanced metasurface flat optics technology. We pioneer a new class of optical components and solutions with unprecedented performance, ultra-compactness, and light-weight for use in consu...",15556,,2Pi,,Not found on website,"2Pi Software provides AI/ML and Quantum computing services, cloud architecture design and deployment using AWS, and custom software development for tech solutions.",,,,,Re-searched,"2Pi develop advanced metasurface flat optics technology. We pioneer a new class of optical components and solutions with unprecedented performance, ultra-compactness, and light-weight for use in consu... 2Pi Software provides AI/ML and Quantum computing services, cloud architecture design and deployment using AWS, and custom software development for tech solutions.",COPPER,False,False,,
360 Direct Access,"360 Direct Access partners with global companies to remove communication barriers for Deaf and hard of hearing communities. Our proven, innovative solutions transform customer experiences through cust...",61244,,360 Direct Access,https://360directvideo.com/,https://www.linkedin.com/company/360directaccess,"360 Direct Access offers AI and genuine human solutions to expand services to the deaf, hard of hearing, and signing community. They provide innovative, cost-effective solutions to attract and retain customers, enhance brand equity, and improve accessibility for Deaf employees and customers, specializing in sign language contact center support, staffing solutions, and cutting-edge accessibility technology.",True,Unknown,✅ GOOD,All checks passed.,Skipped - Valid,"360 Direct Access partners with global companies to remove communication barriers for Deaf and hard of hearing communities. Our proven, innovative solutions transform customer experiences through cust... 360 Direct Access offers AI and genuine human solutions to expand services to the deaf, hard of hearing, and signing community. They provide innovative, cost-effective solutions to attract and retain customers, enhance brand equity, and improve accessibility for Deaf employees and customers, specializing in sign language contact center support, staffing solutions, and cutting-edge accessibility technology.",BRONZE_WEB,True,False,,
"3C Ventures, LLC",,"Aria Hospitality Suites, Aria Hospitality Suites 2, Aria Hospitality Suites 3",,"3C Ventures, LLC",,Not found on website,3C Ventures is deeply embedded in the key industry building blocks shaping the future of brand-acceleration and marketing strategies.,,,,,Re-searched, 3C Ventures is deeply embedded in the key industry building blocks shaping the future of brand-acceleration and marketing strategies.,COPPER,False,False,,
3M,"At 3M, we’re applying our ideas and science to solve problems that connect our customers with new possibilities. With solutions powering the next generation of e-vehicles, film technology revolutio...",8505,,3M,,https://www.linkedin.com/company/3m,"3M applies science and innovation to make a real impact by igniting progress and inspiring innovation in lives and communities across the globe, producing over 60,000 products in fields like industry, worker safety, and consumer goods.",,,,,Re-searched,"At 3M, we’re applying our ideas and science to solve problems that connect our customers with new possibilities. With solutions powering the next generation of e-vehicles, film technology revolutio... 3M applies science and innovation to make a real impact by igniting progress and inspiring innovation in lives and communities across the globe, producing over 60,000 products in fields like industry, worker safety, and consumer goods.",COPPER,False,False,,
4rge.ai (by Triangle Man LLC),Groundbreaking motion tracking solutions for the 2030s! Introducing new and intelligent motion tracking solutions including the Trifecta-K series of high-performance IMUs and Trifecta-M series of sate...,8072,,4rge.ai (by Triangle Man LLC),,Not found on website,"4rge.ai provides next-generation IMU motion tracking solutions featuring intelligent anti-drift technology, Trifecta IMUs for high-performance, cost-effective applications in robots, navigation systems, and consumer electronics.",,,,,Re-searched,"Groundbreaking motion tracking solutions for the 2030s! Introducing new and intelligent motion tracking solutions including the Trifecta-K series of high-performance IMUs and Trifecta-M series of sate... 4rge.ai provides next-generation IMU motion tracking solutions featuring intelligent anti-drift technology, Trifecta IMUs for high-performance, cost-effective applications in robots, navigation systems, and consumer electronics.",COPPER,False,False,,
4Seller Technology (America) Co Ltd,"Founded in 2010, 17TRACK is a leader in international package tracking, offering real-time updates and intuitive tracking tools for eCommerce businesses and individuals alike.",8674,,4Seller Technology (America) Co Ltd,,https://www.linkedin.com/company/4seller-erp,"4Seller is a free multi-channel eCommerce management ERP that simplifies business processes, offering tools for inventory management, order fulfillment, product listings, and integrations with platforms like Amazon, eBay, TikTok Shop, Shopify, and shipping providers like USPS, UPS, and FedEx.",,,,,Re-searched,"Founded in 2010, 17TRACK is a leader in international package tracking, offering real-time updates and intuitive tracking tools for eCommerce businesses and individuals alike. 4Seller is a free multi-channel eCommerce management ERP that simplifies business processes, offering tools for inventory management, order fulfillment, product listings, and integrations with platforms like Amazon, eBay, TikTok Shop, Shopify, and shipping providers like USPS, UPS, and FedEx.",COPPER,False,False,,
"6P Color, Inc.",,N238,,"6P Color, Inc.",,https://www.linkedin.com/company/6p-color-inc,"6P Color focuses on Full Color Range (FCR) technology, a patented color system that expands beyond traditional RGB limitations to capture and deliver the complete visible color spectrum for enhanced visual storytelling, scientific imaging, and multi-primary displays. Their solutions are future-proof, backward compatible with current RGB displays, and apply to industries like digital cinema, theme parks, and consumer electronics.",,,,,Re-searched," 6P Color focuses on Full Color Range (FCR) technology, a patented color system that expands beyond traditional RGB limitations to capture and deliver the complete visible color spectrum for enhanced visual storytelling, scientific imaging, and multi-primary displays. Their solutions are future-proof, backward compatible with current RGB displays, and apply to industries like digital cinema, theme parks, and consumer electronics.",COPPER,False,False,,
"A-ZoneTech Co,. Ltd",,50816,,"A-ZoneTech Co., Ltd",,Not found,"Detailed information on A-ZoneTech Co., Ltd. could not be reliably sourced; it appears to be a technology company, possibly in electronics or engineering, but no official website or summary was confirmed from available searches.",,,,,Re-searched," Detailed information on A-ZoneTech Co., Ltd. could not be reliably sourced; it appears to be a technology company, possibly in electronics or engineering, but no official website or summary was confirmed from available searches.",COPPER,False,False,,
Abalta Technologies,"At Abalta, we specialize in mobility software solutions with expertise in connectivity, cloud backend, and smart device integration. Our expert teams create products and services that improve the use...",Westgate Hospitality Suites,,Abalta Technologies,https://abaltatech.com/20th-milestones/2023/09/leader-interview/,https://www.linkedin.com/company/abalta-technologies,"Abalta Technologies specializes in mobility software solutions for the connected car market, including infotainment platforms like WebLink that enable smartphone app integration in vehicles, along with custom development in telematics, navigation, and cloud backend services.",True,Unknown,✅ GOOD,All checks passed.,Skipped - Valid,"At Abalta, we specialize in mobility software solutions with expertise in connectivity, cloud backend, and smart device integration. Our expert teams create products and services that improve the use... Abalta Technologies specializes in mobility software solutions for the connected car market, including infotainment platforms like WebLink that enable smartphone app integration in vehicles, along with custom development in telematics, navigation, and cloud backend services.",BRONZE_WEB,True,False,,
Abbott,,8713,,Abbott,,https://www.linkedin.com/company/abbott-,"Abbott is a global healthcare company developing life-changing technologies, including diagnostics like FreeStyle Libre for diabetes, nutrition products for malnutrition and chronic conditions, cardiovascular devices, and biowearables to improve health equity and patient outcomes.",,,,,Re-searched," Abbott is a global healthcare company developing life-changing technologies, including diagnostics like FreeStyle Libre for diabetes, nutrition products for malnutrition and chronic conditions, cardiovascular devices, and biowearables to improve health equity and patient outcomes.",COPPER,False,False,,
Abitat,,62242,,Abitat,,Not found on website,"Abitat specializes in real estate investment opportunities in Cartagena, Colombia, offering properties in the Historic Center (UNESCO site), Caribbean islands like Baru and Tierra Bomba, and modern beachfront and countryside developments in New Cartagena.",,,,,Re-searched," Abitat specializes in real estate investment opportunities in Cartagena, Colombia, offering properties in the Historic Center (UNESCO site), Caribbean islands like Baru and Tierra Bomba, and modern beachfront and countryside developments in New Cartagena.",COPPER,False,False,,
Abysius,,9337,,Abyssus,,Not found on website,"Abyssus (Abysius) is a talent discovery and management company focused on creating new cultural experiences through music business (artist development, management, and content) and sports business (esports team management and content creation), emphasizing understanding and respect.",,,,,Re-searched," Abyssus (Abysius) is a talent discovery and management company focused on creating new cultural experiences through music business (artist development, management, and content) and sports business (esports team management and content creation), emphasizing understanding and respect.",COPPER,False,False,,
AC Future,"AC Future is pioneering flexible, mobile, and sustainable housing solutions, with plans to debut the AI Transformable Home (Ai-TH) at CES 2025. The Ai-TH is a cutting-edge, expandable smart home desig...",10321,,AC Future,https://acfuture.com/index.html,https://www.linkedin.com/company/acfuture,"AC Future designs and builds smart, sustainable luxury mobile homes and RVs, including the eTH Home on wheels in collaboration with Pininfarina, aimed at reimagining flexible, connected living for travel, work, and eco-friendly lifestyles.",True,Unknown,✅ GOOD,All checks passed.,Skipped - Valid,"AC Future is pioneering flexible, mobile, and sustainable housing solutions, with plans to debut the AI Transformable Home (Ai-TH) at CES 2025. The Ai-TH is a cutting-edge, expandable smart home desig... AC Future designs and builds smart, sustainable luxury mobile homes and RVs, including the eTH Home on wheels in collaboration with Pininfarina, aimed at reimagining flexible, connected living for travel, work, and eco-friendly lifestyles.",BRONZE_WEB,True,False,,
AcademicSight,,63432,,AcademicSight,,https://www.linkedin.com/company/academicsight/,"AcademicSight provides AI-based image analysis and machine learning for surface quality control in industries like metal/steel, leather, textile, furniture, marble, and glass, detecting defects such as cracks, color mismatches, holes, and scratches via the InspectAI system to enhance production efficiency.",,,,,Re-searched," AcademicSight provides AI-based image analysis and machine learning for surface quality control in industries like metal/steel, leather, textile, furniture, marble, and glass, detecting defects such as cracks, color mismatches, holes, and scratches via the InspectAI system to enhance production efficiency.",COPPER,False,False,,
ACCESS BRAIN,AI solutions to assist salespeople and managers during their interviews. The user knows what to say and what posture to hold in order to create a feeling of proximity to the customer or employee. Allo...,60711,,ACCESS BRAIN,,Not found on website,"ACCESS BRAIN is a Japanese technology company specializing in AI-driven solutions for retail and e-commerce, including AI-powered search engines, recommendation systems, and data analytics platforms that enhance customer experiences and optimize online shopping through advanced machine learning and natural language processing.",,,,,Re-searched,"AI solutions to assist salespeople and managers during their interviews. The user knows what to say and what posture to hold in order to create a feeling of proximity to the customer or employee. Allo... ACCESS BRAIN is a Japanese technology company specializing in AI-driven solutions for retail and e-commerce, including AI-powered search engines, recommendation systems, and data analytics platforms that enhance customer experiences and optimize online shopping through advanced machine learning and natural language processing.",COPPER,False,False,,
Accessory Power,"Accessory Power is a consumer electronics manufacturer dedicated to providing a diverse range of high quality products for over 40 years. Complete with 4 main brands, GOgroove audio accessories, USA G...",15441,,Accessory Power,https://www.accessorypower.com/,https://www.linkedin.com/company/accessory-power,"Accessory Power is a leading provider of high-quality consumer electronics accessories, offering over 40 years of experience in products like audio devices (GOgroove), charging solutions (ReVIVE), gaming gear (ENHANCE), and protective cases (USA Gear), with a focus on innovation, multilingual support, and industry-leading warranties for global markets.",True,Unknown,✅ GOOD,All checks passed.,Skipped - Valid,"Accessory Power is a consumer electronics manufacturer dedicated to providing a diverse range of high quality products for over 40 years. Complete with 4 main brands, GOgroove audio accessories, USA G... Accessory Power is a leading provider of high-quality consumer electronics accessories, offering over 40 years of experience in products like audio devices (GOgroove), charging solutions (ReVIVE), gaming gear (ENHANCE), and protective cases (USA Gear), with a focus on innovation, multilingual support, and industry-leading warranties for global markets.",BRONZE_WEB,True,False,,
Ace Computers,Ace is showing our latest deskside and mobile gaming systems along with full-featured flight and racing simulation systems and our Ace exclusive Generative AI Workstation and low-cost AI Server. Our f...,15046,,Ace Computers,https://acecomputers.net/,https://www.linkedin.com/company/ace-computers,"Ace Computers is a U.S.-based IT solutions provider with over 40 years of experience, specializing in custom-built high-performance computers, forensic workstations, and supercomputing systems for government, education, and enterprise clients, emphasizing made-in-America quality, cybersecurity, and mission-critical applications like AI and data processing.",True,Unknown,⚠️ UNCLEAR,0 keyword(s) found,Skipped - Valid,"Ace is showing our latest deskside and mobile gaming systems along with full-featured flight and racing simulation systems and our Ace exclusive Generative AI Workstation and low-cost AI Server. Our f... Ace Computers is a U.S.-based IT solutions provider with over 40 years of experience, specializing in custom-built high-performance computers, forensic workstations, and supercomputing systems for government, education, and enterprise clients, emphasizing made-in-America quality, cybersecurity, and mission-critical applications like AI and data processing.",BRONZE_WEB,True,False,,
Ace Forum Inc.,,35804,,Ace Forum Inc.,,Not found,"Detailed information on Ace Forum Inc. could not be reliably sourced; it may be a niche or emerging company, possibly related to forums or tech events, but no official website or confirmed summary was identified from available searches.",,,,,Re-searched," Detailed information on Ace Forum Inc. could not be reliably sourced; it may be a niche or emerging company, possibly related to forums or tech events, but no official website or confirmed summary was identified from available searches.",COPPER,False,False,,
ACE Ontario Tech University,"ACE is North America’s premier Climatic Testing Facility. Creating controlled and repeatable weather in a full-scale lab environment is what we do. We can create -40C to +60C as well as wind, rain, sn...",4566,,ACE Ontario Tech University,https://ace.ontariotechu.ca/,Not found on website,"ACE at Ontario Tech University is North America’s premier Climatic Testing Facility, providing controlled environmental simulations in a full-scale lab, including temperatures from -40°C to +60°C, wind, rain, snow, and fog in a Climatic Wind Tunnel to help companies develop and validate products for extreme conditions.",True,Unknown,✅ GOOD,All checks passed.,Re-searched,"ACE is North America’s premier Climatic Testing Facility. Creating controlled and repeatable weather in a full-scale lab environment is what we do. We can create -40C to +60C as well as wind, rain, sn... ACE at Ontario Tech University is North America’s premier Climatic Testing Facility, providing controlled environmental simulations in a full-scale lab, including temperatures from -40°C to +60°C, wind, rain, snow, and fog in a Climatic Wind Tunnel to help companies develop and validate products for extreme conditions.",BRONZE_WEB,True,False,,
ACT Inc.,,50017,,ACT Inc.,,https://www.linkedin.com/company/act-incorporated,"ACT Inc. is a business consulting and technology firm specializing in advisory, management consulting, and technology services to help clients realize value from emerging computer and telecommunications technologies, with a focus on information management solutions and optimizing IT, finance, and operations.",,,,,Re-searched," ACT Inc. is a business consulting and technology firm specializing in advisory, management consulting, and technology services to help clients realize value from emerging computer and telecommunications technologies, with a focus on information management solutions and optimizing IT, finance, and operations.",COPPER,False,False,,
Adaps Photonics Inc.,,4473,,Adaps Photonics Inc.,,Not found on website,"Adaps Photonics is a leading designer and provider of SPAD-based dToF depth sensor chips and solutions, enabling advanced 3D perception for applications in automotive, smartphones, XR devices, robotics, and smart homes, with products like the Hawk (ADS6311) featuring 3D-stacking technology for high sensitivity and performance, founded in 2018 and compliant with ISO 9001 standards.",,,,,Re-searched," Adaps Photonics is a leading designer and provider of SPAD-based dToF depth sensor chips and solutions, enabling advanced 3D perception for applications in automotive, smartphones, XR devices, robotics, and smart homes, with products like the Hawk (ADS6311) featuring 3D-stacking technology for high sensitivity and performance, founded in 2018 and compliant with ISO 9001 standards.",COPPER,False,False,,
Adaptive Recognition,"Adaptive Recognition is a global leader in recognition technology, specializing in ANPR cameras, speed enforcement systems, ANPR software, and OCR-based ID readers. Our products combine advanced AI an...",50359,,Adaptive Recognition,https://adaptiverecognition.com/,https://www.linkedin.com/company/adaptive-recognition,"Adaptive Recognition (formerly ARH) is a pioneer in computer image processing technology, developing software and hardware for optical character recognition (OCR), including ANPR/ALPR cameras like Carmen® for license plate recognition, Vidar cameras for traffic enforcement, and solutions for ID document verification, industrial code recognition, and traffic management to enhance safety and sustainability.",True,Singapore,✅ GOOD,All checks passed.,Skipped - Valid,"Adaptive Recognition is a global leader in recognition technology, specializing in ANPR cameras, speed enforcement systems, ANPR software, and OCR-based ID readers. Our products combine advanced AI an... Adaptive Recognition (formerly ARH) is a pioneer in computer image processing technology, developing software and hardware for optical character recognition (OCR), including ANPR/ALPR cameras like Carmen® for license plate recognition, Vidar cameras for traffic enforcement, and solutions for ID document verification, industrial code recognition, and traffic management to enhance safety and sustainability.",BRONZE_WEB,True,False,,
AdCellerant,"AdCellerant connects media companies and agencies to cutting-edge digital marketing technology, automating campaign execution and analytics to drive growth, efficiency, and profitability for local and...",Aria Hospitality Suites,,AdCellerant,https://adcellerant.com/,Not found on website,"AdCellerant is an award-winning tech-enabled services company providing white-labeled digital marketing solutions to media companies and agencies, leveraging proprietary Ui.Marketing technology to simplify programmatic advertising, connect businesses with customers, and drive growth for small to enterprise clients through self-service and managed services across multiple channels.",True,Unknown,✅ GOOD,All checks passed.,Skipped - Valid,"AdCellerant connects media companies and agencies to cutting-edge digital marketing technology, automating campaign execution and analytics to drive growth, efficiency, and profitability for local and... AdCellerant is an award-winning tech-enabled services company providing white-labeled digital marketing solutions to media companies and agencies, leveraging proprietary Ui.Marketing technology to simplify programmatic advertising, connect businesses with customers, and drive growth for small to enterprise clients through self-service and managed services across multiple channels.",BRONZE_WEB,True,False,,
Added Value Ventures Inc.,"Utili-TREES delivers clean power, water, data and connectivity anywhere—fast. A modular, weather-resilient micro-utility that lowers energy costs, cuts diesel and powers EVs, data harvesting and commu...",9641,,Added Value Ventures Inc.,,Not found,"Detailed information on Added Value Ventures Inc. could not be reliably sourced; it appears to be a venture capital or investment firm, possibly focused on value-added strategies in tech or startups, but no official website or confirmed summary was identified from available searches.",,,,,Re-searched,"Utili-TREES delivers clean power, water, data and connectivity anywhere—fast. A modular, weather-resilient micro-utility that lowers energy costs, cuts diesel and powers EVs, data harvesting and commu... Detailed information on Added Value Ventures Inc. could not be reliably sourced; it appears to be a venture capital or investment firm, possibly focused on value-added strategies in tech or startups, but no official website or confirmed summary was identified from available searches.",COPPER,False,False,,
Adjusted Coaching d.o.o.,,60658,,Adjusted Coaching d.o.o.,,Not found,"Adjusted Coaching d.o.o. is a Croatian limited liability company founded in 2023, specializing in nutrition consulting and related services, operating as a micro-enterprise with one employee and focused on professional, scientific, and technical activities in health and wellness coaching.",,,,,Re-searched," Adjusted Coaching d.o.o. is a Croatian limited liability company founded in 2023, specializing in nutrition consulting and related services, operating as a micro-enterprise with one employee and focused on professional, scientific, and technical activities in health and wellness coaching.",COPPER,False,False,,
ADM Tech LLC,"Tera, based in California, is a leading supplier of barcode scanners, mobile computers, PDAs, cash register drawers, and EV chargers. It is recognized as an Amazon Best Seller and Amazon's Choice for ...",9563,,ADM Tech LLC,https://admtechus.com/,https://www.linkedin.com/company/admtechus,"ADM Tech LLC, founded in 2020 and based in California, specializes in developing and distributing office supplies such as barcode scanners and PDAs, with expansions into electric vehicle chargers, emphasizing market responsiveness, product innovation, and e-commerce excellence for efficiency and sustainability in office and automotive sectors.",True,Unknown,✅ GOOD,All checks passed.,Re-searched,"Tera, based in California, is a leading supplier of barcode scanners, mobile computers, PDAs, cash register drawers, and EV chargers. It is recognized as an Amazon Best Seller and Amazon's Choice for ... ADM Tech LLC, founded in 2020 and based in California, specializes in developing and distributing office supplies such as barcode scanners and PDAs, with expansions into electric vehicle chargers, emphasizing market responsiveness, product innovation, and e-commerce excellence for efficiency and sustainability in office and automotive sectors.",BRONZE_WEB,True,False,,
Adobe,,Wynn Encore Hospitality Suites,,Adobe,https://www.adobe.com/?msockid=29fb8a4d874f6eae1faf9ce086b36f96,https://www.linkedin.com/company/adobe,"Adobe Inc. is a global software company delivering creative, marketing, and document management solutions through its Creative Cloud platform, including flagship tools like Photoshop, Illustrator, Premiere Pro, and Acrobat, empowering professionals in design, video editing, photography, and digital experiences with AI-driven innovations and subscription-based access.",,,,,Re-searched," Adobe Inc. is a global software company delivering creative, marketing, and document management solutions through its Creative Cloud platform, including flagship tools like Photoshop, Illustrator, Premiere Pro, and Acrobat, empowering professionals in design, video editing, photography, and digital experiences with AI-driven innovations and subscription-based access.",BRONZE_WEB,True,False,,
ADT,"ADT provides safe, smart and sustainable solutions for people, homes and small businesses. Through innovative offerings, unrivaled safety and a premium customer experience, we empower people to protec...","Bellini 2001A, Bellini 2002",,ADT,,https://www.linkedin.com/company/adt,"ADT is a leading provider of security and smart home solutions, offering integrated systems for residential and commercial properties, including alarm monitoring, video surveillance, access control, and automation, with 24/7 professional monitoring to protect what matters most through innovative technology and reliable service.",,,,,Re-searched,"ADT provides safe, smart and sustainable solutions for people, homes and small businesses. Through innovative offerings, unrivaled safety and a premium customer experience, we empower people to protec... ADT is a leading provider of security and smart home solutions, offering integrated systems for residential and commercial properties, including alarm monitoring, video surveillance, access control, and automation, with 24/7 professional monitoring to protect what matters most through innovative technology and reliable service.",COPPER,False,False,,
"Advanced Micro Devices, Inc.","For more than 50 years AMD has driven innovation in high-performance computing, graphics and visualization technologies. Billions of people, leading Fortune 500 businesses and cutting-edge scientific ...","Titian 2302, Titian 2303, Titian 2304 + 2 more",,"Advanced Micro Devices, Inc.",,https://www.linkedin.com/company/amd,"Advanced Micro Devices, Inc. (AMD) is a global semiconductor leader delivering high-performance computing solutions, including CPUs, GPUs, FPGAs, and adaptive SoCs for data centers, AI, gaming, PCs, and embedded systems, driving innovation in adaptive computing to solve complex challenges across industries.",,,,,Re-searched,"For more than 50 years AMD has driven innovation in high-performance computing, graphics and visualization technologies. Billions of people, leading Fortune 500 businesses and cutting-edge scientific ... Advanced Micro Devices, Inc. (AMD) is a global semiconductor leader delivering high-performance computing solutions, including CPUs, GPUs, FPGAs, and adaptive SoCs for data centers, AI, gaming, PCs, and embedded systems, driving innovation in adaptive computing to solve complex challenges across industries.",COPPER,False,False,,
Adw Sensor Corp.,"ADW SENSOR is a technology-driven company specializing in the research, design, and sales of intelligent sensors and their applications. ADW's products include vehicle ultrasonic sensors, ultrasonic f...",10529,,Adw Sensor Corp.,https://www.adwsensor.com/,Not found on website,"Adw Sensor Corp. is a technology-driven company specializing in intelligent sensors and actuators, including ultrasonic sensors for automotive electronics, fluid measurement for smart meters, and haptic feedback for smart terminals, providing reliable solutions for vehicle safety, smart homes, and industrial applications.",True,Unknown,✅ GOOD,All checks passed.,Re-searched,"ADW SENSOR is a technology-driven company specializing in the research, design, and sales of intelligent sensors and their applications. ADW's products include vehicle ultrasonic sensors, ultrasonic f... Adw Sensor Corp. is a technology-driven company specializing in intelligent sensors and actuators, including ultrasonic sensors for automotive electronics, fluid measurement for smart meters, and haptic feedback for smart terminals, providing reliable solutions for vehicle safety, smart homes, and industrial applications.",BRONZE_WEB,True,False,,
Aegis Rider AG,,51239,,Aegis Rider,,https://www.linkedin.com/company/aegis-rider-ag,"Aegis Rider is a Swiss augmented reality innovator developing head-up display systems for motorcyclists and race car drivers, projecting spatially anchored 3D holograms for navigation, performance data, and safety alerts directly into the rider's field of view to enhance focus and experience.",,,,,Re-searched," Aegis Rider is a Swiss augmented reality innovator developing head-up display systems for motorcyclists and race car drivers, projecting spatially anchored 3D holograms for navigation, performance data, and safety alerts directly into the rider's field of view to enhance focus and experience.",COPPER,False,False,,
Aequil Science,,60711,,Aequil Science,,Not found on website,"AEQUIL® Science is a research and technology engine redefining health approaches for individuals, industries, and ecosystems by bridging biology, physics, and engineering. It develops AEQUIL® Science Technology (AST), a programmable biophysics layer using low-frequency, low-energy fields to trigger biological or material effects, operating as a three-part laboratory for systemic, scalable health innovations from cellular to planetary scales.",,,,,Re-searched," AEQUIL® Science is a research and technology engine redefining health approaches for individuals, industries, and ecosystems by bridging biology, physics, and engineering. It develops AEQUIL® Science Technology (AST), a programmable biophysics layer using low-frequency, low-energy fields to trigger biological or material effects, operating as a three-part laboratory for systemic, scalable health innovations from cellular to planetary scales.",COPPER,False,False,,
Aeva,Aeva (NYSE: AEVA) is a global technology company brining the next wave of perception to a broad range of applications from automated driving to industrial robotics and beyond. Aeva 4D LiDAR sensors un...,6919,,Aeva,https://www.aeva.com/,https://www.linkedin.com/company/aevainc,"Aeva is a sensing and perception technology company offering 4D LiDAR solutions using FMCW technology for autonomous vehicles, industrial robotics, and smart infrastructure. Their high-performance sensors detect velocity and range simultaneously, enabling innovations in automotive, trucking, and beyond, with integrations like NVIDIA Drive and partnerships with Daimler Truck and NASA for lunar navigation.",True,Unknown,✅ GOOD,All checks passed.,Re-searched,"Aeva (NYSE: AEVA) is a global technology company brining the next wave of perception to a broad range of applications from automated driving to industrial robotics and beyond. Aeva 4D LiDAR sensors un... Aeva is a sensing and perception technology company offering 4D LiDAR solutions using FMCW technology for autonomous vehicles, industrial robotics, and smart infrastructure. Their high-performance sensors detect velocity and range simultaneously, enabling innovations in automotive, trucking, and beyond, with integrations like NVIDIA Drive and partnerships with Daimler Truck and NASA for lunar navigation.",BRONZE_WEB,True,False,,
"AEW Technology Group Co.,Ltd",,4051,,"AEW Technology Group Co.,Ltd",,Not found on website,"AEW Technology Group Co., Ltd., founded in 1999, is a leading supplier of automotive cabin safety and comfort solutions, including Seat Belt Reminder (SBR), Occupant Classification System (OCS), seat heaters, ventilation, lumbar support, and massage systems. With 11 global manufacturing plants, it provides one-stop design, production, and quality assurance for vehicle comfort and safety.",,,,,Re-searched," AEW Technology Group Co., Ltd., founded in 1999, is a leading supplier of automotive cabin safety and comfort solutions, including Seat Belt Reminder (SBR), Occupant Classification System (OCS), seat heaters, ventilation, lumbar support, and massage systems. With 11 global manufacturing plants, it provides one-stop design, production, and quality assurance for vehicle comfort and safety.",COPPER,False,False,,
AEye,,3311,,AEye,,https://www.linkedin.com/company/aeye-inc.,"AEye develops software-defined adaptive LiDAR solutions for automotive, trucking, smart infrastructure, and logistics, enabling advanced driver-assistance and autonomy. Their 4Sight™ platform and products like Apollo (1550 nm sensor) and OPTIS focus on high-resolution, long-range perception to enhance safety and efficiency, with a global presence and emphasis on OEM pain points.",,,,,Re-searched," AEye develops software-defined adaptive LiDAR solutions for automotive, trucking, smart infrastructure, and logistics, enabling advanced driver-assistance and autonomy. Their 4Sight™ platform and products like Apollo (1550 nm sensor) and OPTIS focus on high-resolution, long-range perception to enhance safety and efficiency, with a global presence and emphasis on OEM pain points.",COPPER,False,False,,
Afero,"Afero is the leading secure IoT Platform as a Service. Afero technology merges simplicity, ease of use, security, and data privacy into the entire solution, from manufacturing to product to cloud to ...",Wynn Encore Hospitality Suites,,Afero,https://www.afero.io/,https://www.linkedin.com/company/afero,"Afero is a leading IoT Platform as a Service (PaaS) provider offering secure, scalable solutions for connecting devices like intelligent lighting and appliances. Founded by veterans from Google, Apple, and Nest, it includes patented Bluetooth Smart modules, cloud services, and development tools for end-to-end integration, emphasizing security, data privacy, and simplicity for consumer and industrial applications.",True,Unknown,✅ GOOD,All checks passed.,Re-searched,"Afero is the leading secure IoT Platform as a Service. Afero technology merges simplicity, ease of use, security, and data privacy into the entire solution, from manufacturing to product to cloud to ... Afero is a leading IoT Platform as a Service (PaaS) provider offering secure, scalable solutions for connecting devices like intelligent lighting and appliances. Founded by veterans from Google, Apple, and Nest, it includes patented Bluetooth Smart modules, cloud services, and development tools for end-to-end integration, emphasizing security, data privacy, and simplicity for consumer and industrial applications.",COPPER,False,False,,
Afflield Kft,,50359,,Afflield Kft,,https://www.linkedin.com/company/machineryguide-afflield-kft,"Afflield Kft is a Hungarian software and hardware development company founded in 2014, specializing in affordable precision agriculture solutions through its MachineryGuide platform, which enables farmers to perform accurate field guidance using smartphones or tablets paired with antennas for tasks like planting and spraying, promoting cost-effective, modern farming without expensive systems.",,,,,Re-searched," Afflield Kft is a Hungarian software and hardware development company founded in 2014, specializing in affordable precision agriculture solutions through its MachineryGuide platform, which enables farmers to perform accurate field guidance using smartphones or tablets paired with antennas for tasks like planting and spraying, promoting cost-effective, modern farming without expensive systems.",COPPER,False,False,,
"Afterpay US, Inc",,Willow 4,,"Afterpay US, Inc",https://www.afterpay.com/en-AU,Not found on website,"Afterpay US, Inc., a subsidiary of Block, Inc., is a leading buy now, pay later (BNPL) service enabling consumers to split purchases into interest-free installments, serving over 24 million users globally with seamless integration at thousands of retailers, emphasizing financial flexibility, no credit checks for approvals, and merchant-focused revenue models to drive sales and customer loyalty.",,,,,Re-searched," Afterpay US, Inc., a subsidiary of Block, Inc., is a leading buy now, pay later (BNPL) service enabling consumers to split purchases into interest-free installments, serving over 24 million users globally with seamless integration at thousands of retailers, emphasizing financial flexibility, no credit checks for approvals, and merchant-focused revenue models to drive sales and customer loyalty.",BRONZE_WEB,True,False,,
AGC Inc.,"AGC Inc. is the parent company of the AGC Group, a world-leading glass solution provider and supplier of flat, automotive and display glass, chemicals, ceramics and other high-tech materials and compo...",6653,,AGC Inc.,,https://www.linkedin.com/company/agc-inc,"AGC Inc., formerly Asahi Glass Co., Ltd., is a Japanese multinational leader in advanced materials, producing innovative glass, electronics, chemicals, and ceramics for industries like automotive, displays, construction, and aerospace, with a focus on sustainability, precision manufacturing, and global operations across over 50 countries to create value through cutting-edge technologies.",,,,,Re-searched,"AGC Inc. is the parent company of the AGC Group, a world-leading glass solution provider and supplier of flat, automotive and display glass, chemicals, ceramics and other high-tech materials and compo... AGC Inc., formerly Asahi Glass Co., Ltd., is a Japanese multinational leader in advanced materials, producing innovative glass, electronics, chemicals, and ceramics for industries like automotive, displays, construction, and aerospace, with a focus on sustainability, precision manufacturing, and global operations across over 50 countries to create value through cutting-edge technologies.",COPPER,False,False,,
AgeTech Collaborative from AARP,"The AgeTech Collaborative™ from AARP® brings together a one-of-a-kind ecosystem of key stakeholders, united in their mission to improve people’s lives as they age. Backed by decades of AARP’s exclusiv...","53423, 54123",,AgeTech Collaborative from AARP,https://agetechcollaborative.org/,https://www.linkedin.com/company/agetechcollab,"AgeTech Collaborative from AARP is a global ecosystem uniting startups, investors, enterprises, and testbeds to accelerate AgeTech innovations that improve lives for people 50+, offering mentorship, pilot opportunities, funding access, and collaboration to over 500 participants, driving solutions in health, wellness, and daily living to make aging easier and more empowered.",True,Unknown,✅ GOOD,All checks passed.,Skipped - Valid,"The AgeTech Collaborative™ from AARP® brings together a one-of-a-kind ecosystem of key stakeholders, united in their mission to improve people’s lives as they age. Backed by decades of AARP’s exclusiv... AgeTech Collaborative from AARP is a global ecosystem uniting startups, investors, enterprises, and testbeds to accelerate AgeTech innovations that improve lives for people 50+, offering mentorship, pilot opportunities, funding access, and collaboration to over 500 participants, driving solutions in health, wellness, and daily living to make aging easier and more empowered.",BRONZE_WEB,True,False,,
AgfaPhoto,"Since 1867, AgfaPhoto has been a constant innovator for consumer imaging products worldwide. Today we provide a wide range of products for capturing, processing, printing, storing and sharing pictures...",20440,,AgfaPhoto,https://agfaphoto.com/en/home-english/,Not found on website,"AgfaPhoto is a European brand offering a wide range of consumer imaging products and services, including digital cameras, camcorders, disposable film cameras, film scanners, printers, accessories, and photo paper, enabling users to capture, process, print, store, and share memories since its origins in 1867 as part of Agfa-Gevaert's consumer division, now licensed to various partners for innovative photographic solutions.",True,Unknown,✅ GOOD,All checks passed.,Skipped - Valid,"Since 1867, AgfaPhoto has been a constant innovator for consumer imaging products worldwide. Today we provide a wide range of products for capturing, processing, printing, storing and sharing pictures... AgfaPhoto is a European brand offering a wide range of consumer imaging products and services, including digital cameras, camcorders, disposable film cameras, film scanners, printers, accessories, and photo paper, enabling users to capture, process, print, store, and share memories since its origins in 1867 as part of Agfa-Gevaert's consumer division, now licensed to various partners for innovative photographic solutions.",BRONZE_WEB,True,False,,
Agility Robotics,,"Fontainebleau Hospitality Suites, FT-06",,Agility Robotics,https://www.agility.com/en/agilitys-2025-kuwait-community-initiatives-to-support-5000-people/,https://www.linkedin.com/company/agility-robotics,"Agility Robotics is an American humanoid robotics company founded in 2015 as a spin-off from Oregon State University, designing the Digit bipedal robot for automating repetitive tasks in logistics, manufacturing, and warehousing, with features like 35 lbs payload capacity, autonomous docking, and AI-driven control via the Agility Arc platform, partnering with Amazon and GXO for real-world deployment from its RoboFab factory in Oregon.",,,,,Re-searched," Agility Robotics is an American humanoid robotics company founded in 2015 as a spin-off from Oregon State University, designing the Digit bipedal robot for automating repetitive tasks in logistics, manufacturing, and warehousing, with features like 35 lbs payload capacity, autonomous docking, and AI-driven control via the Agility Arc platform, partnering with Amazon and GXO for real-world deployment from its RoboFab factory in Oregon.",COPPER,False,False,,
Agilno Technologies Inc.,"Agilno is a global AI-first development studio helping companies turn emerging intelligence into real products. From early-stage startups to Fortune 500 enterprises, we work side by side to design and...",50755,,Agilno Technologies Inc.,https://agilno.com/,https://www.linkedin.com/company/agilno,"Agilno Technologies Inc. is a software development firm based in Split, Croatia, with operations in Canada, specializing in custom software, product design, digital transformation, and data solutions using emerging technologies like AI and cloud services to create innovative digital experiences, recognized as a top global developer for delivering on-time, on-budget results in strategy, execution, and talent augmentation for clients in various industries.",True,Unknown,✅ GOOD,All checks passed.,Skipped - Valid,"Agilno is a global AI-first development studio helping companies turn emerging intelligence into real products. From early-stage startups to Fortune 500 enterprises, we work side by side to design and... Agilno Technologies Inc. is a software development firm based in Split, Croatia, with operations in Canada, specializing in custom software, product design, digital transformation, and data solutions using emerging technologies like AI and cloud services to create innovative digital experiences, recognized as a top global developer for delivering on-time, on-budget results in strategy, execution, and talent augmentation for clients in various industries.",BRONZE_WEB,True,False,,
"Agora, Inc","Agora is the global leader in real-time engagement, providing flexible APIs that enable developers to embed conversational AI, voice, video, live streaming, and chat into any app or IoT device. Truste...",51226,,"Agora, Inc",https://agora-inc.com.usitestat.com/,https://www.linkedin.com/company/agora-io,"Agora, Inc. is a global leader in real-time engagement technology, providing APIs and SDKs for embedding voice, video, interactive live streaming, chat, and AI capabilities into applications across industries like education, gaming, and telehealth, headquartered in Santa Clara, CA, with support for thousands of customers in over 100 countries, emphasizing seamless, high-quality experiences on any device.",True,Unknown,✅ GOOD,All checks passed.,Skipped - Valid,"Agora is the global leader in real-time engagement, providing flexible APIs that enable developers to embed conversational AI, voice, video, live streaming, and chat into any app or IoT device. Truste... Agora, Inc. is a global leader in real-time engagement technology, providing APIs and SDKs for embedding voice, video, interactive live streaming, chat, and AI capabilities into applications across industries like education, gaming, and telehealth, headquartered in Santa Clara, CA, with support for thousands of customers in over 100 countries, emphasizing seamless, high-quality experiences on any device.",BRONZE_WEB,True,False,,
AI Collaborator,"AI Collaborator is the Pioneering Responsible AI Marketplace. We help enterprises overcome complexity, risks, and talent shortages to responsibly deploy AI. With a global ecosystem of vetted AI soluti...",9624,,AI Collaborator,https://www.aicollaborator.com/,https://www.linkedin.com/company/aicollaborator,"AI Collaborator is a global leader in AI innovation, empowering data-driven businesses to become AI-driven enterprises through a network of trusted AI solutions and services providers, offering agile paths for discovering, piloting, and deploying AI technologies to solve complex challenges, enhance customer experiences, and drive operational transformation.",True,Unknown,✅ GOOD,All checks passed.,Skipped - Valid,"AI Collaborator is the Pioneering Responsible AI Marketplace. We help enterprises overcome complexity, risks, and talent shortages to responsibly deploy AI. With a global ecosystem of vetted AI soluti... AI Collaborator is a global leader in AI innovation, empowering data-driven businesses to become AI-driven enterprises through a network of trusted AI solutions and services providers, offering agile paths for discovering, piloting, and deploying AI technologies to solve complex challenges, enhance customer experiences, and drive operational transformation.",BRONZE_WEB,True,False,,
AI-Tails,,61220,,AI-Tails,,Not found on website,"AI-Tails is a Swiss pet tech company offering an AI-powered smart feeding and drinking station for cats, monitoring eating, drinking, and weight patterns in real-time to detect early health issues like reduced appetite or excessive thirst, providing alerts and vet-shareable reports to promote longer, healthier lives for pets.",,,,,Re-searched," AI-Tails is a Swiss pet tech company offering an AI-powered smart feeding and drinking station for cats, monitoring eating, drinking, and weight patterns in real-time to detect early health issues like reduced appetite or excessive thirst, providing alerts and vet-shareable reports to promote longer, healthier lives for pets.",COPPER,False,False,,
AiDot Inc.,"AiDot improves quality of life through technological development, and delivers tomorrow's smart home today. AiDot utilizes smart home technology to address the real needs of today’s busy world and del...",52339,,AiDot Inc.,https://aidotapp.com/,https://www.linkedin.com/company/aidot-smart-home,"AiDot Inc. is a global smart home platform founded in 2018, offering an interconnected ecosystem via the AiDot app for controlling devices from brands like Linkind, OREiN, and Winees, including lights, cameras, sensors, and appliances, with Matter compatibility for seamless integration across Alexa, Google Home, and Apple Home to create automated scenes for energy efficiency and convenience.",True,Unknown,✅ GOOD,All checks passed.,Skipped - Valid,"AiDot improves quality of life through technological development, and delivers tomorrow's smart home today. AiDot utilizes smart home technology to address the real needs of today’s busy world and del... AiDot Inc. is a global smart home platform founded in 2018, offering an interconnected ecosystem via the AiDot app for controlling devices from brands like Linkind, OREiN, and Winees, including lights, cameras, sensors, and appliances, with Matter compatibility for seamless integration across Alexa, Google Home, and Apple Home to create automated scenes for energy efficiency and convenience.",BRONZE_WEB,True,False,,
Ailicorn Inc,,62201,,Ailicorn Inc,,https://www.linkedin.com/company/alicorn-inc,"Ailicorn Inc. is a technology company providing AI-powered solutions for health and productivity, including chatbots like SalesChat™, HRChat™, and BenefitsChat™ integrated with platforms such as Microsoft Teams and Slack, alongside health tools like CareChat™ and Virtual Primary Care to enhance employee experiences, reduce insurance costs by 10-25%, and boost operational efficiency.",,,,,Re-searched," Ailicorn Inc. is a technology company providing AI-powered solutions for health and productivity, including chatbots like SalesChat™, HRChat™, and BenefitsChat™ integrated with platforms such as Microsoft Teams and Slack, alongside health tools like CareChat™ and Virtual Primary Care to enhance employee experiences, reduce insurance costs by 10-25%, and boost operational efficiency.",COPPER,False,False,,
Aiminify,,62100,,Aiminify,,https://www.linkedin.com/company/aiminify,"Aiminify, founded in 2023 and headquartered in Amersfoort, Netherlands, offers user-friendly AI network compression tools for neural networks, enabling quick optimization of AI models to reduce size, increase speed, and lower carbon footprints with minimal quality loss through techniques like pruning, targeting developers and businesses for sustainable AI deployment.",,,,,Re-searched," Aiminify, founded in 2023 and headquartered in Amersfoort, Netherlands, offers user-friendly AI network compression tools for neural networks, enabling quick optimization of AI models to reduce size, increase speed, and lower carbon footprints with minimal quality loss through techniques like pruning, targeting developers and businesses for sustainable AI deployment.",COPPER,False,False,,
AImoji,"We transform simple text into dynamic, personalized emojis and avatars using advanced generative AI. We're building the next universal language for digital health.",62801,,AImoji,https://www.aimojitech.com/products,https://www.linkedin.com/company/aimoji,"AImoji is a U.S.-based AI startup specializing in human-centered digital health innovations, particularly speech-based digital biomarkers for early cognitive impairment screening via its flagship KinaBot platform, which enables real-time, scalable assessments for clinical trials, pharma R&D, and population health monitoring, with integrations for individual data management and analytics for medical centers.",True,Unknown,✅ GOOD,All checks passed.,Skipped - Valid,"We transform simple text into dynamic, personalized emojis and avatars using advanced generative AI. We're building the next universal language for digital health. AImoji is a U.S.-based AI startup specializing in human-centered digital health innovations, particularly speech-based digital biomarkers for early cognitive impairment screening via its flagship KinaBot platform, which enables real-time, scalable assessments for clinical trials, pharma R&D, and population health monitoring, with integrations for individual data management and analytics for medical centers.",BRONZE_WEB,True,False,,
aiMotive,"aiMotive is an automated driving company with a robust, reliable, automotive-grade tooling and embedded solutions product portfolio.",Westgate Hospitality Suites,,aiMotive,,https://www.linkedin.com/company/aimotive,"aiMotive is a Budapest-based automotive technology company acquired by Stellantis in 2022, developing AI-driven automated driving solutions including simulation tools (aiSim), data processing (aiData), and embedded hardware (aiWare) to enable OEMs to deploy scalable ADAS and autonomous features efficiently, with offices in the US, Japan, and Europe for global partnerships.",,,,,Re-searched,"aiMotive is an automated driving company with a robust, reliable, automotive-grade tooling and embedded solutions product portfolio. aiMotive is a Budapest-based automotive technology company acquired by Stellantis in 2022, developing AI-driven automated driving solutions including simulation tools (aiSim), data processing (aiData), and embedded hardware (aiWare) to enable OEMs to deploy scalable ADAS and autonomous features efficiently, with offices in the US, Japan, and Europe for global partnerships.",COPPER,False,False,,
Aina Tech Inc.,,FT-15,,Aina Tech Inc.,https://www.kaainamomona.org/aina,https://www.linkedin.com/company/ainatech,"Aina Tech Inc. is a media technology company revolutionizing content creation with holographic and volumetric capture solutions for live concerts and filmmaking, providing directors flexibility in production and post-production through VR/AR innovations, led by experts from Dolby and startups in XR technologies.",,,,,Re-searched," Aina Tech Inc. is a media technology company revolutionizing content creation with holographic and volumetric capture solutions for live concerts and filmmaking, providing directors flexibility in production and post-production through VR/AR innovations, led by experts from Dolby and startups in XR technologies.",BRONZE_WEB,True,False,,
"Aiper Intelligent, LLC","Aiper is the leading global creator of eco-friendly, cordless robotic pool cleaners on a mission to create simple, smart cleaning solutions.",52310,,"Aiper Intelligent, LLC",https://aiper.com/us/home,https://www.linkedin.com/company/aiper-global,"Aiper Intelligent, LLC is a global leader in cordless robotic pool cleaners, offering award-winning products like the Scuba series for efficient debris removal from floors, walls, and waterlines, with a focus on user-friendly, lightweight designs and commitments to sustainability through donations supporting clean water initiatives.",True,Unknown,✅ GOOD,All checks passed.,Skipped - Valid,"Aiper is the leading global creator of eco-friendly, cordless robotic pool cleaners on a mission to create simple, smart cleaning solutions. Aiper Intelligent, LLC is a global leader in cordless robotic pool cleaners, offering award-winning products like the Scuba series for efficient debris removal from floors, walls, and waterlines, with a focus on user-friendly, lightweight designs and commitments to sustainability through donations supporting clean water initiatives.",BRONZE_WEB,True,False,,
airaTrack,,62201,,airaTrack,,Not found,"Detailed information on airaTrack could not be reliably sourced; it may be a niche tracking or IoT company, but no official website or confirmed summary was identified from available searches.",,,,,Re-searched," Detailed information on airaTrack could not be reliably sourced; it may be a niche tracking or IoT company, but no official website or confirmed summary was identified from available searches.",COPPER,False,False,,
AirGemba,,63432,,AirGemba,,https://www.linkedin.com/company/airgemba,"AirGemba is an industrial IoT platform providing cloud-based solutions for operational continuity, integrating LoRaWAN devices, MQTT gateways, AI analytics, and predictive maintenance to monitor equipment, minimize downtime, optimize efficiency, and reduce costs across manufacturing and industrial sectors.",,,,,Re-searched," AirGemba is an industrial IoT platform providing cloud-based solutions for operational continuity, integrating LoRaWAN devices, MQTT gateways, AI analytics, and predictive maintenance to monitor equipment, minimize downtime, optimize efficiency, and reduce costs across manufacturing and industrial sectors.",COPPER,False,False,,
Airoma AI Limited,World’s First AI Driven True Smell Recognition Sensor - Pioneer in true smell recognition by combining MEMS technology and AI learning to bring smell recognition into everyday applications.,63200,,Airoma AI Limited,,Not found on website,"Airoma AI Limited is a fabless semiconductor startup founded by UC Berkeley PhDs, developing AI-driven smell recognition sensors using MEMS technology for real-time odor detection and dataset creation, enabling applications in scent analysis, environmental monitoring, and sensory tech innovations.",,,,,Re-searched,"World’s First AI Driven True Smell Recognition Sensor - Pioneer in true smell recognition by combining MEMS technology and AI learning to bring smell recognition into everyday applications. Airoma AI Limited is a fabless semiconductor startup founded by UC Berkeley PhDs, developing AI-driven smell recognition sensors using MEMS technology for real-time odor detection and dataset creation, enabling applications in scent analysis, environmental monitoring, and sensory tech innovations.",COPPER,False,False,,
Airvida Inc,,62201,,Airvida Inc,,Not found,"Detailed information on Airvida Inc could not be reliably sourced; it may be an emerging or niche company in air-related technologies or health, but no official website or confirmed summary was identified from available searches.",,,,,Re-searched," Detailed information on Airvida Inc could not be reliably sourced; it may be an emerging or niche company in air-related technologies or health, but no official website or confirmed summary was identified from available searches.",COPPER,False,False,,
AIsolution,"Leading the Paradigm of Learning and Meeting Solutions for AI Smart Classrooms and Offices We are evolving into a global artificial intelligence convergence development company, delivering the best...",50763,,AIsolution,,Not found,"Detailed information on AIsolution could not be reliably sourced; it appears to be a consumer electronics company attending CES 2024, possibly focused on AI solutions, but no official website or confirmed summary was identified from available searches.",,,,,Re-searched,"Leading the Paradigm of Learning and Meeting Solutions for AI Smart Classrooms and Offices We are evolving into a global artificial intelligence convergence development company, delivering the best... Detailed information on AIsolution could not be reliably sourced; it appears to be a consumer electronics company attending CES 2024, possibly focused on AI solutions, but no official website or confirmed summary was identified from available searches.",COPPER,False,False,,
Aispeakin,,62201,,Aispeakin,,Not found on website,"AIspeakin is a technology company providing advanced speech recognition, transcription, and translation services, leveraging AI to enable accurate, real-time language processing for applications in communication, content creation, and accessibility tools.",,,,,Re-searched," AIspeakin is a technology company providing advanced speech recognition, transcription, and translation services, leveraging AI to enable accurate, real-time language processing for applications in communication, content creation, and accessibility tools.",COPPER,False,False,,
Aispex,"Advanced Integrated Systems for Power Exchange (AISPEX), is a pioneering company poised to revolutionize the energy storage and EV charging industry. Headquartered in Texas, AISPEX is on the forefront...",7240,,Aispex,https://aispex.com/,https://www.linkedin.com/company/aispex,"AISPEX (Advanced Integrated Systems for Power Exchange) is a Texas-based pioneer in renewable energy solutions, specializing in battery energy storage systems (BESS), EV charging technologies, and virtual power plants (VPP) like the EnerVision platform, enabling users to sell excess energy back to the grid for enhanced efficiency and sustainability in energy and e-mobility sectors.",True,Unknown,✅ GOOD,All checks passed.,Skipped - Valid,"Advanced Integrated Systems for Power Exchange (AISPEX), is a pioneering company poised to revolutionize the energy storage and EV charging industry. Headquartered in Texas, AISPEX is on the forefront... AISPEX (Advanced Integrated Systems for Power Exchange) is a Texas-based pioneer in renewable energy solutions, specializing in battery energy storage systems (BESS), EV charging technologies, and virtual power plants (VPP) like the EnerVision platform, enabling users to sell excess energy back to the grid for enhanced efficiency and sustainability in energy and e-mobility sectors.",BRONZE_WEB,True,False,,
"AIStorm, Inc.","AIStorm develops charge-domain computing chips and IP that deliver AI, memory, and digital processing directly in silicon—up to 100× more efficient and 30× smaller than transistor-based designs, enabl...",9555,,"AIStorm, Inc.",,https://www.linkedin.com/company/aistorm,"AIStorm, Inc. is an AI-in-Sensor technology company developing ultra-low-power SoCs for edge AI applications, including high-speed imagers up to 260,000 fps for machine vision, audio keyword spotting ICs at 18µA, and solutions for biometrics, gunshot detection, retail analytics, and home automation, eliminating digitization latency and power demands for always-on processing.",,,,,Re-searched,"AIStorm develops charge-domain computing chips and IP that deliver AI, memory, and digital processing directly in silicon—up to 100× more efficient and 30× smaller than transistor-based designs, enabl... AIStorm, Inc. is an AI-in-Sensor technology company developing ultra-low-power SoCs for edge AI applications, including high-speed imagers up to 260,000 fps for machine vision, audio keyword spotting ICs at 18µA, and solutions for biometrics, gunshot detection, retail analytics, and home automation, eliminating digitization latency and power demands for always-on processing.",COPPER,False,False,,
aIthena AI.Inc,"AIthena is a software GenAI platform on edge computing. It removes barriers to AI adoption, enabling businesses to build, deploy, and optimize AI instantly without coding or cloud reliance. No need to...",62201,,aIthena AI.Inc,,Not found on website,"aIthena AI Inc. is an educational technology company providing an AI-powered personalized teaching companion for K-12 computer science curricula, supporting platforms like Scratch, robotics, and AP CS by offering real-time assistance, question-answering, student engagement suggestions, and interdisciplinary integrations to bridge knowledge gaps and enhance learning outcomes.",,,,,Re-searched,"AIthena is a software GenAI platform on edge computing. It removes barriers to AI adoption, enabling businesses to build, deploy, and optimize AI instantly without coding or cloud reliance. No need to... aIthena AI Inc. is an educational technology company providing an AI-powered personalized teaching companion for K-12 computer science curricula, supporting platforms like Scratch, robotics, and AP CS by offering real-time assistance, question-answering, student engagement suggestions, and interdisciplinary integrations to bridge knowledge gaps and enhance learning outcomes.",COPPER,False,False,,
Aitronics Inc.,,62201,,Aitronics Inc.,,Not found,"Detailed information on Aitronics Inc. could not be reliably sourced; it appears to be a niche electronics or avionics company, possibly related to airtronics variants in military or aviation tech, but no official website or confirmed summary was identified from available searches.",,,,,Re-searched," Detailed information on Aitronics Inc. could not be reliably sourced; it appears to be a niche electronics or avionics company, possibly related to airtronics variants in military or aviation tech, but no official website or confirmed summary was identified from available searches.",COPPER,False,False,,
"Aiworks Global, Inc.",,54109,,"Aiworks Global, Inc.",,Not found on website,"Aiworks Global, Inc. is a health-focused office technology brand under backrobo, specializing in AI-driven ergonomic chairs that adapt to individual body types and sitting habits for lumbar support, posture monitoring, and prevention of occupational diseases from prolonged sitting, boosting work efficiency through personalized wellness solutions.",,,,,Re-searched," Aiworks Global, Inc. is a health-focused office technology brand under backrobo, specializing in AI-driven ergonomic chairs that adapt to individual body types and sitting habits for lumbar support, posture monitoring, and prevention of occupational diseases from prolonged sitting, boosting work efficiency through personalized wellness solutions.",COPPER,False,False,,
Aizip,"Aizip builds tiny AI models for edge and endpoint devices. With 4 years of experience and well established industry partners in consumer, hardware, and enterprise, they build the most robust solutions...",9021,,Aizip,https://aizip.ai/,https://www.linkedin.com/company/aizip,"Aizip is a Silicon Valley-based AIoT leader developing tinyML models and automated design tools for edge devices in vision (AIV), audio (AIA), and time-series (AIT) applications, enabling efficient, scalable AI for smart homes, security, and industrial uses with breakthrough neural networks that deliver superior performance in low-power environments.",True,Unknown,✅ GOOD,All checks passed.,Skipped - Valid,"Aizip builds tiny AI models for edge and endpoint devices. With 4 years of experience and well established industry partners in consumer, hardware, and enterprise, they build the most robust solutions... Aizip is a Silicon Valley-based AIoT leader developing tinyML models and automated design tools for edge devices in vision (AIV), audio (AIA), and time-series (AIT) applications, enabling efficient, scalable AI for smart homes, security, and industrial uses with breakthrough neural networks that deliver superior performance in low-power environments.",BRONZE_WEB,True,False,,
"Akari, LLC","AKARI, LLC, a joint venture between AMI and DNP, is dedicated to the advancement of GHLC (Guest‑Host Liquid Crystal) technology. Our Light Control Film is a smart glass that shifts instantly between c...",6973,,"Akari, LLC",https://akari-lcf.com/about-us,Not found,"Detailed information on Akari, LLC could not be reliably sourced; it may be a niche technology or design firm, but no official website or confirmed summary was identified from available searches.",True,Unknown,✅ GOOD,All checks passed.,Re-searched,"AKARI, LLC, a joint venture between AMI and DNP, is dedicated to the advancement of GHLC (Guest‑Host Liquid Crystal) technology. Our Light Control Film is a smart glass that shifts instantly between c... Detailed information on Akari, LLC could not be reliably sourced; it may be a niche technology or design firm, but no official website or confirmed summary was identified from available searches.",BRONZE_WEB,True,False,,
Akko,,31139,,Akko,https://en.akkogear.com/,Not found on website,"Akko is a Shenzhen-based designer and manufacturer of professional gaming mechanical keyboards, switches, keycaps, and peripherals since 2016, emphasizing lifestyle-inspired aesthetics and cultural elements like anime collaborations, with products sold in over 60 countries and a focus on customizable, high-quality components for enthusiasts.",,,,,Re-searched," Akko is a Shenzhen-based designer and manufacturer of professional gaming mechanical keyboards, switches, keycaps, and peripherals since 2016, emphasizing lifestyle-inspired aesthetics and cultural elements like anime collaborations, with products sold in over 60 countries and a focus on customizable, high-quality components for enthusiasts.",BRONZE_WEB,True,False,,
Alarm.Com Incorporated,"Alarm.com is the leading platform for the intelligently connected property. Millions of consumers and businesses depend on our technology for their security, video, access control, automation, energy ...",Suite 29-103,,,,,,,,,,Re-searched,"Alarm.com is the leading platform for the intelligently connected property. Millions of consumers and businesses depend on our technology for their security, video, access control, automation, energy ... ",COPPER,False,False,,
ALGBIO,"Algbio treats wastewater and captures CO2 to produce biofuel, bioplastic, bioproducts and generate carbon credits",63432,,,https://www.algbio.com/,,,True,Unknown,✅ GOOD,All checks passed.,Skipped - Valid,"Algbio treats wastewater and captures CO2 to produce biofuel, bioplastic, bioproducts and generate carbon credits ",BRONZE_WEB,True,False,,
Algorized,"Algorized software platform leverages proprietary machine learning algorithms and advanced sensor fusion techniques, including ultra-wideband (UWB) and wireless sensors, to enable real-time human pres...",51239,,,https://www.algorized.com/,,,True,Unknown,✅ GOOD,All checks passed.,Skipped - Valid,"Algorized software platform leverages proprietary machine learning algorithms and advanced sensor fusion techniques, including ultra-wideband (UWB) and wireless sensors, to enable real-time human pres... ",BRONZE_WEB,True,False,,
ALGOS,"Algos revolutionizes enterprise AI with tailored assistants for every team member—customized yet plug-and-play, a breakthrough made possible by our real-time data normalization technology. Achieving <...",60415,,,https://www.algospathways.com/,,,True,Unknown,✅ GOOD,All checks passed.,Skipped - Valid,"Algos revolutionizes enterprise AI with tailored assistants for every team member—customized yet plug-and-play, a breakthrough made possible by our real-time data normalization technology. Achieving <... ",BRONZE_WEB,True,False,,
Alivon AG,,61220,,,,,,,,,,Re-searched, ,INSUFFICIENT,False,False,,No website found via search
All The Time Inc.,"[Honoree : The Guide, AI Predictive Safety Ecosystem for Women] All The Time Inc. is a state-of-the-art safety products specialist built on the principle of keeping everyday life safe with small prep...",50335,,,,,,,,,,Re-searched,"[Honoree : The Guide, AI Predictive Safety Ecosystem for Women] All The Time Inc. is a state-of-the-art safety products specialist built on the principle of keeping everyday life safe with small prep... ",COPPER,False,False,,
Allied Powers LLC,,31450,,,https://www.alliedbenefit.com/,,,,,,,Re-searched, ,BRONZE_WEB,True,False,,
Allviews Technology,"Allviews Technology transforms everyday routines with advanced robotics and smart product design. From specialized pet care solutions to versatile home innovations and beyond, we deliver practical app...",51426,,,https://allviewstech.com/,,,True,Unknown,✅ GOOD,All checks passed.,Re-searched,"Allviews Technology transforms everyday routines with advanced robotics and smart product design. From specialized pet care solutions to versatile home innovations and beyond, we deliver practical app... ",BRONZE_WEB,True,False,,
ALMAX,"Design & Manufacturing Services: include Membrane Switches, Capacitive Switches & Sensing, Force Sensing, BioSensors, Smart Keypads, Integrated Assemblies, Rubber Keypads, Graphic Overlays, Printed El...",8776,,,https://almaxeis.com/,,,True,Unknown,✅ GOOD,All checks passed.,Skipped - Valid,"Design & Manufacturing Services: include Membrane Switches, Capacitive Switches & Sensing, Force Sensing, BioSensors, Smart Keypads, Integrated Assemblies, Rubber Keypads, Graphic Overlays, Printed El... ",COPPER,False,False,,
Alphonso Inc.,"LG Ad Solutions, incorporated as Alphonso Inc., is a global leader in advanced advertising for Connected TV and cross-screen devices, driven by our mission to create meaningful connections between bra...","Aria Hospitality Suites, Aria Hospitality Suites 2",,,https://alphonso.tv/,,,True,Unknown,✅ GOOD,All checks passed.,Re-searched,"LG Ad Solutions, incorporated as Alphonso Inc., is a global leader in advanced advertising for Connected TV and cross-screen devices, driven by our mission to create meaningful connections between bra... ",COPPER,False,False,,
Alpinestars Inc.,Alpinestars has been redefining protection for motorcyclists since the company was established in 1963. Commitment to innovation has led Alpinestars to become the world-leading manufacturer of profess...,3225,,,,,,,,,,Re-searched,Alpinestars has been redefining protection for motorcyclists since the company was established in 1963. Commitment to innovation has led Alpinestars to become the world-leading manufacturer of profess... ,COPPER,False,False,,
AlumaPower,,50755,,,,,,,,,,Re-searched, ,INSUFFICIENT,False,False,,No website found via search
Amazon,Amazon for Automotive features Amazon Smart Vehicles and AWS for Automotive.,4099,,,,,,,,,,Re-searched,Amazon for Automotive features Amazon Smart Vehicles and AWS for Automotive. ,COPPER,False,False,,
Amazon Ads,,"Aria Hospitality Suites, Aria Hospitality Suites 2, Aria Hospitality Suites 3 + 5 more",,,,,,,,,,Re-searched, ,INSUFFICIENT,False,False,,No website found via search
Amazon Prime Video,,"Aria Hospitality Suites, Aria Hospitality Suites 2",,,,,,,,,,Re-searched, ,INSUFFICIENT,False,False,,No website found via search
Amazon.com Services LLC,,Venetian G-J,,,,,,,,,,Re-searched, ,INSUFFICIENT,False,False,,No website found via search
"Ambient Scientific, Inc.","Powered by groundbreaking innovations, Ambient Scientific brings both the software and hardware (Programmable AI processor chip) technologies to unleash the magic of AI in portable, tiny, battery powe...",8263,,,,,,,,,,Re-searched,"Powered by groundbreaking innovations, Ambient Scientific brings both the software and hardware (Programmable AI processor chip) technologies to unleash the magic of AI in portable, tiny, battery powe... ",COPPER,False,False,,
Ambilight Inc,"We are the world's only innovative tech company that has achieved mass production of large-area curved electrochromic products. Founded in 2017, we have branches in Silicon Valley, West Lafayette, She...",6353,,,https://en.ambilight.com/privacy.html,,,True,Unknown,✅ GOOD,All checks passed.,Skipped - Valid,"We are the world's only innovative tech company that has achieved mass production of large-area curved electrochromic products. Founded in 2017, we have branches in Silicon Valley, West Lafayette, She... ",BRONZE_WEB,True,False,,
Ambyon (Ambee B.V.),,62100,,,,,,,,,,Re-searched, ,INSUFFICIENT,False,False,,No website found via search
American Registry For Internet Numbers (ARIN),"ARIN is the nonprofit corporation that manages the distribution of Internet number resources – IPv4, IPv6, and Autonomous System Numbers (ASNs) – in many Caribbean and North Atlantic islands, Canada, ...",10579,,,https://www.teamarin.com/about/media/,,,True,Unknown,✅ GOOD,All checks passed.,Skipped - Valid,"ARIN is the nonprofit corporation that manages the distribution of Internet number resources – IPv4, IPv6, and Autonomous System Numbers (ASNs) – in many Caribbean and North Atlantic islands, Canada, ... ",COPPER,False,False,,
"Amprius Technologies, Inc.","Amprius Technologies pioneers the next era of energy storage with high-energy, high-power silicon-anode lithium-ion batteries. We deliver the industry's highest energy densities (up to $450$ Wh/kg and...",4275,,,,,,,,,,Re-searched,"Amprius Technologies pioneers the next era of energy storage with high-energy, high-power silicon-anode lithium-ion batteries. We deliver the industry's highest energy densities (up to $450$ Wh/kg and... ",COPPER,False,False,,
ams OSRAM,"The ams OSRAM Group is a global leader in intelligent sensors and emitters. By adding intelligence to light and passion to innovation, we enrich people’s lives. Our invited guests will “Sense the Powe...",San Polo 3402,,,https://www.osram.us/cb/,,,True,Unknown,✅ GOOD,All checks passed.,Skipped - Valid,"The ams OSRAM Group is a global leader in intelligent sensors and emitters. By adding intelligence to light and passion to innovation, we enrich people’s lives. Our invited guests will “Sense the Powe... ",BRONZE_WEB,True,False,,
ANA,"Air to Ethanol! We have pioneered a revolutionary Atmosphere-to-Ethanol technology (CARBASIA) that directly converts atmospheric CO2 into ethanol.Our highly efficient, Made-in-Japan system utilizes an...",9666,,,,,,,,,,Re-searched,"Air to Ethanol! We have pioneered a revolutionary Atmosphere-to-Ethanol technology (CARBASIA) that directly converts atmospheric CO2 into ethanol.Our highly efficient, Made-in-Japan system utilizes an... ",COPPER,False,False,,
Analog Devices,"Analog Devices operates at the Intelligent Edge where the physical and digital worlds converge, where data is born, and actionable insights are generated. We look forward to meeting you at CES 2026, w...","5475, W237, W238",,,https://www.analog.com/ru/index.html?spoor-id=ckz0d2kht00003g64pxyda3dq,,,True,Unknown,✅ GOOD,All checks passed.,Skipped - Valid,"Analog Devices operates at the Intelligent Edge where the physical and digital worlds converge, where data is born, and actionable insights are generated. We look forward to meeting you at CES 2026, w... ",COPPER,False,False,,
Analogue Plus,"Add analogue in technology. Analogue-plus is a start-up company started from Samsung's c-lab, currently running premium helmet brand, CRNK. We always consider both protection and technology, in strivi...",50523,,,https://www.analogue.co/pocket,,,True,Unknown,✅ GOOD,All checks passed.,Skipped - Valid,"Add analogue in technology. Analogue-plus is a start-up company started from Samsung's c-lab, currently running premium helmet brand, CRNK. We always consider both protection and technology, in strivi... ",BRONZE_WEB,True,False,,
ANELLO Photonics,"ANELLO Photonics is creating navigation solutions for autonomy in GPS-Denied environments. ANELLO's Silicon Photonics Optical Gyroscope (SiPhOG) is a low-noise, low-drift optical gyroscope used for In...",10077,,,https://www.anellophotonics.com/,,,True,Unknown,✅ GOOD,All checks passed.,Re-searched,"ANELLO Photonics is creating navigation solutions for autonomy in GPS-Denied environments. ANELLO's Silicon Photonics Optical Gyroscope (SiPhOG) is a low-noise, low-drift optical gyroscope used for In... ",BRONZE_WEB,True,False,,
AniMed Technology Limited,"AniMed Technology Limited is a high-tech startup focused on edge intelligence and fiber optic sensing technologies, dedicated to developing next-generation vital sign monitoring systems. Integrating h...",63200,,,https://animedtech.com:8888/,,,True,Unknown,✅ GOOD,All checks passed.,Re-searched,"AniMed Technology Limited is a high-tech startup focused on edge intelligence and fiber optic sensing technologies, dedicated to developing next-generation vital sign monitoring systems. Integrating h... ",BRONZE_WEB,True,False,,
Anivance AI Corporation,Anivance AI Corporation is a tech startup integrating miniaturized human organ systems on chips with Multi-Agent AI to accelerate drug discovery. Backed by 35 patents and thousands of data points acro...,53410,,,,,,,,,,Re-searched,Anivance AI Corporation is a tech startup integrating miniaturized human organ systems on chips with Multi-Agent AI to accelerate drug discovery. Backed by 35 patents and thousands of data points acro... ,COPPER,False,False,,
Anker Innovations - PR,Anker Innovations is a global smart hardware technology company driven by ultimate innovation.,Suite 29-136,,,https://www.anker.com/,,,True,Unknown,✅ GOOD,All checks passed.,Re-searched,Anker Innovations is a global smart hardware technology company driven by ultimate innovation. ,BRONZE_WEB,True,False,,
Anoki Inc.,"Anoki is reimagining the FAST streaming video experience using Generative AI to deliver magical ad experiences and deep user engagement. Anoki makes video ads highly relevant, deeply contextualized, a...",Aria Hospitality Suites,,,,,,,,,,Re-searched,"Anoki is reimagining the FAST streaming video experience using Generative AI to deliver magical ad experiences and deep user engagement. Anoki makes video ads highly relevant, deeply contextualized, a... ",COPPER,False,False,,
ANT Systems Nano Tech,"We are a technology company built at the intersection of innovation, agriculture, and environmental stewardship. Our flagship solutions, including Nanotern™, Insease, and Antimic Agro, are designed...",63432,,,,,,,,,,Re-searched,"We are a technology company built at the intersection of innovation, agriculture, and environmental stewardship. Our flagship solutions, including Nanotern™, Insease, and Antimic Agro, are designed... ",COPPER,False,False,,
Antenova,"Antenova is a leading supplier of high-performance antennas & RF solutions since 2001. We provide comprehensive design advice, technical support & testing service. We have supplied the world with ea...",10576,,,,,,,,,,Re-searched,"Antenova is a leading supplier of high-performance antennas & RF solutions since 2001. We provide comprehensive design advice, technical support & testing service. We have supplied the world with ea... ",COPPER,False,False,,
Anthbot,,52659,,,,,,,,,,Re-searched, ,INSUFFICIENT,False,False,,No website found via search
Antigravity,,14044,,,https://antigravity.google/blog/introducing-google-antigravity,,,,,,,Re-searched, ,BRONZE_WEB,True,False,,
AOA Medical,,54273,,,,,,,,,,Re-searched, ,INSUFFICIENT,False,False,,No website found via search
Apecoo,"Apecoo and CHEF AI are redefining the smart kitchen. Powered by CHEF AI’s autonomous cooking platform, Apecoo’s appliances cook any dish with one touch delivering precision, adaptability, and true con...",51616,,,https://www.apecoo.com/,,,True,Unknown,✅ GOOD,All checks passed.,Re-searched,"Apecoo and CHEF AI are redefining the smart kitchen. Powered by CHEF AI’s autonomous cooking platform, Apecoo’s appliances cook any dish with one touch delivering precision, adaptability, and true con... ",BRONZE_WEB,True,False,,
Apeer2,,35640,,,,,,,,,,Re-searched, ,INSUFFICIENT,False,False,,No website found via search
Appning by FORVIA,,Suite 35-309,,,,,,,,,,Re-searched, ,INSUFFICIENT,False,False,,No website found via search
Appscent Medical,,53423,,,,,,,,,,Re-searched, ,INSUFFICIENT,False,False,,No website found via search
Aptiv,"At CES 2026, Aptiv will showcase solutions that bring intelligent, connected applications into the physical world — from ruggedized sensors and compute to high-performance software for autonomy, per...",Beach Lot,,,https://www.aptiv.com/,,,True,Unknown,✅ GOOD,All checks passed.,Skipped - Valid,"At CES 2026, Aptiv will showcase solutions that bring intelligent, connected applications into the physical world — from ruggedized sensors and compute to high-performance software for autonomy, per... ",BRONZE_WEB,True,False,,
Aqara LLC,"Aqara has a broad smart home portfolio featuring lighting, door locks, sensors and cameras, and serves 11M+ customers. Focused on simplifying smart homes, Aqara embraces the Matter standard, ensuring ...",51229,,,https://www.aqara.com/en/,,,True,Unknown,✅ GOOD,All checks passed.,Re-searched,"Aqara has a broad smart home portfolio featuring lighting, door locks, sensors and cameras, and serves 11M+ customers. Focused on simplifying smart homes, Aqara embraces the Matter standard, ensuring ... ",BRONZE_WEB,True,False,,
"Aramhuvis Co.,Ltd","Aram Huvis was formed by combining \""Aram,\"" which means \""beautiful person,\"" with \""Huvis,\"" derived from the Human Vision System. For the past 22 years, we have grown to be a leading company in ...",50017,,,,,,,,,,Re-searched,"Aram Huvis was formed by combining \""Aram,\"" which means \""beautiful person,\"" with \""Huvis,\"" derived from the Human Vision System. For the past 22 years, we have grown to be a leading company in ... ",COPPER,False,False,,
Arbe,"Arbe, the leader in Ultra-HD Radar for Perception, offers the key technology enabling safe, reliable, eyes-off driving at full highway speeds. Its 2,304 channel array delivers 300m+ free-space mapping...",4551,,,,,,,,,,Re-searched,"Arbe, the leader in Ultra-HD Radar for Perception, offers the key technology enabling safe, reliable, eyes-off driving at full highway speeds. Its 2,304 channel array delivers 300m+ free-space mapping... ",COPPER,False,False,,
Arcadyan Technology Corporation,,Suite 34-309,,,,,,,,,,Re-searched, ,INSUFFICIENT,False,False,,No website found via search
ARCALINK,,62919,,,,,,,,,,Re-searched, ,INSUFFICIENT,False,False,,No website found via search
Archi's Academy,"Archi’s Academy is an AI-powered experiential assessment platform that helps companies evaluate developers through real-world, GitHub-integrated projects, rather than traditional coding tests. We brid...",63432,,,https://archisacademy.com/,,,True,Unknown,✅ GOOD,All checks passed.,Re-searched,"Archi’s Academy is an AI-powered experiential assessment platform that helps companies evaluate developers through real-world, GitHub-integrated projects, rather than traditional coding tests. We brid... ",BRONZE_WEB,True,False,,
ARDGE,,62201,,,,,,,,,,Re-searched, ,INSUFFICIENT,False,False,,No website found via search
Arduino LLC,,Venetian Palazzo Hospitality Suites,,,https://forum.arduino.cc/t/arduino-ide-2-3-6-is-now-available/1371936,,,,,,,Re-searched, ,BRONZE_WEB,True,False,,
Argeron Medikal,"Argeron Medikal is an innovative company specializing in aging and biological age assessment, developing cutting-edge health technologies. We focus on in vitro diagnostic kits and biomarker- based tes...",63432,,,https://argeron.com.tr/,,,True,Unknown,✅ GOOD,All checks passed.,Skipped - Valid,"Argeron Medikal is an innovative company specializing in aging and biological age assessment, developing cutting-edge health technologies. We focus on in vitro diagnostic kits and biomarker- based tes... ",BRONZE_WEB,True,False,,
ARIA Hospitality Suites,,ARIA Hospitality Suites,,,https://aria.mgmresorts.com/en/contact-us.html,,,,,,,Re-searched, ,INSUFFICIENT,False,False,,No website found via search
Arkfusion Pte Ltd,,Zeno 4705,,,,,,,,,,Re-searched, ,INSUFFICIENT,False,False,,No website found via search
Arkon Resources Inc.,"Headquartered in Southern California, ARKON® Mounts is a leading global manufacturer of high-quality, professional-grade mounts and holders for tablets, smartphones, and other mobile devices. Founded ...",9551,,,,,,,,,,Re-searched,"Headquartered in Southern California, ARKON® Mounts is a leading global manufacturer of high-quality, professional-grade mounts and holders for tablets, smartphones, and other mobile devices. Founded ... ",COPPER,False,False,,
Arm Ltd,"Arm is the industry’s most energy-efficient, high-performance compute platform—driving innovation across every connected device. Together with the world’s largest computing ecosystem and 22 million de...","Veronese 2505, Veronese 2506",,,,,,,,,,Re-searched,"Arm is the industry’s most energy-efficient, high-performance compute platform—driving innovation across every connected device. Together with the world’s largest computing ecosystem and 22 million de... ",COPPER,False,False,,
ARPA-E,The Department of Energy Advanced Research Projects Agency-Energy (ARPA-E) funds and directs the discovery and development of outlier energy technologies to advance American-made energy for all. ARPA-...,9053,,,https://www.arpae-summit.com/,,,True,Unknown,✅ GOOD,All checks passed.,Skipped - Valid,The Department of Energy Advanced Research Projects Agency-Energy (ARPA-E) funds and directs the discovery and development of outlier energy technologies to advance American-made energy for all. ARPA-... ,BRONZE_WEB,True,False,,
Artificial Intelligence and Robotics Institute,,62643,,,,,,,,,,Re-searched, ,INSUFFICIENT,False,False,,No website found via search
Artly Coffee,"Our mission is to preserve, elevate, and democratize the fine craft of coffee making, rather than simplify it. When we started developing our barista bot technology, our priority was to never sacrific...",8141,,,https://artly.coffee/,,,True,Unknown,✅ GOOD,All checks passed.,Skipped - Valid,"Our mission is to preserve, elevate, and democratize the fine craft of coffee making, rather than simplify it. When we started developing our barista bot technology, our priority was to never sacrific... ",BRONZE_WEB,True,False,,
arvyax technologies private limited,"ArvyaX is pioneering Pseudo-Reality, a world beyond AR/VR where imagination becomes tangible. Powered by AI, our screen-free device, SoulStrip, awakens your senses to live, work, and dream inside real...",60445,,,https://www.arvyax.com/,,,True,Unknown,✅ GOOD,All checks passed.,Skipped - Valid,"ArvyaX is pioneering Pseudo-Reality, a world beyond AR/VR where imagination becomes tangible. Powered by AI, our screen-free device, SoulStrip, awakens your senses to live, work, and dream inside real... ",BRONZE_WEB,True,False,,
Arzopa,"ARZOPA ,established in 2020,aims to provide cutting-edge portable monitors that enhance productivity, entertainment, and creativity.As a high-tech enterprise with multiple patents, it has warehouses i...",18740,,,https://www.arzopa.com/,,,True,Unknown,✅ GOOD,All checks passed.,Skipped - Valid,"ARZOPA ,established in 2020,aims to provide cutting-edge portable monitors that enhance productivity, entertainment, and creativity.As a high-tech enterprise with multiple patents, it has warehouses i... ",BRONZE_WEB,True,False,,
Asahi Kasei Microdevices Corporation,Asahi Kasei Microdevices (AKM) operates an electronic components business as a member of the Asahi Kasei Group's material sector. AKM provides customers with unique products by combining the compound ...,54829,,,,,,,,,,Re-searched,Asahi Kasei Microdevices (AKM) operates an electronic components business as a member of the Asahi Kasei Group's material sector. AKM provides customers with unique products by combining the compound ... ,COPPER,False,False,,
ASC (Applied Sensor Co.),"Applied Sensor Co. is a smart textile company that turns your physical space into a discreet, accurate data source. Helping you unobtrusive monitor and gather insights from textiles in your surroundin...",60452,,,,,,,,,,Re-searched,"Applied Sensor Co. is a smart textile company that turns your physical space into a discreet, accurate data source. Helping you unobtrusive monitor and gather insights from textiles in your surroundin... ",COPPER,False,False,,
ASETEC,,50017,,,,,,,,,,Re-searched, ,INSUFFICIENT,False,False,,No website found via search
Asian Leaders Association,"We are an organization established in 2008 where ambitious executives challenging themselves in Asian and global markets gather, build networks, and pursue business growth. Current members are 400 com...",50263,,,,,,,,,,Re-searched,"We are an organization established in 2008 where ambitious executives challenging themselves in Asian and global markets gather, build networks, and pursue business growth. Current members are 400 com... ",COPPER,False,False,,
"Asmedia Technology, Inc.","We specialize in high-speed IC design and development, and have gained mastery of both the frond-end and back-end development, including digital logic design, analog design, and software development a...",Suite 29-315,,,,,,,,,,Re-searched,"We specialize in high-speed IC design and development, and have gained mastery of both the frond-end and back-end development, including digital logic design, analog design, and software development a... ",COPPER,False,False,,
ASPILSAN Enerji,"Lithium-ion cells produced by *ASPILSAN* can be used within radio systems , jammer devices , robotic & weapon systems , electric hand tools , medical batteries , hybrid vehicles , smart textile produc...",50759,,,,,,,,,,Re-searched,"Lithium-ion cells produced by *ASPILSAN* can be used within radio systems , jammer devices , robotic & weapon systems , electric hand tools , medical batteries , hybrid vehicles , smart textile produc... ",COPPER,False,False,,
Asrock Rack Incorporation,,35703,,,https://forum.asrock.com/forum_posts.asp?TID=113295,,,,,,,Re-searched, ,BRONZE_WEB,True,False,,
Association for Smarter Homes & Buildings (ASHB),"ASHB is an international not-for-profit industry association committed to advancing smarter homes & buildings. Supported by an international membership of over 350 companies, ASHB focuses on all aspec...",32434,,,,,,,,,,Re-searched,"ASHB is an international not-for-profit industry association committed to advancing smarter homes & buildings. Supported by an international membership of over 350 companies, ASHB focuses on all aspec... ",COPPER,False,False,,
Asuka Autotronics Inc.,,6677,,,,,,,,,,Re-searched, ,INSUFFICIENT,False,False,,No website found via search
Asus Computer International,,"San Polo 3403, San Polo 3404, San Polo 3504",,,,,,,,,,Re-searched, ,INSUFFICIENT,False,False,,No website found via search
ASYGN,"ASYGN makes chips that make it possible for electronic devices to analyze and understand what they see. We believe that humans will communicate with devices through sight, not through touch. Our lates...",60711,,,https://asygn.com/about-us/,,,True,Unknown,✅ GOOD,All checks passed.,Re-searched,"ASYGN makes chips that make it possible for electronic devices to analyze and understand what they see. We believe that humans will communicate with devices through sight, not through touch. Our lates... ",BRONZE_WEB,True,False,,
ASYM Inc.,,62801,,,https://asymammo.com/9-mm,,,,,,,Re-searched, ,INSUFFICIENT,False,False,,No website found via search
ATC+,,36011,,,,,,,,,,Re-searched, ,INSUFFICIENT,False,False,,No website found via search
AtData,"AtData brings 25+ years of leadership in email address intelligence — delivering secure, AI-powered validation, enrichment, and protection. With our proprietary network of 100B+ monthly signals, we va...",Aria Hospitality Suites,,,,,,,,,,Re-searched,"AtData brings 25+ years of leadership in email address intelligence — delivering secure, AI-powered validation, enrichment, and protection. With our proprietary network of 100B+ monthly signals, we va... ",COPPER,False,False,,
Atitan Inc.,"We cater to consumer and professional needs, by delivering sophisticated hardware that simplifies connections between proprietary technological devices and software that allows users to interact wit...",60265,,,https://www.atitaninc.com/contact-us,,,True,Unknown,✅ GOOD,All checks passed.,Re-searched,"We cater to consumer and professional needs, by delivering sophisticated hardware that simplifies connections between proprietary technological devices and software that allows users to interact wit... ",BRONZE_WEB,True,False,,
Atomic RFID,"Atomic RFID pioneers innovative, AI-powered access control solutions, proudly crafted in the USA. Our cutting-edge systems blend advanced technology with seamless design, delivering smarter, safer sec...",8400,,,,,,,,,,Re-searched,"Atomic RFID pioneers innovative, AI-powered access control solutions, proudly crafted in the USA. Our cutting-edge systems blend advanced technology with seamless design, delivering smarter, safer sec... ",COPPER,False,False,,
Attain,"Attain captures billions in live, permissioned consumer spend daily powering marketers to target, measure, and optimize for real-world sales outcomes. Built on direct relationships with over 10 millio...",Aria Hospitality Suites,,,,,,,,,,Re-searched,"Attain captures billions in live, permissioned consumer spend daily powering marketers to target, measure, and optimize for real-world sales outcomes. Built on direct relationships with over 10 millio... ",COPPER,False,False,,
Attic Inc.,"Attic is a data science firm specializing in the energy and environmental sectors. We deliver tailored AI solutions that enhance model accuracy, operational efficiency, and strategic decision-making. ...",62833,,,,,,,,,,Re-searched,"Attic is a data science firm specializing in the energy and environmental sectors. We deliver tailored AI solutions that enhance model accuracy, operational efficiency, and strategic decision-making. ... ",COPPER,False,False,,
Atym,,60847,,,,,,,,,,Re-searched, ,INSUFFICIENT,False,False,,No website found via search
AU,"AU Inc. is a leading developer of millimeter-wave based radar sensors for automotive sectors. Our technological strength lies in the detection of lifeforms, especially humans in cars. AU independently...",50523,,,,,,,,,,Re-searched,"AU Inc. is a leading developer of millimeter-wave based radar sensors for automotive sectors. Our technological strength lies in the detection of lifeforms, especially humans in cars. AU independently... ",COPPER,False,False,,
Audicon Corporation,"Ceretone, a brand under Audicon Corporation, is a leading provider of over-the-counter (OTC) hearing aids. Committed to providing accessible and affordable hearing solutions, Ceretone develops cutting...",54619,,,,,,,,,,Re-searched,"Ceretone, a brand under Audicon Corporation, is a leading provider of over-the-counter (OTC) hearing aids. Committed to providing accessible and affordable hearing solutions, Ceretone develops cutting... ",COPPER,False,False,,
AUDIOGUY,,62833,,,,,,,,,,Re-searched, ,INSUFFICIENT,False,False,,No website found via search
Audioscenic,"Audioscenic is an audio technology innovator based in Southampton, UK with a growing, global customer base. Audioscenic develops intensely researched audio technologies for home audio, gaming, autom...",Suite 29-124,,,,,,,,,,Re-searched,"Audioscenic is an audio technology innovator based in Southampton, UK with a growing, global customer base. Audioscenic develops intensely researched audio technologies for home audio, gaming, autom... ",COPPER,False,False,,
augmented_communications,Augmented Communications specializes in the research and development of computer systems and software powered by AI technology. In addition to designing IT strategies and driving digital transformatio...,61040,,,,,,,,,,Re-searched,Augmented Communications specializes in the research and development of computer systems and software powered by AI technology. In addition to designing IT strategies and driving digital transformatio... ,COPPER,False,False,,
AUO Corporation America,"AUO is a world-leading innovator in display technologies and solutions, our global group is diversifying across numerous vertical markets and industries, offering trusted expertise and proven technica...",N251,,,,,,,,,,Re-searched,"AUO is a world-leading innovator in display technologies and solutions, our global group is diversifying across numerous vertical markets and industries, offering trusted expertise and proven technica... ",COPPER,False,False,,
Aura Bilisim,"Aura Bilisim's Lophius is a mobile, plug-and-play slow-motion vision and edge analytics system with PLC-integrated event tagging that helps high-speed production lines capture hidden faults and micro-...",63432,,,,,,,,,,Re-searched,"Aura Bilisim's Lophius is a mobile, plug-and-play slow-motion vision and edge analytics system with PLC-integrated event tagging that helps high-speed production lines capture hidden faults and micro-... ",COPPER,False,False,,
Auria Robotics Inc,"We deliver a native AI platform and modular companion robot to support children with autism. Our solution offers affordable, personalized, and engaging learning across homes, schools, and clinics, bri...",61035,,,https://auriarobot.com/,,,True,Unknown,✅ GOOD,All checks passed.,Re-searched,"We deliver a native AI platform and modular companion robot to support children with autism. Our solution offers affordable, personalized, and engaging learning across homes, schools, and clinics, bri... ",BRONZE_WEB,True,False,,
AURZEN,"Aurzen is the entertainment technology brand that brings what matters into focus. Guided by the slogan ""Focus on The Good Stuff"" we design products that make life’s precious moments immersive and memo...",14244,,,,,,,,,,Re-searched,"Aurzen is the entertainment technology brand that brings what matters into focus. Guided by the slogan ""Focus on The Good Stuff"" we design products that make life’s precious moments immersive and memo... ",COPPER,False,False,,
Autel Energy,Autel Energy is a global leader in the development and manufacturing of electric vehicle (EV) charging solutions; featuring comprehensive cloud management and reporting. With a strong focus on perform...,6219,,,https://store.autel.com/,,,True,Unknown,✅ GOOD,All checks passed.,Re-searched,Autel Energy is a global leader in the development and manufacturing of electric vehicle (EV) charging solutions; featuring comprehensive cloud management and reporting. With a strong focus on perform... ,BRONZE_WEB,True,False,,
Autocrypt,"AUTOCRYPT is an automotive cybersecurity and mobility solutions company. It specializes in security software and PKI for in-vehicle systems, V2X communication, and Plug&Charge, as well as UN R155/156-...",4667,,,,,,,,,,Re-searched,"AUTOCRYPT is an automotive cybersecurity and mobility solutions company. It specializes in security software and PKI for in-vehicle systems, V2X communication, and Plug&Charge, as well as UN R155/156-... ",COPPER,False,False,,
Autodatas,"AUTODATAS provides solutions through an intelligent SaaS data platform “Darwin”. We have deep insight at automotive technology including costing, supply chain and sustainability.",3577,,,,,,,,,,Re-searched,"AUTODATAS provides solutions through an intelligent SaaS data platform “Darwin”. We have deep insight at automotive technology including costing, supply chain and sustainability. ",COPPER,False,False,,
Autofleet,"Autofleet is the leading optimization platform for fleets and mobility operators. It automates and streamlines day-to-day operations, and provides a turn-key platform for maximizing operational effici...",4466,,,,,,,,,,Re-searched,"Autofleet is the leading optimization platform for fleets and mobility operators. It automates and streamlines day-to-day operations, and provides a turn-key platform for maximizing operational effici... ",COPPER,False,False,,
Autovoltek,World 1st EV home charge robot.,4274,,,,,,,,,,Re-searched,World 1st EV home charge robot. ,COPPER,False,False,,
Auvergne Rhone-Alpes,"The Auvergne-Rhne-Alpes region (booth 60711) supports 38 innovatives start-ups, coached by Minalogic, they will present their innovations in artificial intelligence, IoT, smart city, environment and h...",60711,,,,,,,,,,Re-searched,"The Auvergne-Rhne-Alpes region (booth 60711) supports 38 innovatives start-ups, coached by Minalogic, they will present their innovations in artificial intelligence, IoT, smart city, environment and h... ",COPPER,False,False,,
Avatar Medical SAS,,60401,,,,,,,,,,Re-searched, ,INSUFFICIENT,False,False,,No website found via search
AVES Reality GmbH,,51242,,,,,,,,,,Re-searched, ,INSUFFICIENT,False,False,,No website found via search
"AVITA, Inc",,62801,,,,,,,,,,Re-searched, ,INSUFFICIENT,False,False,,No website found via search
AWIT,"AWIT, a Belgian startup, transforms business performance by optimizing your IT processes sustainably: reduce costs, enhance efficiency, and lower carbon emissions. Through digital innovation and AI, w...",61711,,,,,,,,,,Re-searched,"AWIT, a Belgian startup, transforms business performance by optimizing your IT processes sustainably: reduce costs, enhance efficiency, and lower carbon emissions. Through digital innovation and AI, w... ",COPPER,False,False,,
Axelera AI,Axelera AI is delivering the world’s most powerful and advanced solutions for AI at the Edge. Its industry-defining Metis™ AI platform – a complete hardware and software solution for AI inference at t...,Suite 29-111,,,,,,,,,,Re-searched,Axelera AI is delivering the world’s most powerful and advanced solutions for AI at the Edge. Its industry-defining Metis™ AI platform – a complete hardware and software solution for AI inference at t... ,COPPER,False,False,,
"AxEnd, Inc.","AxEnd, Inc. is a radar modules and solutions company. Showcasing a range of Radar products from senior care to security and drone detection. Come check us out!",8370,,,,,,,,,,Re-searched,"AxEnd, Inc. is a radar modules and solutions company. Showcasing a range of Radar products from senior care to security and drone detection. Come check us out! ",COPPER,False,False,,
Baracoda Daily Healthtech,Baracoda Daily Healthtech uses its IoT expertise to create innovative smart products that empower people to take control of their daily health.,60801,,,https://baracoda.com/,,,True,Unknown,✅ GOOD,All checks passed.,Re-searched,Baracoda Daily Healthtech uses its IoT expertise to create innovative smart products that empower people to take control of their daily health. ,BRONZE_WEB,True,False,,
Bark Technologies,,53865,,,,,,,,,,Re-searched, ,INSUFFICIENT,False,False,,No website found via search
Barkan Mounting Systems,"Barkan Mounts has 35 years of experience manufacturing TV mounts and other mounting solutions. In the US, our products sell on Amazon and other e-tailers as well as at chain stores such as Bi-Mart and...",20017,,,https://www.barkanmounts.com/,,,True,Unknown,✅ GOOD,All checks passed.,Re-searched,"Barkan Mounts has 35 years of experience manufacturing TV mounts and other mounting solutions. In the US, our products sell on Amazon and other e-tailers as well as at chain stores such as Bi-Mart and... ",BRONZE_WEB,True,False,,
Barkingdog.ai,,62201,,,,,,,,,,Re-searched, ,INSUFFICIENT,False,False,,No website found via search
"Barreleye, Inc.",,62633,,,,,,,,,,Re-searched, ,INSUFFICIENT,False,False,,No website found via search
Barunbio Inc.,"BarunBio is a company specializing in anti-aging solutions across apparel, beauty, and medical industries. Our core technology utilizes micro-electric energy generated from daily movements—without the...",54669,,,,,,,,,,Re-searched,"BarunBio is a company specializing in anti-aging solutions across apparel, beauty, and medical industries. Our core technology utilizes micro-electric energy generated from daily movements—without the... ",COPPER,False,False,,
Base Case,"Base Case is empowering digital nomads to achieve their highest potential, no matter where their journey takes them. We offer ultimate convenience in portability and productivity with dual 24” screens...",35700,,,,,,,,,,Re-searched,"Base Case is empowering digital nomads to achieve their highest potential, no matter where their journey takes them. We offer ultimate convenience in portability and productivity with dual 24” screens... ",COPPER,False,False,,
Base Industrial,,51867,,,,,,,,,,Re-searched, ,INSUFFICIENT,False,False,,No website found via search
Basemark,"We make driving safer with AI-based Augmented Reality software. Basemark is a forerunning provider of software & tooling solutions for advanced automotive AR application development. Our solution, ...",Venetian Palazzo Hospitality Suites,,,https://web.basemark.com/,,,True,Unknown,✅ GOOD,All checks passed.,Skipped - Valid,"We make driving safer with AI-based Augmented Reality software. Basemark is a forerunning provider of software & tooling solutions for advanced automotive AR application development. Our solution, ... ",BRONZE_WEB,True,False,,
"Basement Defender, LLC","Basement Defender™ is the only proactive smart home sump pump monitoring system that tests your sump pump every day. Our patented technology delivers daily automated tests, 24/7 monitoring, and instan...",51673,,,https://basementdefender.com/home/,,,True,Unknown,✅ GOOD,All checks passed.,Skipped - Valid,"Basement Defender™ is the only proactive smart home sump pump monitoring system that tests your sump pump every day. Our patented technology delivers daily automated tests, 24/7 monitoring, and instan... ",COPPER,False,False,,
Basis Technologies,"Basis is solving the advertising industry's biggest problems. Its advertising automation platform unifies planning, operations, reporting, and financial reconciliation across programmatic, publisher-d...",Aria Hospitality Suites,,,,,,,,,,Re-searched,"Basis is solving the advertising industry's biggest problems. Its advertising automation platform unifies planning, operations, reporting, and financial reconciliation across programmatic, publisher-d... ",COPPER,False,False,,
BBM Testlab GmbH / Müller-BBM AG,,51242,,,,,,,,,,Re-searched, ,INSUFFICIENT,False,False,,No website found via search
Beacon,,53423,,,https://beacon.schneidercorp.com/,,,,,,,Re-searched, ,INSUFFICIENT,False,False,,No website found via search
Beespenser,"Beespenser develops advanced micro-dispensing systems that enable rapid prototyping of functional circuits on flexible or rigid surfaces. Our flagship product, Monobee, combines precision printing, dr...",63432,,,https://beespenser.com/,,,True,Unknown,✅ GOOD,All checks passed.,Skipped - Valid,"Beespenser develops advanced micro-dispensing systems that enable rapid prototyping of functional circuits on flexible or rigid surfaces. Our flagship product, Monobee, combines precision printing, dr... ",BRONZE_WEB,True,False,,
Beeyou.tv,"Beeyou.tv is the web-based streaming platform that allows content creators, content owners and businesses to create, broadcast, and monetize their video content effortlessly. It comes with a user-frie...",22026,,,,,,,,,,Re-searched,"Beeyou.tv is the web-based streaming platform that allows content creators, content owners and businesses to create, broadcast, and monetize their video content effortlessly. It comes with a user-frie... ",COPPER,False,False,,
BEI Corp.,,9652,,,,,,,,,,Re-searched, ,INSUFFICIENT,False,False,,No website found via search
"Bella (GZ) Intelligent IT Co.,Ltd","Bella Intelligent is a professional massage product manufacturer with R&D teams and two large factories. Our product range includes massage chairs, smart Small massager, and sleep instruments, all cer...",54468,,,https://bellakitchenware.com/,,,True,Unknown,✅ GOOD,All checks passed.,Skipped - Valid,"Bella Intelligent is a professional massage product manufacturer with R&D teams and two large factories. Our product range includes massage chairs, smart Small massager, and sleep instruments, all cer... ",BRONZE_WEB,True,False,,
Bellaria Technology GmbH,"Innovations for Hygiene, Comfort, and Sustainability Bellaria stands for innovative solutions that redefine everyday challenges in hygiene and wellbeing. With the patented AirCube & AirSeat, globally...",60450,,,https://bellaria.de/en/pages/uber-uns,,,True,Unknown,✅ GOOD,All checks passed.,Skipped - Valid,"Innovations for Hygiene, Comfort, and Sustainability Bellaria stands for innovative solutions that redefine everyday challenges in hygiene and wellbeing. With the patented AirCube & AirSeat, globally... ",BRONZE_WEB,True,False,,
Beroony,Beroony specializes in developing wearable technologies designed to enhance human capabilities with AI. As fully integrated brain-machine interfaces (BMIs) remain an ambitious goal due to current tech...,60453,,,,,,,,,,Re-searched,Beroony specializes in developing wearable technologies designed to enhance human capabilities with AI. As fully integrated brain-machine interfaces (BMIs) remain an ambitious goal due to current tech... ,COPPER,False,False,,
Best Buy,,"Bluethorn 6, Bluethorn 7, Bluethorn 8 + 1 more",,,,,,,,,,Re-searched, ,INSUFFICIENT,False,False,,No website found via search
Better Mobile Experience (BMX),"BMX builds next-gen mobile accessories for people who expect more. Our solid-state power banks use safer chemistry to deliver reliable, high-performance charging without the risks of traditional lithi...",30901,,,,,,,,,,Re-searched,"BMX builds next-gen mobile accessories for people who expect more. Our solid-state power banks use safer chemistry to deliver reliable, high-performance charging without the risks of traditional lithi... ",COPPER,False,False,,
"Beyer Dynamic, Inc","Known for its pioneering work in professional microphones, studio & consumer headphones, and gaming headsets, the company combines German engineering excellence with a passion for sound. beyerdynamic’...",Venetian Palazzo Hospitality Suites,,,https://north-america.beyerdynamic.com/,,,True,Unknown,✅ GOOD,All checks passed.,Re-searched,"Known for its pioneering work in professional microphones, studio & consumer headphones, and gaming headsets, the company combines German engineering excellence with a passion for sound. beyerdynamic’... ",BRONZE_WEB,True,False,,
BH EVS,"BH EVS embraces forefront Wireless Charging technology. As a global leader in in-vehicle wireless charger units, we are expanding our engineering and manufacturing into NFC, vehicle connectivities, EV...",W314,,,,,,,,,,Re-searched,"BH EVS embraces forefront Wireless Charging technology. As a global leader in in-vehicle wireless charger units, we are expanding our engineering and manufacturing into NFC, vehicle connectivities, EV... ",COPPER,False,False,,
bHaptics Inc.,"bHaptics is the innovator and provider of consumer-ready full-body haptics solutions. Join us at CES 2025 and enter a whole new world of real time tactile VR gaming experience using our TactSuit Pro, ...",15450,,,https://www.bhaptics.com/?ref=mirrorworld.media,,,True,Unknown,✅ GOOD,All checks passed.,Skipped - Valid,"bHaptics is the innovator and provider of consumer-ready full-body haptics solutions. Join us at CES 2025 and enter a whole new world of real time tactile VR gaming experience using our TactSuit Pro, ... ",BRONZE_WEB,True,False,,
BIENESIS,,60711,,,,,,,,,,Re-searched, ,INSUFFICIENT,False,False,,No website found via search
Bilgitransferi Teknoloji Müh. Yon. Danis. Tic. A.S,,50759,,,,,,,,,,Re-searched, ,INSUFFICIENT,False,False,,No website found via search
Bilgiyi Ticarilestirme Merkezi,"BTM was established by the Istanbul Chamber of Commerce as a foundation in order to commercialize innovative business ideas. Services such as training and seminars, mentor support, investor matching, ...",50759,,,,,,,,,,Re-searched,"BTM was established by the Istanbul Chamber of Commerce as a foundation in order to commercialize innovative business ideas. Services such as training and seminars, mentor support, investor matching, ... ",COPPER,False,False,,
Bionics Research Center,,62643,,,,,,,,,,Re-searched, ,INSUFFICIENT,False,False,,No website found via search
BIOPOP International Inc,"BIOPOP International Inc. revolutionizes health monitoring with its ELIXIR device, a non-invasive, real-time blood analysis tool. Using near-infrared (NIR) spectroscopy, ELIXIR captures detailed bioch...",54771,,,https://www.biopopinternational.com/,,,True,Unknown,✅ GOOD,All checks passed.,Skipped - Valid,"BIOPOP International Inc. revolutionizes health monitoring with its ELIXIR device, a non-invasive, real-time blood analysis tool. Using near-infrared (NIR) spectroscopy, ELIXIR captures detailed bioch... ",BRONZE_WEB,True,False,,
Bitdefender,"Bitdefender is a cybersecurity leader delivering best-in-class threat prevention, detection, and response solutions worldwide. Bitdefender is one of the industry’s most trusted experts for eliminating...",Venetian Palazzo Hospitality Suites,,,https://en-bitdefender.com/,,,True,Unknown,✅ GOOD,All checks passed.,Skipped - Valid,"Bitdefender is a cybersecurity leader delivering best-in-class threat prevention, detection, and response solutions worldwide. Bitdefender is one of the industry’s most trusted experts for eliminating... ",BRONZE_WEB,True,False,,
Bitgaram Info,"As a leading IT company, we specialize in innovative and comprehensive technology solutions that help companies succeed in the digital age. This CES uses Big data-based aquaculture productivity impro...",50763,,,,,,,,,,Re-searched,"As a leading IT company, we specialize in innovative and comprehensive technology solutions that help companies succeed in the digital age. This CES uses Big data-based aquaculture productivity impro... ",COPPER,False,False,,
Biurteksa,"Biurteksa is an international trading company with offices in Europe and the Middle-East. We specialise in large volume sales of printers, docking stations, headsets, mice, webcams, monitors, audio an...",9467,,,,,,,,,,Re-searched,"Biurteksa is an international trading company with offices in Europe and the Middle-East. We specialise in large volume sales of printers, docking stations, headsets, mice, webcams, monitors, audio an... ",COPPER,False,False,,
BizLink Technology Inc.,"As a leader in the art of interconnectivity, we use our expertise to offer our customers the resources and technology they need, to realize their vision, so that they can connect with their customers ...",5167,,,https://www.bizlinktech.com/,,,True,Unknown,✅ GOOD,All checks passed.,Skipped - Valid,"As a leader in the art of interconnectivity, we use our expertise to offer our customers the resources and technology they need, to realize their vision, so that they can connect with their customers ... ",BRONZE_WEB,True,False,,
BL I & C,,50755,,,,,,,,,,Re-searched, ,INSUFFICIENT,False,False,,No website found via search
Blackberry Corporation,"QNX, a division of BlackBerry Limited, enhances the human experience and amplifies technology-driven industries, providing a trusted foundation for software-defined businesses to thrive. QNX® technolo...",4024,,,https://blackberryempire.com/blackberry-now-an-affiliate-of-the-national-cyber-security-alliance-ncsa/,,,True,Unknown,✅ GOOD,All checks passed.,Skipped - Valid,"QNX, a division of BlackBerry Limited, enhances the human experience and amplifies technology-driven industries, providing a trusted foundation for software-defined businesses to thrive. QNX® technolo... ",COPPER,False,False,,
Blade & Stone LLC,Blade & Stone is redefining professional grooming tools with advanced blade and motor technologies designed for barbers and grooming enthusiasts. Featuring their breakthrough Diamond-S™ blades that ar...,54168,,,https://bladenstone.com/,,,True,Unknown,✅ GOOD,All checks passed.,Skipped - Valid,Blade & Stone is redefining professional grooming tools with advanced blade and motor technologies designed for barbers and grooming enthusiasts. Featuring their breakthrough Diamond-S™ blades that ar... ,BRONZE_WEB,True,False,,
Blue Robin Inc.,Blue Robin Inc. is a spin-off from the DYROS lab at Seoul National University and brings more than ten years of research experience in bipedal locomotion and dual-arm manipulation. We are robotics s...,8871,,,https://www.bluerobingroup.com/,,,True,Unknown,✅ GOOD,All checks passed.,Skipped - Valid,Blue Robin Inc. is a spin-off from the DYROS lab at Seoul National University and brings more than ten years of research experience in bipedal locomotion and dual-arm manipulation. We are robotics s... ,BRONZE_WEB,True,False,,
Blue Two electronics limited,Specializing in the production of various Powerbanks,32001,,,,,,,,,,Re-searched,Specializing in the production of various Powerbanks ,COPPER,False,False,,
Bluefeel,,50017,,,,,,,,,,Re-searched, ,INSUFFICIENT,False,False,,No website found via search
Blues,"Blues is a leader in secure wireless connectivity, helping organizations easily and securely provision and communicate with any physical product, anywhere, enabling new sources of revenue and new cust...",10571,,,,,,,,,,Re-searched,"Blues is a leader in secure wireless connectivity, helping organizations easily and securely provision and communicate with any physical product, anywhere, enabling new sources of revenue and new cust... ",COPPER,False,False,,
Bluetooth SIG,,SUL-3,,,,,,,,,,Re-searched, ,INSUFFICIENT,False,False,,No website found via search
Blumind,"Blumind is making AI accessible and sustainable with its innovative analog AI chips. Edge AI applications in AIoT, robotics, smart mobility, smart home/city, health and wearables will benefit from Blu...",60844,,,https://blumind.ai/,,,True,Unknown,✅ GOOD,All checks passed.,Skipped - Valid,"Blumind is making AI accessible and sustainable with its innovative analog AI chips. Edge AI applications in AIoT, robotics, smart mobility, smart home/city, health and wearables will benefit from Blu... ",BRONZE_WEB,True,False,,
BMO Bank N.A.,Our integrated approach provides technology companies with full lifecycle coverage from ideation to growth and scale. BMO’s Technology Banking practice spans North America and as the 7th largest bank ...,9476,,,,,,,,,,Re-searched,Our integrated approach provides technology companies with full lifecycle coverage from ideation to growth and scale. BMO’s Technology Banking practice spans North America and as the 7th largest bank ... ,COPPER,False,False,,
"BMW of North America, LLC",,Silver 3,,,,,,,,,,Re-searched, ,INSUFFICIENT,False,False,,No website found via search
Bodyfriend,"BODYFRIEND is a global healthcare company focused on extending healthy life expectancy by 10 years. Through advanced robotics, design, and medical R&D, we create innovative products that enhance well-...",17738,,,https://bodyfriend.com/,,,True,Unknown,✅ GOOD,All checks passed.,Skipped - Valid,"BODYFRIEND is a global healthcare company focused on extending healthy life expectancy by 10 years. Through advanced robotics, design, and medical R&D, we create innovative products that enhance well-... ",BRONZE_WEB,True,False,,
BOE Varitronix,"With close to 50 years in business, BOE Varitronix continues its time-honored tradition in providing solutions from our latest display technologies. Our framework is based upon solid research and dev...",4218,,,,,,,,,,Re-searched,"With close to 50 years in business, BOE Varitronix continues its time-honored tradition in providing solutions from our latest display technologies. Our framework is based upon solid research and dev... ",COPPER,False,False,,
"Bolt Graphics, Inc.","Bolt Graphics is a semiconductor startup building the fastest and most efficient graphics processors for rendering, HPC, and gaming. Our mission is to reduce the barrier of entry for content creation ...",16642,,,https://bolt.graphics/resources/,,,True,Unknown,✅ GOOD,All checks passed.,Skipped - Valid,"Bolt Graphics is a semiconductor startup building the fastest and most efficient graphics processors for rendering, HPC, and gaming. Our mission is to reduce the barrier of entry for content creation ... ",BRONZE_WEB,True,False,,
Bortech Case,"he BorTech Case is the first-of-its-kind solution that integrates the radiation-blocking element Boron directly into the case plastic. With our patent-pending technology, BorTech delivers innovative p...",60439,,,https://www.bortechcase.com/,,,True,Unknown,✅ GOOD,All checks passed.,Skipped - Valid,"he BorTech Case is the first-of-its-kind solution that integrates the radiation-blocking element Boron directly into the case plastic. With our patent-pending technology, BorTech delivers innovative p... ",BRONZE_WEB,True,False,,
Bosch,"The Bosch Group is a leading global supplier of technology and services. It employs roughly 429,000 associates worldwide (as of December 31, 2023). Its operations are divided into four business sector...",16203,,,https://www.bosch.com/,,,True,Unknown,✅ GOOD,All checks passed.,Skipped - Valid,"The Bosch Group is a leading global supplier of technology and services. It employs roughly 429,000 associates worldwide (as of December 31, 2023). Its operations are divided into four business sector... ",BRONZE_WEB,True,False,,
Bose Corporation,We believe sound is the most powerful force on earth and we are devoted to unleashing that power for transformative sound experiences. Bose Technology Licensing provides audio solutions through our S...,Suite 29-216,,,https://www.bose.com/home,,,True,Unknown,✅ GOOD,All checks passed.,Skipped - Valid,We believe sound is the most powerful force on earth and we are devoted to unleashing that power for transformative sound experiences. Bose Technology Licensing provides audio solutions through our S... ,BRONZE_WEB,True,False,,
Bouchard Industries,"Bouchard Industries is a tech company evolving from mobile games, SaaS, and e-commerce to focus on life changing products. Our mission is to simplify technology, helping people disconnect from distrac...",35247,,,https://bouchardchocolate.com/collections/all,,,True,Unknown,✅ GOOD,All checks passed.,Skipped - Valid,"Bouchard Industries is a tech company evolving from mobile games, SaaS, and e-commerce to focus on life changing products. Our mission is to simplify technology, helping people disconnect from distrac... ",BRONZE_WEB,True,False,,
Boundless Sports Technology Limited,,62919,,,https://www.boundless.com/,,,,,,,Re-searched, ,INSUFFICIENT,False,False,,No website found via search
Bower,,21214,,,,,,,,,,Re-searched, ,INSUFFICIENT,False,False,,No website found via search
Brain Science Institute,,62643,,,https://sciencenotes.org/parts-of-the-brain-and-their-functions/,,,,,,,Re-searched, ,INSUFFICIENT,False,False,,No website found via search
Braineulink,BraineuLink Technology Inc develops non-invasive EEG brain-computer interfaces with advanced AI and innovative BCI chips. Our solutions enable seamless brain interaction with digital devices like mobi...,60662,,,https://braineulink.com/,,,True,Unknown,✅ GOOD,All checks passed.,Skipped - Valid,BraineuLink Technology Inc develops non-invasive EEG brain-computer interfaces with advanced AI and innovative BCI chips. Our solutions enable seamless brain interaction with digital devices like mobi... ,BRONZE_WEB,True,False,,
Brandworks Technologies Private Limited,"Brandworks Technologies Pvt. Ltd. is an electronics manufacturing company specializing in Charging Solutions, Home Audio, Surveillance & Monitoring, and Module Solutions. We also design and manufactur...",5575,,,,,,,,,,Re-searched,"Brandworks Technologies Pvt. Ltd. is an electronics manufacturing company specializing in Charging Solutions, Home Audio, Surveillance & Monitoring, and Module Solutions. We also design and manufactur... ",COPPER,False,False,,
"Brane Audio, Llc",Brane X is the first mobile speaker in its size class with an internal subwoofer. Brane's breakthrough Repel-Attract-Driver (R.A.D.) delivers a 10x increase in sub-bass without any sacrifice in size o...,Suite 29-127,,,https://www.braneaudio.com/,,,True,Unknown,✅ GOOD,All checks passed.,Re-searched,Brane X is the first mobile speaker in its size class with an internal subwoofer. Brane's breakthrough Repel-Attract-Driver (R.A.D.) delivers a 10x increase in sub-bass without any sacrifice in size o... ,BRONZE_WEB,True,False,,
Brelyon,"Backed by Lockheed Martin and LG, Brelyon is pioneering a new category of ultra-immersive and multi-focal display hardware and software solutions for entertainment, enterprise, automotive, and defense...",14454,,,https://www.brelyon.com/,,,True,Unknown,✅ GOOD,All checks passed.,Skipped - Valid,"Backed by Lockheed Martin and LG, Brelyon is pioneering a new category of ultra-immersive and multi-focal display hardware and software solutions for entertainment, enterprise, automotive, and defense... ",BRONZE_WEB,True,False,,
BrightLine,,Vdara Hospitality Suites,,,https://www.gobrightline.com/,,,,,,,Re-searched, ,BRONZE_WEB,True,False,,
Brightway Innovation Intelligent Technology,,10548,,,,,,,,,,Re-searched, ,INSUFFICIENT,False,False,,No website found via search
Brilliance,,62100,,,https://www.brilliance.com/,,,,,,,Re-searched, ,INSUFFICIENT,False,False,,No website found via search
Brisk It,"The first A.I. powered grill for everyone. Brisk It combines generative A.I., dynamic cooking automation, and traditional wood-fired BBQ to deliver a worry-free grilling experience. Brisk It's A....",51519,,,https://briskitgrills.com/,,,True,Unknown,✅ GOOD,All checks passed.,Skipped - Valid,"The first A.I. powered grill for everyone. Brisk It combines generative A.I., dynamic cooking automation, and traditional wood-fired BBQ to deliver a worry-free grilling experience. Brisk It's A.... ",BRONZE_WEB,True,False,,
Broadtrade Technical Inc.,"Bevo Company, with 20+ years in NYC, has grown from a leading construction services provider into a smart-building innovator. Since 2003, we’ve specialized in plumbing, sprinklers, electrical, fire al...",8663,,,https://broadtradegroup.com/,,,True,Unknown,✅ GOOD,All checks passed.,Re-searched,"Bevo Company, with 20+ years in NYC, has grown from a leading construction services provider into a smart-building innovator. Since 2003, we’ve specialized in plumbing, sprinklers, electrical, fire al... ",COPPER,False,False,,
BruxMed LLC,"VibeBrux™ is a revolutionary smart nightguard that not only protects teeth from grinding but also tracks sleep apnea events, heart rate, breathing, temperature, oxygen levels, and sleep cycles. It emp...",54601,,,,,,,,,,Re-searched,"VibeBrux™ is a revolutionary smart nightguard that not only protects teeth from grinding but also tracks sleep apnea events, heart rate, breathing, temperature, oxygen levels, and sleep cycles. It emp... ",COPPER,False,False,,
BTC Embedded Systems AG,BTC Embedded Systems provides intelligent and automated software test solutions for the SDV era. Founded in 1999 we started with an ambitious goal: To take complex and powerful mathematical verifica...,51242,,,https://www.btc-embedded.com/,,,True,Unknown,✅ GOOD,All checks passed.,Skipped - Valid,BTC Embedded Systems provides intelligent and automated software test solutions for the SDV era. Founded in 1999 we started with an ambitious goal: To take complex and powerful mathematical verifica... ,COPPER,False,False,,
Bucket Robotics,"Bucket Robotics builds computer vision systems for manufacturing. We generate and deploy AI inspection models from CAD or sample footage, no manual labeling required. Built for automotive, aerospace, ...",4570,,,https://www.bucket.bot/,,,True,Unknown,✅ GOOD,All checks passed.,Skipped - Valid,"Bucket Robotics builds computer vision systems for manufacturing. We generate and deploy AI inspection models from CAD or sample footage, no manual labeling required. Built for automotive, aerospace, ... ",BRONZE_WEB,True,False,,
Buckingham Industrial Corporation,,35746,,,https://buckinghammfg.com/,,,,,,,Re-searched, ,INSUFFICIENT,False,False,,No website found via search
"Budbreak Innovations, Inc.",,60509,,,,,,,,,,Re-searched, ,INSUFFICIENT,False,False,,No website found via search
Business France - La French Tech,"Business France is responsible for the international development of French companies, international investment in France and the promotion of the French economy.","60200, 60401, 60412 + 4 more",,,https://annuaire.lafrenchtechbfc.fr/organisations/business-france,,,True,Unknown,✅ GOOD,All checks passed.,Skipped - Valid,"Business France is responsible for the international development of French companies, international investment in France and the promotion of the French economy. ",BRONZE_WEB,True,False,,
Business France Automotive,"Welcome to the French Pavilion ! Discover the companies of the French delegation : AIRNITY, ARCURE, C-INERTIA, DEEPHAWK, GULPLUG, LYNRED, MITHIEUX, MVG, REGOM,SECURE IC and SYSGO. For more informati...",4131,,,https://www.businessfrance.fr/en,,,True,Unknown,✅ GOOD,All checks passed.,Skipped - Valid,"Welcome to the French Pavilion ! Discover the companies of the French delegation : AIRNITY, ARCURE, C-INERTIA, DEEPHAWK, GULPLUG, LYNRED, MITHIEUX, MVG, REGOM,SECURE IC and SYSGO. For more informati... ",COPPER,False,False,,
BuzzTV,Manufacturers of Streaming Media Players and Digital Signage Hardware players,30747,,,https://buzztvdirect.com/pages/about-us,,,True,Unknown,⚠️ UNCLEAR,1 keyword(s) found,Skipped - Valid,Manufacturers of Streaming Media Players and Digital Signage Hardware players ,BRONZE_WEB,True,False,,
BYOME LABS,,60711,,,,,,,,,,Re-searched, ,INSUFFICIENT,False,False,,No website found via search
Bytech,,19504,,,,,,,,,,Re-searched, ,INSUFFICIENT,False,False,,No website found via search
C-Star Industrial Limited,"C-STAR was established in 2000, Since 2016, we have been committed to electric off-road bicycles, electric city bicycles, electric scooters and related accessories. Our reputation in the industry has ...",55044,,,,,,,,,,Re-searched,"C-STAR was established in 2000, Since 2016, we have been committed to electric off-road bicycles, electric city bicycles, electric scooters and related accessories. Our reputation in the industry has ... ",COPPER,False,False,,
C.C.P. Contact Probes,"CCP Contact Probes Co., Ltd. — Delivering innovative pogo pins and test probes that provide reliable, high-precision electrical connections for automotive, semiconductor, and consumer electronics appl...",21933,,,,,,,,,,Re-searched,"CCP Contact Probes Co., Ltd. — Delivering innovative pogo pins and test probes that provide reliable, high-precision electrical connections for automotive, semiconductor, and consumer electronics appl... ",COPPER,False,False,,
Cairns Health,,61049,,,,,,,,,,Re-searched, ,INSUFFICIENT,False,False,,No website found via search
Cambridge Consultants,"Cambridge Consultants (CC) is the deep tech powerhouse of Capgemini. We deliver transformative business value and growth for our clients, who gain defendable commercial and operational advantage from ...",Westgate Hospitality Suites,,,https://www.cambridgeconsultants.com/,,,True,Unknown,✅ GOOD,All checks passed.,Skipped - Valid,"Cambridge Consultants (CC) is the deep tech powerhouse of Capgemini. We deliver transformative business value and growth for our clients, who gain defendable commercial and operational advantage from ... ",BRONZE_WEB,True,False,,
"Canon U.S.A., Inc.'s Business Innovation Group",,60509,,,,,,,,,,Re-searched, ,INSUFFICIENT,False,False,,No website found via search
Canonical Group Limited,"Canonical is the publisher of Ubuntu, the OS for most public cloud workloads as well as the emerging categories of smart gateways, self-driving cars and advanced robots. Canonical provides enterprise ...",10562,,,,,,,,,,Re-searched,"Canonical is the publisher of Ubuntu, the OS for most public cloud workloads as well as the emerging categories of smart gateways, self-driving cars and advanced robots. Canonical provides enterprise ... ",COPPER,False,False,,
Capsulab,,61701,,,,,,,,,,Re-searched, ,INSUFFICIENT,False,False,,No website found via search
Car Mate USA,,5359,,,,,,,,,,Re-searched, ,INSUFFICIENT,False,False,,No website found via search
"CARBONVATE CO.,LTD",,62201,,,,,,,,,,Re-searched, ,INSUFFICIENT,False,False,,No website found via search
CAREFORU Inc.,,50523,,,,,,,,,,Re-searched, ,INSUFFICIENT,False,False,,No website found via search
"Caresoft Technologies, Inc.","Caresoft Global is a technology-driven engineering solutions company addressing challenges in product development, cost optimization, manufacturing, and aftermarket for major automotive OEMs, off-high...",5875,,,https://caresoft-tech.com/about-2/,,,True,Unknown,✅ GOOD,All checks passed.,Skipped - Valid,"Caresoft Global is a technology-driven engineering solutions company addressing challenges in product development, cost optimization, manufacturing, and aftermarket for major automotive OEMs, off-high... ",BRONZE_WEB,True,False,,
CareWear,"Carewear manufactures wearable OTC medical devices using patented light therapy for the treatment of pain, soft tissue injury & muscle recovery. Our Digital Health App was developed to improve patien...",55132,,,https://www.carewear.net/,,,True,Unknown,✅ GOOD,All checks passed.,Skipped - Valid,"Carewear manufactures wearable OTC medical devices using patented light therapy for the treatment of pain, soft tissue injury & muscle recovery. Our Digital Health App was developed to improve patien... ",BRONZE_WEB,True,False,,
Carnyx Group Ltd t/a The Drum,"The Drum is a leading global publisher for the marketing and media industries. Out mission is to help our 1 million plus readers prepare for what's next. We provide actionable insights, guidance, insp...",Aria Hospitality Suites,,,https://www.thedrum.com/topics/carnyx,,,True,Unknown,✅ GOOD,All checks passed.,Skipped - Valid,"The Drum is a leading global publisher for the marketing and media industries. Out mission is to help our 1 million plus readers prepare for what's next. We provide actionable insights, guidance, insp... ",BRONZE_WEB,True,False,,
Case Western Reserve University,"Case Western Reserve University is a community of innovators and entrepreneurs like Gmail inventor Paul Buchheit, directors Joe & Anthony Russo, KiwiCo CEO Sandra Oh Lin, Cleveland Clinic co-founder G...",61633,,,https://case.edu/,,,True,Unknown,✅ GOOD,All checks passed.,Skipped - Valid,"Case Western Reserve University is a community of innovators and entrepreneurs like Gmail inventor Paul Buchheit, directors Joe & Anthony Russo, KiwiCo CEO Sandra Oh Lin, Cleveland Clinic co-founder G... ",BRONZE_WEB,True,False,,
Catana Corporation,"Japan's World Nr.1 Real-Time Lossless Compression Technology. CATANA Versatile Compression (CVC) guarantees data integrity on compression/decompression, simultaneously achieved Real-time High-speed p...",4470,,,https://www.catana.co.jp/en/,,,True,Unknown,✅ GOOD,All checks passed.,Re-searched,"Japan's World Nr.1 Real-Time Lossless Compression Technology. CATANA Versatile Compression (CVC) guarantees data integrity on compression/decompression, simultaneously achieved Real-time High-speed p... ",BRONZE_WEB,True,False,,
CCCME,"Founded in the year 1988, as the largest and the most influential chamber，CCCME has more than 13000 member companies currently and 25 professional branches covering a large number of industries inc...","35729, 35747, 35749 + 3 more",,,,,,,,,,Re-searched,"Founded in the year 1988, as the largest and the most influential chamber，CCCME has more than 13000 member companies currently and 25 professional branches covering a large number of industries inc... ",COPPER,False,False,,
CEA,"CEA is a french Research and Technology organization with a strategic positionning, focused on four societal challenges: Defense & Security, low carbon energy transition, digital transition and new te...","60705, 60707",,,,,,,,,,Re-searched,"CEA is a french Research and Technology organization with a strategic positionning, focused on four societal challenges: Defense & Security, low carbon energy transition, digital transition and new te... ",COPPER,False,False,,
Cedar Electronics,"Cedar Electronics is a global supplier of connected automotive and consumer electronics, and home of industry-leading brands Cobra Electronics and ESCORT. Cedar’s family of products includes connected...",Venetian Palazzo Hospitality Suites,,,,,,,,,,Re-searched,"Cedar Electronics is a global supplier of connected automotive and consumer electronics, and home of industry-leading brands Cobra Electronics and ESCORT. Cedar’s family of products includes connected... ",COPPER,False,False,,
"Cellid, Inc.","Cellid is an innovative AR-related startup from Japan, specializing in the design and manufacturing of waveguides, one of the essential components of everyday-use future smart glasses. At CES, you can...",8200A,,,,,,,,,,Re-searched,"Cellid is an innovative AR-related startup from Japan, specializing in the design and manufacturing of waveguides, one of the essential components of everyday-use future smart glasses. At CES, you can... ",COPPER,False,False,,
Center for Brain Convergence Research,,62643,,,,,,,,,,Re-searched, ,INSUFFICIENT,False,False,,No website found via search
Center for Natural Product Systems Biology,,62643,,,,,,,,,,Re-searched, ,INSUFFICIENT,False,False,,No website found via search
Centrepolis Accelerator @ Lawrence Tech Univ.,Centrepolis Accelerator at Lawrence Technology University is committed to strengthening supply chain resiliency to drive economic growth and innovation in Michigan. We offer hardtech startups and smal...,10115,,,https://www.centrepolisaccelerator.com/,,,True,Unknown,✅ GOOD,All checks passed.,Skipped - Valid,Centrepolis Accelerator at Lawrence Technology University is committed to strengthening supply chain resiliency to drive economic growth and innovation in Michigan. We offer hardtech startups and smal... ,BRONZE_WEB,True,False,,
Cerence AI,"Cerence AI creates intuitive, seamless, AI-powered user experiences for the world’s leading automakers, two-wheeler OEMs, and trucking companies.",6826,,,,,,,,,,Re-searched,"Cerence AI creates intuitive, seamless, AI-powered user experiences for the world’s leading automakers, two-wheeler OEMs, and trucking companies. ",COPPER,False,False,,
Cerwin Vega Mobile,,"20814, 20840",,,,,,,,,,Re-searched, ,INSUFFICIENT,False,False,,No website found via search
"Ceva, Inc.","At Ceva, we are passionate about the smart edge. Providing the technology and market expertise our customers need to be successful is what we do best. With the industry’s only portfolio of comprehensi...",Bassano 2709,,,https://www.ceva-ip.com/press/cevas-20-billion-device-milestone-paves-the-way-for-a-new-era-in-smart-edge-innovation/,,,True,Unknown,✅ GOOD,All checks passed.,Re-searched,"At Ceva, we are passionate about the smart edge. Providing the technology and market expertise our customers need to be successful is what we do best. With the industry’s only portfolio of comprehensi... ",BRONZE_WEB,True,False,,
CGPIXEL STUDIO INC,,62738,,,,,,,,,,Re-searched, ,INSUFFICIENT,False,False,,No website found via search
Chamberlain Group,,Suite 35-111,,,https://www.chamberlain.edu/current-students,,,,,,,Re-searched, ,BRONZE_WEB,True,False,,
Chameleon Digital Media,"Chameleon Digital Media connects online strategy with offline behavior through data intelligence. Our AI-powered platform, Datalytica, enables advertisers, brands, and agencies to access real-time ana...",9472,,,,,,,,,,Re-searched,"Chameleon Digital Media connects online strategy with offline behavior through data intelligence. Our AI-powered platform, Datalytica, enables advertisers, brands, and agencies to access real-time ana... ",COPPER,False,False,,
Chameleon Smart Home Nyrt.,,50359,,,,,,,,,,Re-searched, ,INSUFFICIENT,False,False,,No website found via search
Chargemate,"ChargeMate is an intelligent EV charging marketplace that connects drivers with all charge point operators in one unified platform. With real-time data, seamless payments, and API-driven integrations,...",63432,,,https://www.chargemate.ai/,,,True,Unknown,✅ GOOD,All checks passed.,Skipped - Valid,"ChargeMate is an intelligent EV charging marketplace that connects drivers with all charge point operators in one unified platform. With real-time data, seamless payments, and API-driven integrations,... ",BRONZE_WEB,True,False,,
Charmind Industrial Co Limited,,19031,,,,,,,,,,Re-searched, ,INSUFFICIENT,False,False,,No website found via search
"Charter Communications, LLC",,"Cosmopolitan Hospitality Suites, Cosmopolitan Hospitality Suites 2",,,,,,,,,,Re-searched, ,INSUFFICIENT,False,False,,No website found via search
CHC Navigation USA Corporation,"CHC Navigation USA Corporation (CHCNAV) develops advanced mapping, navigation and positioning solutions designed to increase productivity and efficiency. Serving industries such as geospatial, agricul...",6258,,,,,,,,,,Re-searched,"CHC Navigation USA Corporation (CHCNAV) develops advanced mapping, navigation and positioning solutions designed to increase productivity and efficiency. Serving industries such as geospatial, agricul... ",COPPER,False,False,,
CheckIn-Alarm.com,"Specialists in AI & IoT, Checkin-Alarm.com by Artifeel develops security products adaptable to any environment. Our Check'In range is an all-in-one alarm and monitoring system, uniquely featuring bu...",60711,,,https://www.alarm.com/login.aspx,,,True,Unknown,✅ GOOD,All checks passed.,Re-searched,"Specialists in AI & IoT, Checkin-Alarm.com by Artifeel develops security products adaptable to any environment. Our Check'In range is an all-in-one alarm and monitoring system, uniquely featuring bu... ",BRONZE_WEB,True,False,,
Childfree Trust®,,60660,,,,,,,,,,Re-searched, ,INSUFFICIENT,False,False,,No website found via search
Chimera,,60843,,,,,,,,,,Re-searched, ,INSUFFICIENT,False,False,,No website found via search
Chipolo,"Chipolo is recognised as one of the leading brands in the item finders market with more than 4.5 million products sold. With colorful item finders and a companion app, they are changing the way people...",Venetian Palazzo Hospitality Suites,,,https://chipolo.net/en/,,,True,Unknown,✅ GOOD,All checks passed.,Skipped - Valid,"Chipolo is recognised as one of the leading brands in the item finders market with more than 4.5 million products sold. With colorful item finders and a companion app, they are changing the way people... ",BRONZE_WEB,True,False,,
"Chiton Innovations Co., Limitied",,22248,,,,,,,,,,Re-searched, ,INSUFFICIENT,False,False,,No website found via search
Cinemo GmbH,"Cinemo is a global provider of innovative infotainment products that create seamless digital media experiences. Trusted by over 40 OEMs, its award-winning, fully integrated, system-agnostic solutions ...","Westgate Hospitality Suites, Westgate Hospitality Suites 2",,,https://www.cinemo.com/,,,True,Unknown,✅ GOOD,All checks passed.,Re-searched,"Cinemo is a global provider of innovative infotainment products that create seamless digital media experiences. Trusted by over 40 OEMs, its award-winning, fully integrated, system-agnostic solutions ... ",BRONZE_WEB,True,False,,
CJ Global,,14704,,,,,,,,,,Re-searched, ,INSUFFICIENT,False,False,,No website found via search
Cleadeep Technology LLC,,30725,,,,,,,,,,Re-searched, ,INSUFFICIENT,False,False,,No website found via search
Clean Hydrogen Institute,,62643,,,https://www.ccleaner.com/ccleaner,,,,,,,Re-searched, ,BRONZE_WEB,True,False,,
Cleanbotics,,53362,,,,,,,,,,Re-searched, ,INSUFFICIENT,False,False,,No website found via search
Clear Drop,"Clear Drop is dedicated to eliminating household waste through innovative, user-friendly pre-recycling appliances that simplify recycling of materials that are currently mostly landfilled or burned, a...",51671,,,https://onecleardrop.com/,,,True,Unknown,✅ GOOD,All checks passed.,Skipped - Valid,"Clear Drop is dedicated to eliminating household waste through innovative, user-friendly pre-recycling appliances that simplify recycling of materials that are currently mostly landfilled or burned, a... ",BRONZE_WEB,True,False,,
ClearSurgery,"ClearSurgery delivers the Mixed Reality Sphere, an immersive environment for surgeons that centralizes video streams and patient data, enhancing performance and safety in sterile environments while re...",60711,,,https://clearsurgery.vision/,,,True,Unknown,✅ GOOD,All checks passed.,Skipped - Valid,"ClearSurgery delivers the Mixed Reality Sphere, an immersive environment for surgeons that centralizes video streams and patient data, enhancing performance and safety in sterile environments while re... ",BRONZE_WEB,True,False,,
Climate and Environmental Research Institute,,62643,,,,,,,,,,Re-searched, ,INSUFFICIENT,False,False,,No website found via search
Clutterbot,"Clutterbot is building the world’s first home robot that automatically picks up toys and clutter from the floor and puts them away. Designed to be safe, simple, and affordable, our robot quietly resto...",53165,,,https://www.clutterbot.com/,,,True,Unknown,✅ GOOD,All checks passed.,Skipped - Valid,"Clutterbot is building the world’s first home robot that automatically picks up toys and clutter from the floor and puts them away. Designed to be safe, simple, and affordable, our robot quietly resto... ",BRONZE_WEB,True,False,,
CMI Health Inc.,"CMI Health, Inc. is dedicated to providing innovative, convenient, and affordable patient monitoring devices and cloud-based solutions for medical professionals in healthcare facilities and consumers ...",54611,,,https://cmihealth-inc.com/,,,True,Unknown,✅ GOOD,All checks passed.,Skipped - Valid,"CMI Health, Inc. is dedicated to providing innovative, convenient, and affordable patient monitoring devices and cloud-based solutions for medical professionals in healthcare facilities and consumers ... ",BRONZE_WEB,True,False,,
CN Inc,,50763,,,,,,,,,,Re-searched, ,INSUFFICIENT,False,False,,No website found via search
CNET Media Inc.,,Lido 3103,,,,,,,,,,Re-searched, ,INSUFFICIENT,False,False,,No website found via search
Cobionix,"Cobionix is developing an autonomous robotics platform for procedural tasks. Our AI-native robot addresses the labour shortage in healthcare, manufacturing, logistics, and other industries. Built with...",50755,,,,,,,,,,Re-searched,"Cobionix is developing an autonomous robotics platform for procedural tasks. Our AI-native robot addresses the labour shortage in healthcare, manufacturing, logistics, and other industries. Built with... ",COPPER,False,False,,
COCELO Inc.,,61453,,,,,,,,,,Re-searched, ,INSUFFICIENT,False,False,,No website found via search
Code Metal,"Code Metal is the verifiable code translation platform for mission critical industries. Code Metal translates, verifies, and optimizes code, ensuring the code our customers write today will match what...",9245,,,,,,,,,,Re-searched,"Code Metal is the verifiable code translation platform for mission critical industries. Code Metal translates, verifies, and optimizes code, ensuring the code our customers write today will match what... ",COPPER,False,False,,
CodeSteri Inc.,,61445,,,,,,,,,,Re-searched, ,INSUFFICIENT,False,False,,No website found via search
CogniHealth,,61041,,,,,,,,,,Re-searched, ,INSUFFICIENT,False,False,,No website found via search
Cognitive Systems Corp.,"Cognitive Systems Corp. leverages the untapped potential of wireless signals to deliver truly smart home ecosystems. Its Wi-Fi Sensing technology, WiFi Motion, is a software platform that uses AI and ...",Suite 29-220,,,https://www.cognitivesystems.com/,,,True,Unknown,✅ GOOD,All checks passed.,Re-searched,"Cognitive Systems Corp. leverages the untapped potential of wireless signals to deliver truly smart home ecosystems. Its Wi-Fi Sensing technology, WiFi Motion, is a software platform that uses AI and ... ",BRONZE_WEB,True,False,,
COLORFOL,,60601,,,,,,,,,,Re-searched, ,INSUFFICIENT,False,False,,No website found via search
Comma,,3306,,,,,,,,,,Re-searched, ,INSUFFICIENT,False,False,,No website found via search
Community Smart Living,,50755,,,https://techcommunity.microsoft.com/,,,,,,,Re-searched, ,INSUFFICIENT,False,False,,No website found via search
Compertum Microsystems lnc.,"Compertum’s LiDAR-camera fusion system combines custom lenses and SPAD detectors for enhanced range and resolution. With factory calibration and AI training, it identifies object class, ID, distance, ...",4071,,,,,,,,,,Re-searched,"Compertum’s LiDAR-camera fusion system combines custom lenses and SPAD detectors for enhanced range and resolution. With factory calibration and AI training, it identifies object class, ID, distance, ... ",COPPER,False,False,,
Computational Science Research Center,,62643,,,,,,,,,,Re-searched, ,INSUFFICIENT,False,False,,No website found via search
Comscore,"Hello again. We’re Comscore. A trusted leader in measuring consumer behaviors, globally. We score and analyze real world consumer experiences through a variety of metrics, enabling and empower...",Aria Hospitality Suites,,,https://www.comscore.com/,,,True,Unknown,✅ GOOD,All checks passed.,Skipped - Valid,"Hello again. We’re Comscore. A trusted leader in measuring consumer behaviors, globally. We score and analyze real world consumer experiences through a variety of metrics, enabling and empower... ",BRONZE_WEB,True,False,,
"COMSOL, Inc","The COMSOL Multiphysics® modeling and simulation software is used in all fields of engineering, manufacturing, and scientific research to simulate designs, devices, and processes. The platform is an i...",8240,,,https://www.comsol.com/,,,True,Unknown,✅ GOOD,All checks passed.,Skipped - Valid,"The COMSOL Multiphysics® modeling and simulation software is used in all fields of engineering, manufacturing, and scientific research to simulate designs, devices, and processes. The platform is an i... ",BRONZE_WEB,True,False,,
Connectivity Standards Alliance,"The Connectivity Standards Alliance is the foundation and future of the IoT. Our global membership drives innovation through open standards that enable secure, interoperable connections across all dev...","Bassano 2605, Venetian Palazzo Hospitality Suites",,,,,,,,,,Re-searched,"The Connectivity Standards Alliance is the foundation and future of the IoT. Our global membership drives innovation through open standards that enable secure, interoperable connections across all dev... ",COPPER,False,False,,
Consulate of Canada Silicon Valley - Trade Commiss,"With an office in Silicon Valley, Canada's Trade Commissioner Service supports Canadian tech companies at CES by connecting them to international buyers, investors, and partners through a bespoke B2B ...",Venetian Palazzo Hospitality Suites,,,https://www.tradecommissioner.gc.ca/en.html,,,True,Unknown,✅ GOOD,All checks passed.,Skipped - Valid,"With an office in Silicon Valley, Canada's Trade Commissioner Service supports Canadian tech companies at CES by connecting them to international buyers, investors, and partners through a bespoke B2B ... ",BRONZE_WEB,True,False,,
Consumer Technology Association Foundation,"Fund. Convene. Innovate. The CTA Foundation connects older adults and people with disabilities to inclusive tech—fueling freedom, independence, and vital connections. At CES, we spotlight startups and...",,,,https://www.consumerreports.org/?msockid=09f96872554562b232f17edf54b06335,,,True,Unknown,⚠️ UNCLEAR,1 keyword(s) found,Re-searched,"Fund. Convene. Innovate. The CTA Foundation connects older adults and people with disabilities to inclusive tech—fueling freedom, independence, and vital connections. At CES, we spotlight startups and... ",COPPER,False,False,,
Continest Technologies Plc.,,50359,,,,,,,,,,Re-searched, ,INSUFFICIENT,False,False,,No website found via search
Contixo Inc.,,55748,,,,,,,,,,Re-searched, ,INSUFFICIENT,False,False,,No website found via search
Coolfly Inc.,"COOLFLY INC. is an innovative technology company dedicated to connecting people with birds. We develop a range of bird-related products. At CES, we’ll launch our latest app, featuring an AI identifica...",51959,,,https://ourcoolfly.com/,,,True,Unknown,✅ GOOD,All checks passed.,Re-searched,"COOLFLY INC. is an innovative technology company dedicated to connecting people with birds. We develop a range of bird-related products. At CES, we’ll launch our latest app, featuring an AI identifica... ",BRONZE_WEB,True,False,,
Corning Incorporated,"Corning is one of the world’s leading innovators in materials science, with a 170-year track record of life-changing inventions. Today, Corning’s markets include optical communications, mobile consume...",3241,,,,,,,,,,Re-searched,"Corning is one of the world’s leading innovators in materials science, with a 170-year track record of life-changing inventions. Today, Corning’s markets include optical communications, mobile consume... ",COPPER,False,False,,
Coroflo,"Coroflo has created ""Coro"", the revolutionary world's first accurate breastfeeding monitor. Coro is a silicone shield with patented inbuilt flow measurement. As baby feeds, quantity is measured and th...",61454,,,https://www.coroflo.com/shop/,,,True,Unknown,✅ GOOD,All checks passed.,Skipped - Valid,"Coroflo has created ""Coro"", the revolutionary world's first accurate breastfeeding monitor. Coro is a silicone shield with patented inbuilt flow measurement. As baby feeds, quantity is measured and th... ",COPPER,False,False,,
"Cosan Co.,Ltd","Founded in 1983, we have excelled in the overseas export market, earning the Gold Tower Order of Industrial Service Merit. As a pioneer in water, air, and environmental exports, we grew into a global ...",51668,,,,,,,,,,Re-searched,"Founded in 1983, we have excelled in the overseas export market, earning the Gold Tower Order of Industrial Service Merit. As a pioneer in water, air, and environmental exports, we grew into a global ... ",COPPER,False,False,,
Cosito,"Venture-backed, MIT-founded startup building AI-powered microphones that let frontline teams log data by voice—no physical forms, no typing. Just say it, we log it!",60446,,,,,,,,,,Re-searched,"Venture-backed, MIT-founded startup building AI-powered microphones that let frontline teams log data by voice—no physical forms, no typing. Just say it, we log it! ",COPPER,False,False,,
Cosmopolitan Hospitality Suites,,Cosmopolitan Hospitality Suites,,,,,,,,,,Re-searched, ,INSUFFICIENT,False,False,,No website found via search
COSPRO USA Inc.,,30435,,,,,,,,,,Re-searched, ,INSUFFICIENT,False,False,,No website found via search
Crackletech LLC,"OGHom is a brand dedicated to creating innovative and reliable garment care solutions. With a focus on advanced technology and quality craftsmanship, we strive to provide products that make everyday l...",54472,,,https://crackletech.com/,,,True,Unknown,✅ GOOD,All checks passed.,Re-searched,"OGHom is a brand dedicated to creating innovative and reliable garment care solutions. With a focus on advanced technology and quality craftsmanship, we strive to provide products that make everyday l... ",BRONZE_WEB,True,False,,
Cradlewise Inc,,51572,,,,,,,,,,Re-searched, ,INSUFFICIENT,False,False,,No website found via search
"CREATANT, Inc.",,62801,,,,,,,,,,Re-searched, ,INSUFFICIENT,False,False,,No website found via search
Criteo,"Criteo (NASDAQ: CRTO) is the global platform connecting the commerce ecosystem for brands, agencies, retailers, and media owners. Its AI-powered advertising platform has unique access to more than $1 ...","Aria Hospitality Suites, Aria Hospitality Suites 2",,,https://www.criteo.com/,,,True,Unknown,✅ GOOD,All checks passed.,Skipped - Valid,"Criteo (NASDAQ: CRTO) is the global platform connecting the commerce ecosystem for brands, agencies, retailers, and media owners. Its AI-powered advertising platform has unique access to more than $1 ... ",BRONZE_WEB,True,False,,
Crosley Radio/Modern Marketing Concepts,"Hey, lovers of analog music! Vintage inspired record players, turntables, and of course radios, Crosley Radio has everything to crank your music up. Charging the front lines of the Vinyl Revolution, w...",20030,,,https://www.crosley.com/aboutus.html,,,True,Unknown,✅ GOOD,All checks passed.,Skipped - Valid,"Hey, lovers of analog music! Vintage inspired record players, turntables, and of course radios, Crosley Radio has everything to crank your music up. Charging the front lines of the Vinyl Revolution, w... ",BRONZE_WEB,True,False,,
Crosshub,"Crosshub is a deep-tech fintech company building a next-generation hybrid identity and payment infrastructure. Its flagship solutions, IDBlock and B·Pay, enable secure, passport-based digital identity...",50332,,,,,,,,,,Re-searched,"Crosshub is a deep-tech fintech company building a next-generation hybrid identity and payment infrastructure. Its flagship solutions, IDBlock and B·Pay, enable secure, passport-based digital identity... ",COPPER,False,False,,
CSEM SA,CSEM is a Swiss technology innovation center that develops and transfers advanced technologies with high societal impact to industry. It works with leading partners and academia in precision manufactu...,54306,,,https://www.csem.ch/en/,,,True,Unknown,✅ GOOD,All checks passed.,Re-searched,CSEM is a Swiss technology innovation center that develops and transfers advanced technologies with high societal impact to industry. It works with leading partners and academia in precision manufactu... ,BRONZE_WEB,True,False,,
CTA Innovation for All,"CTA’s Innovation For All includes dedicated programming focused on ensuring all voices are represented in technology and innovation, bringing together thought leaders for a series of engagement opport...",Wynn Encore Hospitality Suites,,,,,,,,,,Re-searched,"CTA’s Innovation For All includes dedicated programming focused on ensuring all voices are represented in technology and innovation, bringing together thought leaders for a series of engagement opport... ",COPPER,False,False,,
Cub Elecparts Inc.,"CUB, founded in 1979, is a leading manufacturer of automotive electric/mechanical replacement parts. We offer over 3,000 products and are expanding into new energy solutions. We continuously develop n...",7200,,,,,,,,,,Re-searched,"CUB, founded in 1979, is a leading manufacturer of automotive electric/mechanical replacement parts. We offer over 3,000 products and are expanding into new energy solutions. We continuously develop n... ",COPPER,False,False,,
Cube Tracker,"Cube GPS Tracker can be placed discretely in your vehicle so you can track where it goes, how long it spends there, and at what speed it travels. Cube gathers data via GPS, WiFi, Bluetooth, and cell t...",52718,,,https://cubetracker.com/,,,True,Unknown,✅ GOOD,All checks passed.,Re-searched,"Cube GPS Tracker can be placed discretely in your vehicle so you can track where it goes, how long it spends there, and at what speed it travels. Cube gathers data via GPS, WiFi, Bluetooth, and cell t... ",BRONZE_WEB,True,False,,
CubicSpace Technologies Inc.,"CubicSpace develops software plugins providing the most natural, comfortable and intuitive 3D user experience for all. Its plugins enable conventional media players to perfectly and automatically adap...",60840,,,https://www.cubicspace3d.com/,,,True,Unknown,✅ GOOD,All checks passed.,Re-searched,"CubicSpace develops software plugins providing the most natural, comfortable and intuitive 3D user experience for all. Its plugins enable conventional media players to perfectly and automatically adap... ",BRONZE_WEB,True,False,,
Cubios Inc.,,55942,,,,,,,,,,Re-searched, ,INSUFFICIENT,False,False,,No website found via search
"Cuebiq Group, LLC",,Aria Hospitality Suites,,,,,,,,,,Re-searched, ,INSUFFICIENT,False,False,,No website found via search
Curtis International,Curtis International Ltd. has a rich history spanning over three decades. We specialize in the manufacturing and distribution of consumer electronics and home appliances under major licensed brands f...,16242,,,https://www.curtisint.com/about-us/,,,True,Unknown,✅ GOOD,All checks passed.,Re-searched,Curtis International Ltd. has a rich history spanning over three decades. We specialize in the manufacturing and distribution of consumer electronics and home appliances under major licensed brands f... ,COPPER,False,False,,
CW Global LLC,"CW Global LLC, US sub-company of Shenzhen GTMEDIA Technology Co., Ltd., offers a diverse range of products under two major brands, GTMEDIA and GTGUARD. We are dedicated to the innovation in the multim...",35535,,,https://cwglobalpartners.com/,,,True,Unknown,✅ GOOD,All checks passed.,Re-searched,"CW Global LLC, US sub-company of Shenzhen GTMEDIA Technology Co., Ltd., offers a diverse range of products under two major brands, GTMEDIA and GTGUARD. We are dedicated to the innovation in the multim... ",BRONZE_WEB,True,False,,
CYANSE SMART ENERGY TECH LIMITED,,50732,,,,,,,,,,Re-searched, ,INSUFFICIENT,False,False,,No website found via search
CYB LLC,,54571,,,,,,,,,,Re-searched, ,INSUFFICIENT,False,False,,No website found via search
Cyberette,"Real-Time Detection of Deepfakes in Images, Videos and Audio with over 99.7% Accuracy, delivered by highly Customizable & Scalable AI-Powered Solutions that integrate seamlessly into any workflow. Hel...",62100,,,https://cyberette.ai/,,,True,Unknown,✅ GOOD,All checks passed.,Re-searched,"Real-Time Detection of Deepfakes in Images, Videos and Audio with over 99.7% Accuracy, delivered by highly Customizable & Scalable AI-Powered Solutions that integrate seamlessly into any workflow. Hel... ",BRONZE_WEB,True,False,,
CyberWhiz IoT Cyber Security,,63432,,,,,,,,,,Re-searched, ,INSUFFICIENT,False,False,,No website found via search
Cytorus,,62659,,,,,,,,,,Re-searched, ,INSUFFICIENT,False,False,,No website found via search
D-Wave Commercial Inc.,,FT-12,,,,,,,,,,Re-searched, ,INSUFFICIENT,False,False,,No website found via search
"Dabin Watec, Inc.","Dabin Watec, Inc. has developed a commercial smart kitchen hood that can dramatically improve the efficiency of removing cooking fumes generated during the cooking process, and has entered the product...",52373,,,http://dabinwatec.co.kr/,,,True,Unknown,✅ GOOD,All checks passed.,Skipped - Valid,"Dabin Watec, Inc. has developed a commercial smart kitchen hood that can dramatically improve the efficiency of removing cooking fumes generated during the cooking process, and has entered the product... ",BRONZE_WEB,True,False,,
"Daiwa by U.S. Jaclean, Inc.","Established in 1982 & Headquartered in Gardena, CA. We offer an assortment of high-quality health & wellness products. Our best sellers Daiwa by U.S. Jaclean, Inc. luxury massage chair collection...","21635, 54155",,,https://www.daiwamassage.com/return/,,,True,Unknown,✅ GOOD,All checks passed.,Skipped - Valid,"Established in 1982 & Headquartered in Gardena, CA. We offer an assortment of high-quality health & wellness products. Our best sellers Daiwa by U.S. Jaclean, Inc. luxury massage chair collection... ",COPPER,False,False,,
Darkflash US LLC,"darkFlash, founded in 2016, creates a complete PC hardware ecosystem where performance meets style. From cases and cooling to power and peripherals, every product is built with precision, value, and d...",32239,,,,,,,,,,Re-searched,"darkFlash, founded in 2016, creates a complete PC hardware ecosystem where performance meets style. From cases and cooling to power and peripherals, every product is built with precision, value, and d... ",COPPER,False,False,,
"DarSté, Inc.","DarSté Inc. provides automotive security innovation solutions for carjacking and vehicle theft prevention. Our patented leading product, Phantom Kill Switch, incorporates passive electronic technology...",6576,,,,,,,,,,Re-searched,"DarSté Inc. provides automotive security innovation solutions for carjacking and vehicle theft prevention. Our patented leading product, Phantom Kill Switch, incorporates passive electronic technology... ",COPPER,False,False,,
"dashmoto, Inc.",,10940,,,,,,,,,,Re-searched, ,INSUFFICIENT,False,False,,No website found via search
Dassault Systemes Americas Corp.,"Virtual twin experiences open up new possibilities for Life Sciences and Healthcare - enabling us to invent new ways of representing life, by understanding and representing the invisible. Dassault Sys...",8705,,,,,,,,,,Re-searched,"Virtual twin experiences open up new possibilities for Life Sciences and Healthcare - enabling us to invent new ways of representing life, by understanding and representing the invisible. Dassault Sys... ",COPPER,False,False,,
Datavault AI,"From high-performance audio technologies that transmit and receive high-definition audio to industry-wide partnerships, WiSA is driving the future of home audio. We work with and align the efforts of ...",Venetian Palazzo Hospitality Suites,,,,,,,,,,Re-searched,"From high-performance audio technologies that transmit and receive high-definition audio to industry-wide partnerships, WiSA is driving the future of home audio. We work with and align the efforts of ... ",COPPER,False,False,,
Daton,"Dayton also provides a full range of data center AI management solutions. It is an AI technology company that provides a comprehensive surveillance operation system with three axes: AI EMS, AI OPS, an...",11119,,,,,,,,,,Re-searched,"Dayton also provides a full range of data center AI management solutions. It is an AI technology company that provides a comprehensive surveillance operation system with three axes: AI EMS, AI OPS, an... ",COPPER,False,False,,
Davis Instruments,"Davis, an AEM company, is the leader in environmental monitoring instruments for commercial & consumer marketplaces. The proven accuracy, durability and flexibility of Davis products, including AirLin...",52709,,,https://www.davisinstruments.com/,,,True,Unknown,✅ GOOD,All checks passed.,Re-searched,"Davis, an AEM company, is the leader in environmental monitoring instruments for commercial & consumer marketplaces. The proven accuracy, durability and flexibility of Davis products, including AirLin... ",BRONZE_WEB,True,False,,
Dazone LLC,,22247,,,,,,,,,,Re-searched, ,INSUFFICIENT,False,False,,No website found via search
"DCA Services, Inc.","Since 1984, DCA has created custom software and software integration solutions to fit client specific needs.",9553,,,https://www.dcaservices.com/,,,True,Unknown,✅ GOOD,All checks passed.,Re-searched,"Since 1984, DCA has created custom software and software integration solutions to fit client specific needs. ",BRONZE_WEB,True,False,,
DDD Robotics srl,,61711,,,,,,,,,,Re-searched, ,INSUFFICIENT,False,False,,No website found via search
ddm hopt + schuler,"ddm hopt+schuler is a quality German designer, developer and manufactures of contact and contactless readers, ticket and card dispensers and Encoder switches. Let us share ambitious plans. With our te...",51266,,,,,,,,,,Re-searched,"ddm hopt+schuler is a quality German designer, developer and manufactures of contact and contactless readers, ticket and card dispensers and Encoder switches. Let us share ambitious plans. With our te... ",COPPER,False,False,,
DeciZone.com,"Decizone.com streamlines operations using interactive decision trees that work for you by saving time, money & headache. Simplify process work for: Call Center Agent Scripts, Technical Support, Custom...",9527,,,https://decizone.com/,,,True,Unknown,✅ GOOD,All checks passed.,Re-searched,"Decizone.com streamlines operations using interactive decision trees that work for you by saving time, money & headache. Simplify process work for: Call Center Agent Scripts, Technical Support, Custom... ",BRONZE_WEB,True,False,,
DECQ,,60711,,,,,,,,,,Re-searched, ,INSUFFICIENT,False,False,,No website found via search
Deep Hearing Corp.,"Deep Hearing specializes in AI-based signal processing technologies that enhance speech clarity in noisy environments, featuring Denoiser, Beamformer, Echo Canceller, and Coneformer™ for voice isolati...",50523,,,,,,,,,,Re-searched,"Deep Hearing specializes in AI-based signal processing technologies that enhance speech clarity in noisy environments, featuring Denoiser, Beamformer, Echo Canceller, and Coneformer™ for voice isolati... ",COPPER,False,False,,
Deep.Fine,"DEEP.FINE leverages AR, XR, and VL technologies to transform spaces into precise 3D digital environments. Its solutions, including DSC and DAO, enhance smart factories, digital twins, and AR glasses. ...",9674,,,,,,,,,,Re-searched,"DEEP.FINE leverages AR, XR, and VL technologies to transform spaces into precise 3D digital environments. Its solutions, including DSC and DAO, enhance smart factories, digital twins, and AR glasses. ... ",COPPER,False,False,,
DeepIntent,"Proven to drive higher audience quality and script lift, DeepIntent's healthcare demand side platform empowers marketers to plan, activate, measure, and optimize patient and HCP programmatic campaigns...",Aria Hospitality Suites,,,https://start.deepintent.com/,,,True,Unknown,✅ GOOD,All checks passed.,Re-searched,"Proven to drive higher audience quality and script lift, DeepIntent's healthcare demand side platform empowers marketers to plan, activate, measure, and optimize patient and HCP programmatic campaigns... ",BRONZE_WEB,True,False,,
Deepmind Platform,"Satoshi Holdings delivers quantum-secure drone platforms with autonomous flight and mission control for defense, industry, and public safety. Expanding globally with innovative, reliable, and secure t...",8353,,,https://alphagoteach.deepmind.com/,,,True,Unknown,⚠️ UNCLEAR,1 keyword(s) found,Re-searched,"Satoshi Holdings delivers quantum-secure drone platforms with autonomous flight and mission control for defense, industry, and public safety. Expanding globally with innovative, reliable, and secure t... ",BRONZE_WEB,True,False,,
Deepscent Labs,,50523,,,,,,,,,,Re-searched, ,INSUFFICIENT,False,False,,No website found via search
DEEPVISIONS,,50523,,,,,,,,,,Re-searched, ,INSUFFICIENT,False,False,,No website found via search
Dell Technologies,"Dell Technologies (NYSE:DELL) helps organizations and individuals build their digital future and transform how they work, live and play. The company provides customers with the industry's broadest and...","Venetian Palazzo Hospitality Suites, Venetian Palazzo Hospitality Suites 2, Venetian Palazzo Hospitality Suites 3 + 2 more",,,https://www.dell.com/en-us,,,True,Unknown,✅ GOOD,All checks passed.,Skipped - Valid,"Dell Technologies (NYSE:DELL) helps organizations and individuals build their digital future and transform how they work, live and play. The company provides customers with the industry's broadest and... ",BRONZE_WEB,True,False,,
Deloitte Services LP,"Deloitte provides industry-leading audit, consulting, tax and advisory services to many of the world’s most admired brands, including nearly 90% of the Fortune 500. We leverage our unique blend of bus...","W234, W235",,,https://www.deloitte.com/us/en/about.html,,,True,Unknown,✅ GOOD,All checks passed.,Re-searched,"Deloitte provides industry-leading audit, consulting, tax and advisory services to many of the world’s most admired brands, including nearly 90% of the Fortune 500. We leverage our unique blend of bus... ",BRONZE_WEB,True,False,,
DemerBox,,54568,,,,,,,,,,Re-searched, ,INSUFFICIENT,False,False,,No website found via search
Dennisson Technologies,"Dennisson Technologies is the creator of AuraFlex, the world's thinnest, lightest, and flexible silent actuator. This advanced material technology is a light-activated polymer that contracts like a mu...",8368,,,https://www.dennisson.tech/,,,True,Unknown,✅ GOOD,All checks passed.,Skipped - Valid,"Dennisson Technologies is the creator of AuraFlex, the world's thinnest, lightest, and flexible silent actuator. This advanced material technology is a light-activated polymer that contracts like a mu... ",BRONZE_WEB,True,False,,
DeNoize B.V.,"DeNoize turns ordinary windows into smart sound barriers. Our retrofit technology uses active noise cancellation to block traffic and city noise - restoring calm and peace into urban homes, without re...",62100,,,,,,,,,,Re-searched,"DeNoize turns ordinary windows into smart sound barriers. Our retrofit technology uses active noise cancellation to block traffic and city noise - restoring calm and peace into urban homes, without re... ",COPPER,False,False,,
"DENSO International America, Inc.","DENSO is a $47.9 billion leading mobility supplier that develops advanced technology and components for nearly every vehicle make and model on the road today. In North America, DENSO is headquartered ...",W316,,,https://www.denso.com/us-ca/en/about-us/company-information/us/diam/,,,True,Unknown,✅ GOOD,All checks passed.,Re-searched,"DENSO is a $47.9 billion leading mobility supplier that develops advanced technology and components for nearly every vehicle make and model on the road today. In North America, DENSO is headquartered ... ",COPPER,False,False,,
dentalPrices,"dentalPrices (FKA distedavim) is a platform helping patients find, compare, and finance dental treatments.",63432,,,,,,,,,,Re-searched,"dentalPrices (FKA distedavim) is a platform helping patients find, compare, and finance dental treatments. ",COPPER,False,False,,
Dentomi Limited,"Dentomi Limited is an oral health-tech pioneer transforming oral healthcare with AI-powered solutions. Founded in 2023, we empower consumers and service providers with accessible, scalable, and preven...",63200,,,,,,,,,,Re-searched,"Dentomi Limited is an oral health-tech pioneer transforming oral healthcare with AI-powered solutions. Founded in 2023, we empower consumers and service providers with accessible, scalable, and preven... ",COPPER,False,False,,
Denvix,"Denvix is a consumer electronics brand specializes in on-the-go solutions. Denvix has introduced the world's best tire inflator that combines inflation, fast charging and work lighting—all in one devi...",30813,,,https://denvix.com/blogs/ces-2025-news/ces-2025-news,,,True,Unknown,✅ GOOD,All checks passed.,Skipped - Valid,"Denvix is a consumer electronics brand specializes in on-the-go solutions. Denvix has introduced the world's best tire inflator that combines inflation, fast charging and work lighting—all in one devi... ",BRONZE_WEB,True,False,,
Dept Holding B.V.,"DEPT® is a Growth Invention company built to help the world’s most ambitious brands grow faster. Operating at the intersection of technology and marketing, our 4,000+ specialists deliver growth invent...",Aria Hospitality Suites,,,https://www.deptagency.com/en-apac/agency-details/,,,True,Unknown,✅ GOOD,All checks passed.,Skipped - Valid,"DEPT® is a Growth Invention company built to help the world’s most ambitious brands grow faster. Operating at the intersection of technology and marketing, our 4,000+ specialists deliver growth invent... ",COPPER,False,False,,
Dermatoo SRL,,61711,,,,,,,,,,Re-searched, ,INSUFFICIENT,False,False,,No website found via search
DETECT RESEAUX,Detect Réseaux is developing a new generation of tools for the rapid and precise location of underground pipes. This innovative prototype enhances the safety of operations and red...,60711,,,https://detect-reseaux.fr/,,,True,Unknown,✅ GOOD,All checks passed.,Skipped - Valid,Detect Réseaux is developing a new generation of tools for the rapid and precise location of underground pipes. This innovative prototype enhances the safety of operations and red... ,BRONZE_WEB,True,False,,
Devamapp Mobility,"Devamapp is a smart mobility platform that brings together electric vehicle users, charging stations, and micromobility services in one app. It enables users to find, plan, and pay for charging, parki...",63432,,,https://devamapp.tech/,,,True,Unknown,✅ GOOD,All checks passed.,Skipped - Valid,"Devamapp is a smart mobility platform that brings together electric vehicle users, charging stations, and micromobility services in one app. It enables users to find, plan, and pay for charging, parki... ",BRONZE_WEB,True,False,,
DHL Supply Chain,DHL Supply Chain brings together exceptional strategic and operational capabilities through a disciplined approach to operations and deep industry expertise. The world's largest 3PL delivers predictab...,Tao,,,,,,,,,,Re-searched,DHL Supply Chain brings together exceptional strategic and operational capabilities through a disciplined approach to operations and deep industry expertise. The world's largest 3PL delivers predictab... ,COPPER,False,False,,
Diamond Quanta,"Diamond Quanta (DQ), a Silicon Catalyst portfolio company, is pioneering the first scalable engineered diamond platform for the post-silicon era. Our “Physics of Forever” mission delivers unmatched th...",60241,,,https://diamondquanta.com/,,,True,Unknown,✅ GOOD,All checks passed.,Re-searched,"Diamond Quanta (DQ), a Silicon Catalyst portfolio company, is pioneering the first scalable engineered diamond platform for the post-silicon era. Our “Physics of Forever” mission delivers unmatched th... ",BRONZE_WEB,True,False,,
DIC Corporation,"A chemical manufacturer with a history of over 100 years of innovation, DIC is a global leader in printing inks, organic pigments, and high-performance resins. Now creating new value beyond chemistry,...",8063,,,,,,,,,,Re-searched,"A chemical manufacturer with a history of over 100 years of innovation, DIC is a global leader in printing inks, organic pigments, and high-performance resins. Now creating new value beyond chemistry,... ",COPPER,False,False,,
Digi International,Digi International is a leading global provider of mission-critical IoT connectivity products and services. We help our customers create next-generation connected products and deploy and manage critic...,10871,,,https://www.digi.com/,,,True,Unknown,✅ GOOD,All checks passed.,Skipped - Valid,Digi International is a leading global provider of mission-critical IoT connectivity products and services. We help our customers create next-generation connected products and deploy and manage critic... ,BRONZE_WEB,True,False,,
digid GmbH,,10047,,,https://www.digid.nl/,,,,,,,Re-searched, ,BRONZE_WEB,True,False,,
Digiforming,"Digiforming revolutionizes sheet metal forming with AI-powered manufacturing intelligence. Our solution predicts and prevents stamping defects before they occur, protects tools, and automates quality ...",63432,,,https://digiforming.io/,,,True,Unknown,✅ GOOD,All checks passed.,Skipped - Valid,"Digiforming revolutionizes sheet metal forming with AI-powered manufacturing intelligence. Our solution predicts and prevents stamping defects before they occur, protects tools, and automates quality ... ",BRONZE_WEB,True,False,,
DigiLens Inc.,DigiLens is a leader in holographic waveguides used for XR displays. The company has developed a patented optical platform and photopolymer technology that deliver best-in-class solutions using a uniq...,Aria Hospitality Suites,,,https://www.digilens.com/,,,True,Unknown,✅ GOOD,All checks passed.,Skipped - Valid,DigiLens is a leader in holographic waveguides used for XR displays. The company has developed a patented optical platform and photopolymer technology that deliver best-in-class solutions using a uniq... ,BRONZE_WEB,True,False,,
Digireha Inc.,,62801,,,,,,,,,,Re-searched, ,INSUFFICIENT,False,False,,No website found via search
"Digital Envoy, Inc",,"Aria Hospitality Suites, Aria Hospitality Suites 2",,,,,,,,,,Re-searched, ,INSUFFICIENT,False,False,,No website found via search
DION ENERGY Inc.,,62833,,,https://diondimucci.com/,,,,,,,Re-searched, ,BRONZE_WEB,True,False,,
Dipal,,18627,,,https://www.dipal.net/,,,,,,,Re-searched, ,BRONZE_WEB,True,False,,
Direction9,"Direction9 is a software company developing text input technology for content search, where operating footprint/space is limited. Examples of devices compatible with our software include TV remote con...",35651,,,https://www.direction9.com/,,,True,Unknown,✅ GOOD,All checks passed.,Skipped - Valid,"Direction9 is a software company developing text input technology for content search, where operating footprint/space is limited. Examples of devices compatible with our software include TV remote con... ",BRONZE_WEB,True,False,,
DIRECTV LLC,"DIRECTV Advertising is a pioneer in the converged addressable space, delivering industry leading audience-based, digital, and innovative media solutions.",Aria Hospitality Suites,,,https://www.directvadvertising.com/,,,True,Unknown,✅ GOOD,All checks passed.,Re-searched,"DIRECTV Advertising is a pioneer in the converged addressable space, delivering industry leading audience-based, digital, and innovative media solutions. ",BRONZE_WEB,True,False,,
DISH Media,"Through innovative platforms like addressable targeting and programmatic buying, viewer measurement tools and access to custom audiences on DISH TV and SLING TV, DISH Media lets advertisers employ dat...",Aria Hospitality Suites,,,https://media.dish.com/,,,True,Unknown,✅ GOOD,All checks passed.,Skipped - Valid,"Through innovative platforms like addressable targeting and programmatic buying, viewer measurement tools and access to custom audiences on DISH TV and SLING TV, DISH Media lets advertisers employ dat... ",BRONZE_WEB,True,False,,
Dismo Industries,,60235,,,,,,,,,,Re-searched, ,INSUFFICIENT,False,False,,No website found via search
"Disney Advertising Sales, LLC",,Chelsea Theater,,,,,,,,,,Re-searched, ,INSUFFICIENT,False,False,,No website found via search
Displace,"Displace, an in-home entertainment startup and maker of the first truly wireless TV that has no wires, no ports and is run by hot-swappable batteries. Unlike anything else on the market, Displace's 55...",21626,,,,,,,,,,Re-searched,"Displace, an in-home entertainment startup and maker of the first truly wireless TV that has no wires, no ports and is run by hot-swappable batteries. Unlike anything else on the market, Displace's 55... ",COPPER,False,False,,
DLS Technology Corporation,"DLS Technology Corporation delivers secure IT solutions in cybersecurity, cloud, and digital transformation for public and private sectors. Its flagship platform, vKey, creates a trusted, isolated wor...",50755,,,,,,,,,,Re-searched,"DLS Technology Corporation delivers secure IT solutions in cybersecurity, cloud, and digital transformation for public and private sectors. Its flagship platform, vKey, creates a trusted, isolated wor... ",COPPER,False,False,,
DNA PROFILE LTD,,61701,,,,,,,,,,Re-searched, ,INSUFFICIENT,False,False,,No website found via search
Dobot USA LLC,,9425,,,,,,,,,,Re-searched, ,INSUFFICIENT,False,False,,No website found via search
Dolby,,"Greenwich, Hyde 1, Regents 1 + 3 more",,,,,,,,,,Re-searched, ,INSUFFICIENT,False,False,,No website found via search
Dolphin Semiconductor,"Dolphin Semiconductor is a leading provider of semiconductor IP solutions, specializing in mixed signal IP design targeting markets such as Industrial, High-Performance Computing, Consumer Electronics...",60711,,,https://dolphin-semiconductor.com/,,,True,Unknown,✅ GOOD,All checks passed.,Skipped - Valid,"Dolphin Semiconductor is a leading provider of semiconductor IP solutions, specializing in mixed signal IP design targeting markets such as Industrial, High-Performance Computing, Consumer Electronics... ",COPPER,False,False,,
Donut Lab,,5539,,,,,,,,,,Re-searched, ,INSUFFICIENT,False,False,,No website found via search
Dot Incorporation,"Dot has been working continuously striving to develop affordable technology for visually impaired individuals. We are developing technologies that make information easily accessible to everyone, rega...",62738,,,,,,,,,,Re-searched,"Dot has been working continuously striving to develop affordable technology for visually impaired individuals. We are developing technologies that make information easily accessible to everyone, rega... ",COPPER,False,False,,
DotDot,Share your extra GBs and get Ca$h back! #dotdot is a telecommunication company inventing mobile-internet-on-demand via the anonymous P2P trading of extra GBs. #dot's are pocket-size WiFi repeaters...,60711,,,https://dotdot-agency.com/,,,True,Unknown,⚠️ UNCLEAR,1 keyword(s) found,Skipped - Valid,Share your extra GBs and get Ca$h back! #dotdot is a telecommunication company inventing mobile-internet-on-demand via the anonymous P2P trading of extra GBs. #dot's are pocket-size WiFi repeaters... ,COPPER,False,False,,
"Double T Co.,Ltd","DoubleT is advancing global workplace safety with Heimdall, an AI-powered solution preventing industrial accidents before they happen. Combining predictive AI, ultra-fast risk detection, real-time...",8104,,,,,,,,,,Re-searched,"DoubleT is advancing global workplace safety with Heimdall, an AI-powered solution preventing industrial accidents before they happen. Combining predictive AI, ultra-fast risk detection, real-time... ",COPPER,False,False,,
Doublepoint,"Doublepoint has built a hardware agnostic gesture detection platform for wearables. Our AI-powered software enables full gesture control for augmented reality, automotive, TV, wearables, robotics, and...",15656,,,https://www.doublepoint.com/,,,True,Unknown,✅ GOOD,All checks passed.,Skipped - Valid,"Doublepoint has built a hardware agnostic gesture detection platform for wearables. Our AI-powered software enables full gesture control for augmented reality, automotive, TV, wearables, robotics, and... ",BRONZE_WEB,True,False,,
DoubleVerify Inc.,"Making the Internet Stronger, Safer and More Secure DV is committed to developing independent media quality and performance solutions that drive better outcomes for advertisers.",Aria Hospitality Suites,,,,,,,,,,Re-searched,"Making the Internet Stronger, Safer and More Secure DV is committed to developing independent media quality and performance solutions that drive better outcomes for advertisers. ",COPPER,False,False,,
"DPI, Inc.","We provide quality, value-driven consumer electronics and services to our customers and retail partners. For over 50 years, our comprehensive design, manufacturing, marketing, sales, and logistics tea...",W325,,,,,,,,,,Re-searched,"We provide quality, value-driven consumer electronics and services to our customers and retail partners. For over 50 years, our comprehensive design, manufacturing, marketing, sales, and logistics tea... ",COPPER,False,False,,
DR. FUJI / ACIGI,Dr. Boss and Asahi massage chair invites you to a dream world that will greatly enhance your health. It is designed to knead away and slacken the stiffness and fatigue using advanced knead balls and e...,54855,,,https://www.drfuji.com/,,,True,Unknown,✅ GOOD,All checks passed.,Skipped - Valid,Dr. Boss and Asahi massage chair invites you to a dream world that will greatly enhance your health. It is designed to knead away and slacken the stiffness and fatigue using advanced knead balls and e... ,BRONZE_WEB,True,False,,
Dracula Technologies,,60401,,,,,,,,,,Re-searched, ,INSUFFICIENT,False,False,,No website found via search
Dream Glass S.L,"Dream Glass Group is a market technology leager forDynamic Smart Film & Glass in the fields of Automotive, Smart Cities and Smart Construction Industries. D&K Automotive Glass is a market leader and...",3677,,,https://www.dreamglassgroup.com/ru/contact-us/,,,True,Unknown,✅ GOOD,All checks passed.,Skipped - Valid,"Dream Glass Group is a market technology leager forDynamic Smart Film & Glass in the fields of Automotive, Smart Cities and Smart Construction Industries. D&K Automotive Glass is a market leader and... ",COPPER,False,False,,
Dreo Corp,"Shenzhen Hesung Innovation Technology Co., LTD specializes in designing and developing small household and kitchen appliances. Dreo, the brand of Hesung, has earned consumer acclaim by publishing inno...",52332,,,,,,,,,,Re-searched,"Shenzhen Hesung Innovation Technology Co., LTD specializes in designing and developing small household and kitchen appliances. Dreo, the brand of Hesung, has earned consumer acclaim by publishing inno... ",COPPER,False,False,,
DRIVESAFE,"DRIVESAFE is a line of personal breathalyzers, trusted by industry professionals for over 30 years. Each product has been designed, engineered and manufactured to easily accommodate your unique lifest...",55144,,,https://mydrivesafe.com/,,,True,Unknown,✅ GOOD,All checks passed.,Re-searched,"DRIVESAFE is a line of personal breathalyzers, trusted by industry professionals for over 30 years. Each product has been designed, engineered and manufactured to easily accommodate your unique lifest... ",BRONZE_WEB,True,False,,
"DRIVETECH Co.,Ltd",,50523,,,,,,,,,,Re-searched, ,INSUFFICIENT,False,False,,No website found via search
dSPACE,"dSPACE is a leading provider of simulation and validation solutions worldwide for developing connected, autonomous, and electrically powered vehicles. Our portfolio ranges from end-to-end solutions fo...",4500,,,https://dspace.org/,,,True,Unknown,✅ GOOD,All checks passed.,Skipped - Valid,"dSPACE is a leading provider of simulation and validation solutions worldwide for developing connected, autonomous, and electrically powered vehicles. Our portfolio ranges from end-to-end solutions fo... ",COPPER,False,False,,
Duetware,We enable rapid development of IoT-connected devices that drive sustainability—cutting energy use and managing water efficiently. Our no-code IoT platform and tools deliver data-driven control and ins...,60711,,,,,,,,,,Re-searched,We enable rapid development of IoT-connected devices that drive sustainability—cutting energy use and managing water efficiently. Our no-code IoT platform and tools deliver data-driven control and ins... ,COPPER,False,False,,
Durin,Durin is building next-gen context-aware access for ultimate convenience and always-on security.,60462,,,https://conteudo.durin.com.br/catalogo-pratico,,,True,Unknown,⚠️ UNCLEAR,1 keyword(s) found,Re-searched,Durin is building next-gen context-aware access for ultimate convenience and always-on security. ,BRONZE_WEB,True,False,,
"Dwilar, Inc.",,62801,,,,,,,,,,Re-searched, ,INSUFFICIENT,False,False,,No website found via search
DY Innovate,,62659,,,,,,,,,,Re-searched, ,INSUFFICIENT,False,False,,No website found via search
Dyna Robotics,,8047,,,,,,,,,,Re-searched, ,INSUFFICIENT,False,False,,No website found via search
"Dynamic Map Platform North America, Inc.","How do you confidently build systems that shape the future of Mobility? The answer is Certainty. Certainty that your data reflects the world with precision. Certainty that decisions, whether by a ...",3866,,,,,,,,,,Re-searched,"How do you confidently build systems that shape the future of Mobility? The answer is Certainty. Certainty that your data reflects the world with precision. Certainty that decisions, whether by a ... ",COPPER,False,False,,
Dyslexic Screen,Lili for life intelligent lighting provides children and adults with dyslexia with unrivalled comfort when it comes to reading and understanding. The brightness emanating from the light can be adjuste...,60601,,,,,,,,,,Re-searched,Lili for life intelligent lighting provides children and adults with dyslexia with unrivalled comfort when it comes to reading and understanding. The brightness emanating from the light can be adjuste... ,COPPER,False,False,,
e-con Systems,"e-con Systems® designs, develops, and manufactures OEM cameras with 20+ years of embedded vision expertise. Serving industries like retail, medical, industrial, mobility, agriculture, and smart city, ...",9574,,,,,,,,,,Re-searched,"e-con Systems® designs, develops, and manufactures OEM cameras with 20+ years of embedded vision expertise. Serving industries like retail, medical, industrial, mobility, agriculture, and smart city, ... ",COPPER,False,False,,
E-magy B.V.,"E-magy revolutionizes lithium-ion batteries with its nano-porous silicon anode material. Replacing graphite, expect 40% higher energy density, 3x faster charging, negligible anode expansion and a low ...",62100,,,,,,,,,,Re-searched,"E-magy revolutionizes lithium-ion batteries with its nano-porous silicon anode material. Replacing graphite, expect 40% higher energy density, 3x faster charging, negligible anode expansion and a low ... ",COPPER,False,False,,
E-OPTO,"E-OPTO develops ultra-high-speed, low-power optical modulators using an organic–glass hybrid platform. Our devices achieve over 140 GHz bandwidth and 50% lower power, enabling energy-efficient Co-Pack...",62801,,,,,,,,,,Re-searched,"E-OPTO develops ultra-high-speed, low-power optical modulators using an organic–glass hybrid platform. Our devices achieve over 140 GHz bandwidth and 50% lower power, enabling energy-efficient Co-Pack... ",COPPER,False,False,,
e-peas,,50752,,,,,,,,,,Re-searched, ,INSUFFICIENT,False,False,,No website found via search
E-SKY Technology Limited,"E-Sky Technology Limited focus on the outdoor hunting trail camera and waterproof digital camera products since 2005. We have a factory covers 10000 square meters, more than 300 experienced and passi...",21836,,,,,,,,,,Re-searched,"E-Sky Technology Limited focus on the outdoor hunting trail camera and waterproof digital camera products since 2005. We have a factory covers 10000 square meters, more than 300 experienced and passi... ",COPPER,False,False,,
Ean Hightech Co Ltd,,50523,,,,,,,,,,Re-searched, ,INSUFFICIENT,False,False,,No website found via search
Earflo Inc.,"Earflo has developed a child-friendly OTC medical device that relieves negative middle ear pressure, offering an at-home alternative to ear tube surgery. Designed like a sippy cup, it gently helps ope...",61245,,,https://earflocare.com/,,,True,Unknown,✅ GOOD,All checks passed.,Re-searched,"Earflo has developed a child-friendly OTC medical device that relieves negative middle ear pressure, offering an at-home alternative to ear tube surgery. Designed like a sippy cup, it gently helps ope... ",COPPER,False,False,,
EASYCEP,"Easycep is a leading refurbished electronics company and technology provider. Through Easycep Retech, we deliver advanced trade-in and retail SaaS solutions, combining our refurbishment expertise with...",50759,,,https://easycep.com/,,,True,Unknown,⚠️ UNCLEAR,1 keyword(s) found,Re-searched,"Easycep is a leading refurbished electronics company and technology provider. Through Easycep Retech, we deliver advanced trade-in and retail SaaS solutions, combining our refurbishment expertise with... ",COPPER,False,False,,
EBARA Corporation,"Ebara is redefining manufacturing through a human-centered digital transformation. By integrating advanced 3D visualization, AI analytics, and virtual collaboration technologies, Ebara bridges real an...",8219,,,,,,,,,,Re-searched,"Ebara is redefining manufacturing through a human-centered digital transformation. By integrating advanced 3D visualization, AI analytics, and virtual collaboration technologies, Ebara bridges real an... ",COPPER,False,False,,
eBay,,"Venetian Palazzo Hospitality Suites, Venetian Palazzo Hospitality Suites 2, Venetian Palazzo Hospitality Suites 3",,,,,,,,,,Re-searched, ,INSUFFICIENT,False,False,,No website found via search
ECARX Limited,"ECARX is a smart mobility technology provider supplying full stack, vertically integrated technology solutions for intelligent cockpit and ADAS solutions to automakers as a Tier 1 supplier. We are inn...",Wynn Encore Hospitality Suites,,,https://www.ecarxgroup.com/,,,True,Unknown,✅ GOOD,All checks passed.,Re-searched,"ECARX is a smart mobility technology provider supplying full stack, vertically integrated technology solutions for intelligent cockpit and ADAS solutions to automakers as a Tier 1 supplier. We are inn... ",BRONZE_WEB,True,False,,
Ecobee,"ecobee was founded in 2007 with a mission to improve everyday life while creating a more sustainable world. Today, ecobee continues to innovate with smart home solutions that solve everyday problems w...",Suite 34-210,,,,,,,,,,Re-searched,"ecobee was founded in 2007 with a mission to improve everyday life while creating a more sustainable world. Today, ecobee continues to innovate with smart home solutions that solve everyday problems w... ",COPPER,False,False,,
EcoG GmbH,"EcoG is catalyzing the fast charging infrastructure for electric vehicles into a professionalized market. With its reference designs, charge controllers and control software, EcoG is already market le...",51242,,,https://ecog.io/,,,True,Unknown,✅ GOOD,All checks passed.,Re-searched,"EcoG is catalyzing the fast charging infrastructure for electric vehicles into a professionalized market. With its reference designs, charge controllers and control software, EcoG is already market le... ",BRONZE_WEB,True,False,,
Ecoldbrew Inc,,51116,,,,,,,,,,Re-searched, ,INSUFFICIENT,False,False,,No website found via search
"ecopem Co.,Ltd",,62833,,,,,,,,,,Re-searched, ,INSUFFICIENT,False,False,,No website found via search
Ecotron Corporation,"Ecotron specializes in advanced automotive controllers for electric and autonomous vehicles, enabling manufacturers with quality and scalable tech. In-house design tools and MatLab Simulink enabled pr...",3967,,,https://ecotron.ai/,,,True,Unknown,✅ GOOD,All checks passed.,Re-searched,"Ecotron specializes in advanced automotive controllers for electric and autonomous vehicles, enabling manufacturers with quality and scalable tech. In-house design tools and MatLab Simulink enabled pr... ",BRONZE_WEB,True,False,,
ECOVACS Robotics Inc.,"ECOVACS ROBOTICS advances robotic technologies to serve the world and create a holistic ecosystem between human and robotics in lifestyle and production. Over the last 25 years, ECOVACS transformed fr...",Bellini 2103,,,https://www.ecovacs.com/global,,,True,Unknown,✅ GOOD,All checks passed.,Re-searched,"ECOVACS ROBOTICS advances robotic technologies to serve the world and create a holistic ecosystem between human and robotics in lifestyle and production. Over the last 25 years, ECOVACS transformed fr... ",BRONZE_WEB,True,False,,
Eden Park,"Eden Park creates safer and healthier indoor spaces for at-risk, immunocompromised, and medically vulnerable communities and workforces around the world. We do this by deploying safe and effective Far...",8225,,,,,,,,,,Re-searched,"Eden Park creates safer and healthier indoor spaces for at-risk, immunocompromised, and medically vulnerable communities and workforces around the world. We do this by deploying safe and effective Far... ",COPPER,False,False,,
EDGE Sound Research,"EDGE Sound Research is the leading multimodal audio research organization building an intelligent audio infrastructure isolating sound objects in real time—enabling personalized, immersive, and embodi...",Suite 29-336,,,,,,,,,,Re-searched,"EDGE Sound Research is the leading multimodal audio research organization building an intelligent audio infrastructure isolating sound objects in real time—enabling personalized, immersive, and embodi... ",COPPER,False,False,,
EdgeCortix,"EdgeCortix deliver high performance, energy efficient, AI accelerators with a software-first approach for edge applications. The company's SAKURA-II AI accelerator provides the latest Generative AI so...",Venetian Palazzo Hospitality Suites,,,,,,,,,,Re-searched,"EdgeCortix deliver high performance, energy efficient, AI accelerators with a software-first approach for edge applications. The company's SAKURA-II AI accelerator provides the latest Generative AI so... ",COPPER,False,False,,
Edifier Enterprises Canada,"Founded in 1996, Edifier is a global leader in premium audio solutions, dedicated to creating innovative, stylish, and high-quality products. From headphones and speakers to professional audio, Edifie...",19040,,,https://www.edifier.com/int/ca,,,True,Unknown,✅ GOOD,All checks passed.,Re-searched,"Founded in 1996, Edifier is a global leader in premium audio solutions, dedicated to creating innovative, stylish, and high-quality products. From headphones and speakers to professional audio, Edifie... ",BRONZE_WEB,True,False,,
EEGDeep,,62201,,,,,,,,,,Re-searched, ,INSUFFICIENT,False,False,,No website found via search
eeva Solutions Inc.,eeva is an all-in-one life operating system designed to centralize homelife management into one platform to make day to day life run smoother. Leveraging advanced technologies like AI and machine lear...,60461,,,https://eeva.ai/,,,True,Unknown,✅ GOOD,All checks passed.,Re-searched,eeva is an all-in-one life operating system designed to centralize homelife management into one platform to make day to day life run smoother. Leveraging advanced technologies like AI and machine lear... ,COPPER,False,False,,
Efficient Computer,"Efficient Computer builds the world’s most energy-efficient general-purpose processor, combining ultra-efficient hardware with intuitive, developer-friendly software. Our technology scales from “beyon...",51432,,,https://www.efficient.computer/,,,True,Unknown,✅ GOOD,All checks passed.,Re-searched,"Efficient Computer builds the world’s most energy-efficient general-purpose processor, combining ultra-efficient hardware with intuitive, developer-friendly software. Our technology scales from “beyon... ",BRONZE_WEB,True,False,,
EFLOW,,62833,,,,,,,,,,Re-searched, ,INSUFFICIENT,False,False,,No website found via search
EigenQ,,60652,,,,,,,,,,Re-searched, ,INSUFFICIENT,False,False,,No website found via search
"Electra Vehicles, Inc.",Electra is the leading AI-driven cleantech company unlocking the full potential of battery technology. We deliver advanced AI/ML solutions and analytics to e-mobility and energy infrastructure operato...,7324,,,,,,,,,,Re-searched,Electra is the leading AI-driven cleantech company unlocking the full potential of battery technology. We deliver advanced AI/ML solutions and analytics to e-mobility and energy infrastructure operato... ,COPPER,False,False,,
"Electronic Bins, GP",,52773,,,,,,,,,,Re-searched, ,INSUFFICIENT,False,False,,No website found via search
Electronics Bazaar,"At Electronics Bazaar, we are revolutionizing the way technology is accessed, utilized, and sustained, we specialize in offering high-quality refurbished laptops and desktops tailored to meet the need...",21530,,,https://www.electronicsbazaar.com/en-us/,,,True,Unknown,✅ GOOD,All checks passed.,Re-searched,"At Electronics Bazaar, we are revolutionizing the way technology is accessed, utilized, and sustained, we specialize in offering high-quality refurbished laptops and desktops tailored to meet the need... ",BRONZE_WEB,True,False,,
Elektrobit,Elektrobit is a global vendor of software products and services for the automotive industry. Elektrobit's software powers over five billion devices in more than 600 million vehicles and offers car inf...,3719,,,,,,,,,,Re-searched,Elektrobit is a global vendor of software products and services for the automotive industry. Elektrobit's software powers over five billion devices in more than 600 million vehicles and offers car inf... ,COPPER,False,False,,
"Element TV Company, LP.","Element, founded in 2007, is a rapidly growing consumer tech brand known for delivering high-quality, affordable products. We focus on making technology accessible and enjoyable. As the only major TV ...","Bassano 2801, Bassano 2802, Veronese 2503",,,https://elementelectronics.com/our-story/,,,True,Unknown,✅ GOOD,All checks passed.,Re-searched,"Element, founded in 2007, is a rapidly growing consumer tech brand known for delivering high-quality, affordable products. We focus on making technology accessible and enjoyable. As the only major TV ... ",COPPER,False,False,,
"Elemind Technologies, Inc.",,53423,,,,,,,,,,Re-searched, ,INSUFFICIENT,False,False,,No website found via search
EM Microelectronic,"EM Microelectronic is a semiconductor manufacturer specialized in the design and production of ultra-low power, low voltage integrated circuits for battery-operated and field-powered applications acro...","51239, Venetian Palazzo Hospitality Suites",,,https://www.emmicroelectronic.com/,,,True,Unknown,✅ GOOD,All checks passed.,Re-searched,"EM Microelectronic is a semiconductor manufacturer specialized in the design and production of ultra-low power, low voltage integrated circuits for battery-operated and field-powered applications acro... ",BRONZE_WEB,True,False,,
"EMASS, a Nanoveu business",EMASS is an advanced semiconductor company specializing in ultra-low-power AI system-on-chip (SoC) solutions for edge computing. The company's flagship ECS-DoT chip delivers high-performance AI proces...,Venetian Palazzo Hospitality Suites,,,https://business-news-today.com/nanoveu-to-acquire-semiconductor-firm-emass-to-enhance-3d-technology-and-expand-into-ai-markets/,,,False,Unknown,❌ WRONG,Junk domain,Re-searched,EMASS is an advanced semiconductor company specializing in ultra-low-power AI system-on-chip (SoC) solutions for edge computing. The company's flagship ECS-DoT chip delivers high-performance AI proces... ,BRONZE_WEB,True,False,,
EMD Electronics,"EMD Electronics is a business of Merck KGaA, Darmstadt, Germany. With 100+ years in electronic materials, our chemistry, physics, & material science are found in almost every device. We leverage AI, m...",9005,,,,,,,,,,Re-searched,"EMD Electronics is a business of Merck KGaA, Darmstadt, Germany. With 100+ years in electronic materials, our chemistry, physics, & material science are found in almost every device. We leverage AI, m... ",COPPER,False,False,,
"Emnify, Inc.","emnify is the leading IoT connectivity partner to the innovators building our connected world. Founded in 2014 in Germany, emnify developed the industry’s first cloud-native, global connectivity – the...",10477,,,https://www.emnify.com/,,,True,Unknown,✅ GOOD,All checks passed.,Re-searched,"emnify is the leading IoT connectivity partner to the innovators building our connected world. Founded in 2014 in Germany, emnify developed the industry’s first cloud-native, global connectivity – the... ",BRONZE_WEB,True,False,,
EMOTICONNECT BY MACOMAGENCY,,61106,,,,,,,,,,Re-searched, ,INSUFFICIENT,False,False,,No website found via search
emotii.ai,"emotii harnesses superhuman intelligence to foster beautifully human connections. As a real-time AI-powered interpreter, emotii enables seamless, simultaneous multilingual interpretation across 160 la...",14717b,,,,,,,,,,Re-searched,"emotii harnesses superhuman intelligence to foster beautifully human connections. As a real-time AI-powered interpreter, emotii enables seamless, simultaneous multilingual interpretation across 160 la... ",COPPER,False,False,,
emotion3D,emotion3D offers camera-based Driver & Occupant Monitoring Solutions analysing humans & objects in automotive in-cabin environments. The highly customisable and flexible DMS/OMS solutions go beyond re...,7258,,,https://emotion3d.ai/,,,True,Unknown,✅ GOOD,All checks passed.,Re-searched,emotion3D offers camera-based Driver & Occupant Monitoring Solutions analysing humans & objects in automotive in-cabin environments. The highly customisable and flexible DMS/OMS solutions go beyond re... ,BRONZE_WEB,True,False,,
Emotiv,"Emotiv Mobility operates at the intersection of energy and mobility, delivering assembly, material support systems, and next-generation components. From transformers to hybrid transfer cases, we help ...",6341,,,,,,,,,,Re-searched,"Emotiv Mobility operates at the intersection of energy and mobility, delivering assembly, material support systems, and next-generation components. From transformers to hybrid transfer cases, we help ... ",COPPER,False,False,,
Enchanted Tools,"Enchanted Tools has created The Mirokaï, logistics robots designed for social environments: assistants that move objects and are designed to be in contact with end-users. Mirokaï are prototypes charac...",8545,,,,,,,,,,Re-searched,"Enchanted Tools has created The Mirokaï, logistics robots designed for social environments: assistants that move objects and are designed to be in contact with end-users. Mirokaï are prototypes charac... ",COPPER,False,False,,
Encore USA Inc.,"Established in 2003, Shenzhen and is specialized on R & D and manufacturing. We develop product technology, product quality, and improving audio system constantly.",21544,,,https://encore.balfour.com/,,,True,Unknown,⚠️ UNCLEAR,0 keyword(s) found,Re-searched,"Established in 2003, Shenzhen and is specialized on R & D and manufacturing. We develop product technology, product quality, and improving audio system constantly. ",BRONZE_WEB,True,False,,
"ENEOS Holdings, Inc.","While fulfilling our responsibility of providing a stable supply of energy and materials both today and in the future, we will realize a carbon-neutral society through energy transition. This is also ...",10129,,,https://www.eneos.us/,,,True,Unknown,✅ GOOD,All checks passed.,Re-searched,"While fulfilling our responsibility of providing a stable supply of energy and materials both today and in the future, we will realize a carbon-neutral society through energy transition. This is also ... ",BRONZE_WEB,True,False,,
Enertia Microsystems Inc.,,6979,,,,,,,,,,Re-searched, ,INSUFFICIENT,False,False,,No website found via search
ENSIDE Corp.,,62659,,,,,,,,,,Re-searched, ,INSUFFICIENT,False,False,,No website found via search
EntWick Inc.,"Entwick Inc. is a specialized company in non-invasive electroceutical therapies, founded with the goal of developing and manufacturing medical devices based on a variety of non-invasive treatment tech...",61452,,,,,,,,,,Re-searched,"Entwick Inc. is a specialized company in non-invasive electroceutical therapies, founded with the goal of developing and manufacturing medical devices based on a variety of non-invasive treatment tech... ",COPPER,False,False,,
Eos Energy Enterprises,,9963,,,,,,,,,,Re-searched, ,INSUFFICIENT,False,False,,No website found via search
"Epilog Imaging Systems, Inc.",,54202,,,https://www.epiloglaser.com/laser-machines/product-line/,,,,,,,Re-searched, ,BRONZE_WEB,True,False,,
Epilog Laser,"Epilog Laser is the leading designer and manufacturer of CO2 and fiber laser engraving, cutting, and marking systems. Used extensively in a variety of industries, Epilog systems and mark and cut wood,...",15237,,,https://www.epiloglaser.com/,,,True,Unknown,✅ GOOD,All checks passed.,Re-searched,"Epilog Laser is the leading designer and manufacturer of CO2 and fiber laser engraving, cutting, and marking systems. Used extensively in a variety of industries, Epilog systems and mark and cut wood,... ",BRONZE_WEB,True,False,,
Equativ,"About Equativ Equativ is a global, end-to-end media platform empowering advertisers and publishers to achieve real outcomes by uniting premium inventory and audiences with advanced curation and cut...",Aria Hospitality Suites,,,,,,,,,,Re-searched,"About Equativ Equativ is a global, end-to-end media platform empowering advertisers and publishers to achieve real outcomes by uniting premium inventory and audiences with advanced curation and cut... ",COPPER,False,False,,
ESI Cases & Accessories,,20020,,,,,,,,,,Re-searched, ,INSUFFICIENT,False,False,,No website found via search
eSight,"eSight by Gentex Corporation is a pioneer and leader in wearable assistive technology for vision enhancement. Using cutting-edge digital technology, we help people with significant central vision loss...",54607,,,,,,,,,,Re-searched,"eSight by Gentex Corporation is a pioneer and leader in wearable assistive technology for vision enhancement. Using cutting-edge digital technology, we help people with significant central vision loss... ",COPPER,False,False,,
ESOX Group,,5759,,,,,,,,,,Re-searched, ,INSUFFICIENT,False,False,,No website found via search
ETAS,"ETAS provides vehicle basic software, middleware, development tools, cloud-based operations services, cybersecurity solutions, and end-to-end engineering and consulting services for the realization of...",16203,,,https://www.etas.com/ww/en/,,,True,Unknown,✅ GOOD,All checks passed.,Re-searched,"ETAS provides vehicle basic software, middleware, development tools, cloud-based operations services, cybersecurity solutions, and end-to-end engineering and consulting services for the realization of... ",BRONZE_WEB,True,False,,
ETRI,,62859,,,,,,,,,,Re-searched, ,INSUFFICIENT,False,False,,No website found via search
"Etron Technology, Inc.","Etron Technology, Inc. (TPEx: 5351.TW) specializes in application-driven buffer memory, Known-Good Die Memory (KGDM), RPC DRAM®, and AI/ML-enhanced DRAM products. It also offers high-speed transfer in...",14841,,,,,,,,,,Re-searched,"Etron Technology, Inc. (TPEx: 5351.TW) specializes in application-driven buffer memory, Known-Good Die Memory (KGDM), RPC DRAM®, and AI/ML-enhanced DRAM products. It also offers high-speed transfer in... ",COPPER,False,False,,
Euhomy Technology Inc.,"Euhomy is redefining what “ice at home” means. Founded with the belief that every moment deserves more, Euhomy creates high-quality portable ice makers that deliver fast, clear, fresh, and healthy ice...","52552, CP1035",,,https://euhomy.com/,,,True,Unknown,✅ GOOD,All checks passed.,Re-searched,"Euhomy is redefining what “ice at home” means. Founded with the belief that every moment deserves more, Euhomy creates high-quality portable ice makers that deliver fast, clear, fresh, and healthy ice... ",BRONZE_WEB,True,False,,
EURO corporation,"EURO Corporation is an idea factory that turns brilliant ideas into reality. We transform ideas coming from minor inconveniences into new products, and our innovative designs reflects our commitme...",50523,,,https://www.ecb.europa.eu/euro/html/index.en.html,,,True,Unknown,⚠️ UNCLEAR,0 keyword(s) found,Re-searched,"EURO Corporation is an idea factory that turns brilliant ideas into reality. We transform ideas coming from minor inconveniences into new products, and our innovative designs reflects our commitme... ",BRONZE_WEB,True,False,,
Eurobotik Otomasyon,"Eurobotik provides innovative robotic solutions to optimize manufacturing processes. The standout Smart Robotic Screwing System features adaptive software, automatic sensor calibration, high-precision...",50759,,,,,,,,,,Re-searched,"Eurobotik provides innovative robotic solutions to optimize manufacturing processes. The standout Smart Robotic Screwing System features adaptive software, automatic sensor calibration, high-precision... ",COPPER,False,False,,
EV4 FRANCE,,60711,,,,,,,,,,Re-searched, ,INSUFFICIENT,False,False,,No website found via search
EVA MILL. INC.,"The main technique of the EVA MILL is a wireless audio and video transmission system. With professional technology and experience, we assist customers in improving business efficiency, popularizing mo...",62201,,,,,,,,,,Re-searched,"The main technique of the EVA MILL is a wireless audio and video transmission system. With professional technology and experience, we assist customers in improving business efficiency, popularizing mo... ",COPPER,False,False,,
Even Realities,,16833,,,,,,,,,,Re-searched, ,INSUFFICIENT,False,False,,No website found via search
Everything Branding,"Everything Branding is an award-winning public relations and e-commerce marketing agency helping brands grow revenue, boost visibility, and dominate AI-powered discovery. We specialize in commerce-...",21936,,,,,,,,,,Re-searched,"Everything Branding is an award-winning public relations and e-commerce marketing agency helping brands grow revenue, boost visibility, and dominate AI-powered discovery. We specialize in commerce-... ",COPPER,False,False,,
Evotrex,"Evotrex is a California-based company transforming outdoor travel with intelligent, power-generating RVs built for adventure without limits. Evotrex sets a new standard in the RV industry by blending ...",10051,,,,,,,,,,Re-searched,"Evotrex is a California-based company transforming outdoor travel with intelligent, power-generating RVs built for adventure without limits. Evotrex sets a new standard in the RV industry by blending ... ",COPPER,False,False,,
EX HEALTHCARE INC.,"EX Healthcare is a pioneering company specializing in medical AI solutions, developing applications that utilize artificial intelligence to enhance diagnostic accuracy and improve patient care. Founde...",50017,,,,,,,,,,Re-searched,"EX Healthcare is a pioneering company specializing in medical AI solutions, developing applications that utilize artificial intelligence to enhance diagnostic accuracy and improve patient care. Founde... ",COPPER,False,False,,
ExciteWave Innovations,,60854,,,,,,,,,,Re-searched, ,INSUFFICIENT,False,False,,No website found via search
Exosystems Inc.,,50017,,,,,,,,,,Re-searched, ,INSUFFICIENT,False,False,,No website found via search
EY,"Will you shape the future, or be shaped by it? EY help organizations shape the future with confidence. We’ll continue to ask the better questions we’re known for, to get to the new and better answers ...","Aria Hospitality Suites, W324",,,,,,,,,,Re-searched,"Will you shape the future, or be shaped by it? EY help organizations shape the future with confidence. We’ll continue to ask the better questions we’re known for, to get to the new and better answers ... ",COPPER,False,False,,
Eyebot,"Eyebot has developed the world’s fastest vision testing solution. Our kiosks deliver doctor-verified eyeglass prescriptions in minutes through advanced hardware and software—making accurate, accessibl...",54835,,,,,,,,,,Re-searched,"Eyebot has developed the world’s fastest vision testing solution. Our kiosks deliver doctor-verified eyeglass prescriptions in minutes through advanced hardware and software—making accurate, accessibl... ",COPPER,False,False,,
eyeo,"Eyeo is redefining imaging with the world’s most advanced nanophotonic color-splitting technology. For the first time, image sensors can capture all of incoming light, overcoming the current 30% limit...",Suite 29-125,,,https://eyeo-imaging.com/,,,True,Unknown,✅ GOOD,All checks passed.,Re-searched,"Eyeo is redefining imaging with the world’s most advanced nanophotonic color-splitting technology. For the first time, image sensors can capture all of incoming light, overcoming the current 30% limit... ",BRONZE_WEB,True,False,,
EZCast,"EZCast is a leading brand in wireless display technology, enabling seamless peer-to-peer screen sharing for meetings, education, and film production. With strong connectivity, smart design, and stable...",53352,,,https://www.ezcast.com/,,,True,Unknown,✅ GOOD,All checks passed.,Re-searched,"EZCast is a leading brand in wireless display technology, enabling seamless peer-to-peer screen sharing for meetings, education, and film production. With strong connectivity, smart design, and stable... ",BRONZE_WEB,True,False,,
Ezygreenpak Limited,,50732,,,,,,,,,,Re-searched, ,INSUFFICIENT,False,False,,No website found via search
Ezymind Healthcare Private Limited,,61234,,,,,,,,,,Re-searched, ,INSUFFICIENT,False,False,,No website found via search
e-con Systems,"e-con Systems® designs, develops, and manufactures OEM cameras with 20+ years of embedded vision expertise. Serving industries like retail, medical, industrial, mobility, agriculture, and smart city, ...",9574,,,,,,,,,,Re-searched,"e-con Systems® designs, develops, and manufactures OEM cameras with 20+ years of embedded vision expertise. Serving industries like retail, medical, industrial, mobility, agriculture, and smart city, ... ",COPPER,False,False,,
e-peas,,50752,,,,,,,,,,Re-searched, ,INSUFFICIENT,False,False,,No website found via search
E-SKY Technology Limited,"E-Sky Technology Limited focus on the outdoor hunting trail camera and waterproof digital camera products since 2005. We have a factory covers 10000 square meters, more than 300 experienced and passi...",21836,,,,,,,,,,Re-searched,"E-Sky Technology Limited focus on the outdoor hunting trail camera and waterproof digital camera products since 2005. We have a factory covers 10000 square meters, more than 300 experienced and passi... ",COPPER,False,False,,
Ean Hightech Co Ltd,,50523,,,,,,,,,,Re-searched, ,INSUFFICIENT,False,False,,No website found via search
Earflo Inc.,"Earflo has developed a child-friendly OTC medical device that relieves negative middle ear pressure, offering an at-home alternative to ear tube surgery. Designed like a sippy cup, it gently helps ope...",61245,,,https://earflocare.com/,,,True,Unknown,✅ GOOD,All checks passed.,Re-searched,"Earflo has developed a child-friendly OTC medical device that relieves negative middle ear pressure, offering an at-home alternative to ear tube surgery. Designed like a sippy cup, it gently helps ope... ",COPPER,False,False,,
EASYCEP,"Easycep is a leading refurbished electronics company and technology provider. Through Easycep Retech, we deliver advanced trade-in and retail SaaS solutions, combining our refurbishment expertise with...",50759,,,https://easycep.com/,,,True,Unknown,⚠️ UNCLEAR,1 keyword(s) found,Re-searched,"Easycep is a leading refurbished electronics company and technology provider. Through Easycep Retech, we deliver advanced trade-in and retail SaaS solutions, combining our refurbishment expertise with... ",COPPER,False,False,,
EBARA Corporation,"Ebara is redefining manufacturing through a human-centered digital transformation. By integrating advanced 3D visualization, AI analytics, and virtual collaboration technologies, Ebara bridges real an...",8219,,,,,,,,,,Re-searched,"Ebara is redefining manufacturing through a human-centered digital transformation. By integrating advanced 3D visualization, AI analytics, and virtual collaboration technologies, Ebara bridges real an... ",COPPER,False,False,,
eBay,,"Venetian Palazzo Hospitality Suites, Venetian Palazzo Hospitality Suites 2, Venetian Palazzo Hospitality Suites 3",,,,,,,,,,Re-searched, ,INSUFFICIENT,False,False,,No website found via search
ECARX Limited,"ECARX is a smart mobility technology provider supplying full stack, vertically integrated technology solutions for intelligent cockpit and ADAS solutions to automakers as a Tier 1 supplier. We are inn...",Wynn Encore Hospitality Suites,,,,,,,,,,Re-searched,"ECARX is a smart mobility technology provider supplying full stack, vertically integrated technology solutions for intelligent cockpit and ADAS solutions to automakers as a Tier 1 supplier. We are inn... ",COPPER,False,False,,
Ecobee,"ecobee was founded in 2007 with a mission to improve everyday life while creating a more sustainable world. Today, ecobee continues to innovate with smart home solutions that solve everyday problems w...",Suite 34-210,,,https://www.ecobee.com/en-us/,,,True,Unknown,✅ GOOD,All checks passed.,Re-searched,"ecobee was founded in 2007 with a mission to improve everyday life while creating a more sustainable world. Today, ecobee continues to innovate with smart home solutions that solve everyday problems w... ",BRONZE_WEB,True,False,,
EcoG GmbH,"EcoG is catalyzing the fast charging infrastructure for electric vehicles into a professionalized market. With its reference designs, charge controllers and control software, EcoG is already market le...",51242,,,,,,,,,,Re-searched,"EcoG is catalyzing the fast charging infrastructure for electric vehicles into a professionalized market. With its reference designs, charge controllers and control software, EcoG is already market le... ",COPPER,False,False,,
Ecoldbrew Inc,,51116,,,,,,,,,,Re-searched, ,INSUFFICIENT,False,False,,No website found via search
"ecopem Co.,Ltd",,62833,,,,,,,,,,Re-searched, ,INSUFFICIENT,False,False,,No website found via search
Ecotron Corporation,"Ecotron specializes in advanced automotive controllers for electric and autonomous vehicles, enabling manufacturers with quality and scalable tech. In-house design tools and MatLab Simulink enabled pr...",3967,,,https://ecotron.ai/,,,True,Unknown,✅ GOOD,All checks passed.,Re-searched,"Ecotron specializes in advanced automotive controllers for electric and autonomous vehicles, enabling manufacturers with quality and scalable tech. In-house design tools and MatLab Simulink enabled pr... ",BRONZE_WEB,True,False,,
ECOVACS Robotics Inc.,"ECOVACS ROBOTICS advances robotic technologies to serve the world and create a holistic ecosystem between human and robotics in lifestyle and production. Over the last 25 years, ECOVACS transformed fr...",Bellini 2103,,,https://www.ecovacs.com/global,,,True,Unknown,✅ GOOD,All checks passed.,Re-searched,"ECOVACS ROBOTICS advances robotic technologies to serve the world and create a holistic ecosystem between human and robotics in lifestyle and production. Over the last 25 years, ECOVACS transformed fr... ",BRONZE_WEB,True,False,,
Eden Park,"Eden Park creates safer and healthier indoor spaces for at-risk, immunocompromised, and medically vulnerable communities and workforces around the world. We do this by deploying safe and effective Far...",8225,,,https://edenpark.com/,,,True,Unknown,✅ GOOD,All checks passed.,Re-searched,"Eden Park creates safer and healthier indoor spaces for at-risk, immunocompromised, and medically vulnerable communities and workforces around the world. We do this by deploying safe and effective Far... ",COPPER,False,False,,
EDGE Sound Research,"EDGE Sound Research is the leading multimodal audio research organization building an intelligent audio infrastructure isolating sound objects in real time—enabling personalized, immersive, and embodi...",Suite 29-336,,,https://www.edgesoundresearch.com/,,,True,Unknown,✅ GOOD,All checks passed.,Re-searched,"EDGE Sound Research is the leading multimodal audio research organization building an intelligent audio infrastructure isolating sound objects in real time—enabling personalized, immersive, and embodi... ",BRONZE_WEB,True,False,,
EdgeCortix,"EdgeCortix deliver high performance, energy efficient, AI accelerators with a software-first approach for edge applications. The company's SAKURA-II AI accelerator provides the latest Generative AI so...",Venetian Palazzo Hospitality Suites,,,,,,,,,,Re-searched,"EdgeCortix deliver high performance, energy efficient, AI accelerators with a software-first approach for edge applications. The company's SAKURA-II AI accelerator provides the latest Generative AI so... ",COPPER,False,False,,
Edifier Enterprises Canada,"Founded in 1996, Edifier is a global leader in premium audio solutions, dedicated to creating innovative, stylish, and high-quality products. From headphones and speakers to professional audio, Edifie...",19040,,,https://www.edifier.com/int/ca,,,True,Unknown,✅ GOOD,All checks passed.,Re-searched,"Founded in 1996, Edifier is a global leader in premium audio solutions, dedicated to creating innovative, stylish, and high-quality products. From headphones and speakers to professional audio, Edifie... ",BRONZE_WEB,True,False,,
EEGDeep,,62201,,,,,,,,,,Re-searched, ,INSUFFICIENT,False,False,,No website found via search
eeva Solutions Inc.,eeva is an all-in-one life operating system designed to centralize homelife management into one platform to make day to day life run smoother. Leveraging advanced technologies like AI and machine lear...,60461,,,https://eeva.ai/,,,True,Unknown,✅ GOOD,All checks passed.,Re-searched,eeva is an all-in-one life operating system designed to centralize homelife management into one platform to make day to day life run smoother. Leveraging advanced technologies like AI and machine lear... ,COPPER,False,False,,
Efficient Computer,"Efficient Computer builds the world’s most energy-efficient general-purpose processor, combining ultra-efficient hardware with intuitive, developer-friendly software. Our technology scales from “beyon...",51432,,,,,,,,,,Re-searched,"Efficient Computer builds the world’s most energy-efficient general-purpose processor, combining ultra-efficient hardware with intuitive, developer-friendly software. Our technology scales from “beyon... ",COPPER,False,False,,
EFLOW,,62833,,,,,,,,,,Re-searched, ,INSUFFICIENT,False,False,,No website found via search
EigenQ,,60652,,,,,,,,,,Re-searched, ,INSUFFICIENT,False,False,,No website found via search
"Electra Vehicles, Inc.",Electra is the leading AI-driven cleantech company unlocking the full potential of battery technology. We deliver advanced AI/ML solutions and analytics to e-mobility and energy infrastructure operato...,7324,,,,,,,,,,Re-searched,Electra is the leading AI-driven cleantech company unlocking the full potential of battery technology. We deliver advanced AI/ML solutions and analytics to e-mobility and energy infrastructure operato... ,COPPER,False,False,,
"Electronic Bins, GP",,52773,,,,,,,,,,Re-searched, ,INSUFFICIENT,False,False,,No website found via search
Electronics Bazaar,"At Electronics Bazaar, we are revolutionizing the way technology is accessed, utilized, and sustained, we specialize in offering high-quality refurbished laptops and desktops tailored to meet the need...",21530,,,,,,,,,,Re-searched,"At Electronics Bazaar, we are revolutionizing the way technology is accessed, utilized, and sustained, we specialize in offering high-quality refurbished laptops and desktops tailored to meet the need... ",COPPER,False,False,,
"Element TV Company, LP.","Element, founded in 2007, is a rapidly growing consumer tech brand known for delivering high-quality, affordable products. We focus on making technology accessible and enjoyable. As the only major TV ...","Bassano 2801, Bassano 2802, Veronese 2503",,,https://element.io/,,,True,Unknown,✅ GOOD,All checks passed.,Re-searched,"Element, founded in 2007, is a rapidly growing consumer tech brand known for delivering high-quality, affordable products. We focus on making technology accessible and enjoyable. As the only major TV ... ",BRONZE_WEB,True,False,,
"Elemind Technologies, Inc.",,53423,,,,,,,,,,Re-searched, ,INSUFFICIENT,False,False,,No website found via search
Elephant Robotics,"Elephant Robotics is a high-tech company specializing in the design and production of robotics, in terms of development, applications of operating systems and intelligent manufacturing services. With ...",8363,,,,,,,,,,Re-searched,"Elephant Robotics is a high-tech company specializing in the design and production of robotics, in terms of development, applications of operating systems and intelligent manufacturing services. With ... ",COPPER,False,False,,
EM Microelectronic,"EM Microelectronic is a semiconductor manufacturer specialized in the design and production of ultra-low power, low voltage integrated circuits for battery-operated and field-powered applications acro...","51239, Venetian Palazzo Hospitality Suites",,,,,,,,,,Re-searched,"EM Microelectronic is a semiconductor manufacturer specialized in the design and production of ultra-low power, low voltage integrated circuits for battery-operated and field-powered applications acro... ",COPPER,False,False,,
"EMASS, a Nanoveu business",EMASS is an advanced semiconductor company specializing in ultra-low-power AI system-on-chip (SoC) solutions for edge computing. The company's flagship ECS-DoT chip delivers high-performance AI proces...,Venetian Palazzo Hospitality Suites,,,https://business-news-today.com/nanoveu-to-acquire-semiconductor-firm-emass-to-enhance-3d-technology-and-expand-into-ai-markets/,,,False,Unknown,❌ WRONG,Junk domain,Re-searched,EMASS is an advanced semiconductor company specializing in ultra-low-power AI system-on-chip (SoC) solutions for edge computing. The company's flagship ECS-DoT chip delivers high-performance AI proces... ,BRONZE_WEB,True,False,,
EMD Electronics,"EMD Electronics is a business of Merck KGaA, Darmstadt, Germany. With 100+ years in electronic materials, our chemistry, physics, & material science are found in almost every device. We leverage AI, m...",9005,,,,,,,,,,Re-searched,"EMD Electronics is a business of Merck KGaA, Darmstadt, Germany. With 100+ years in electronic materials, our chemistry, physics, & material science are found in almost every device. We leverage AI, m... ",COPPER,False,False,,
"Emnify, Inc.","emnify is the leading IoT connectivity partner to the innovators building our connected world. Founded in 2014 in Germany, emnify developed the industry’s first cloud-native, global connectivity – the...",10477,,,https://www.emnify.com/,,,True,Unknown,✅ GOOD,All checks passed.,Re-searched,"emnify is the leading IoT connectivity partner to the innovators building our connected world. Founded in 2014 in Germany, emnify developed the industry’s first cloud-native, global connectivity – the... ",BRONZE_WEB,True,False,,
EMOTICONNECT BY MACOMAGENCY,,61106,,,,,,,,,,Re-searched, ,INSUFFICIENT,False,False,,No website found via search
emotion3D,emotion3D offers camera-based Driver & Occupant Monitoring Solutions analysing humans & objects in automotive in-cabin environments. The highly customisable and flexible DMS/OMS solutions go beyond re...,7258,,,https://emotion3d.ai/,,,True,Unknown,✅ GOOD,All checks passed.,Re-searched,emotion3D offers camera-based Driver & Occupant Monitoring Solutions analysing humans & objects in automotive in-cabin environments. The highly customisable and flexible DMS/OMS solutions go beyond re... ,BRONZE_WEB,True,False,,
Emotiv,"Emotiv Mobility operates at the intersection of energy and mobility, delivering assembly, material support systems, and next-generation components. From transformers to hybrid transfer cases, we help ...",6341,,,,,,,,,,Re-searched,"Emotiv Mobility operates at the intersection of energy and mobility, delivering assembly, material support systems, and next-generation components. From transformers to hybrid transfer cases, we help ... ",COPPER,False,False,,
Enchanted Tools,"Enchanted Tools has created The Mirokaï, logistics robots designed for social environments: assistants that move objects and are designed to be in contact with end-users. Mirokaï are prototypes charac...",8545,,,,,,,,,,Re-searched,"Enchanted Tools has created The Mirokaï, logistics robots designed for social environments: assistants that move objects and are designed to be in contact with end-users. Mirokaï are prototypes charac... ",COPPER,False,False,,
Encore USA Inc.,"Established in 2003, Shenzhen and is specialized on R & D and manufacturing. We develop product technology, product quality, and improving audio system constantly.",21544,,,,,,,,,,Re-searched,"Established in 2003, Shenzhen and is specialized on R & D and manufacturing. We develop product technology, product quality, and improving audio system constantly. ",COPPER,False,False,,
"ENEOS Holdings, Inc.","While fulfilling our responsibility of providing a stable supply of energy and materials both today and in the future, we will realize a carbon-neutral society through energy transition. This is also ...",10129,,,https://www.hd.eneos.co.jp/english/sustainability/,,,True,Unknown,✅ GOOD,All checks passed.,Re-searched,"While fulfilling our responsibility of providing a stable supply of energy and materials both today and in the future, we will realize a carbon-neutral society through energy transition. This is also ... ",BRONZE_WEB,True,False,,
Enertia Microsystems Inc.,,6979,,,,,,,,,,Re-searched, ,INSUFFICIENT,False,False,,No website found via search
ENSIDE Corp.,,62659,,,,,,,,,,Re-searched, ,INSUFFICIENT,False,False,,No website found via search
EntWick Inc.,"Entwick Inc. is a specialized company in non-invasive electroceutical therapies, founded with the goal of developing and manufacturing medical devices based on a variety of non-invasive treatment tech...",61452,,,,,,,,,,Re-searched,"Entwick Inc. is a specialized company in non-invasive electroceutical therapies, founded with the goal of developing and manufacturing medical devices based on a variety of non-invasive treatment tech... ",COPPER,False,False,,
Eos Energy Enterprises,,9963,,,,,,,,,,Re-searched, ,INSUFFICIENT,False,False,,No website found via search
"Epilog Imaging Systems, Inc.",,54202,,,https://www.epiloglaser.com/laser-machines/product-line/,,,,,,,Re-searched, ,BRONZE_WEB,True,False,,
Epilog Laser,"Epilog Laser is the leading designer and manufacturer of CO2 and fiber laser engraving, cutting, and marking systems. Used extensively in a variety of industries, Epilog systems and mark and cut wood,...",15237,,,https://www.epiloglaser.com/,,,True,Unknown,✅ GOOD,All checks passed.,Re-searched,"Epilog Laser is the leading designer and manufacturer of CO2 and fiber laser engraving, cutting, and marking systems. Used extensively in a variety of industries, Epilog systems and mark and cut wood,... ",BRONZE_WEB,True,False,,
Equativ,"About Equativ Equativ is a global, end-to-end media platform empowering advertisers and publishers to achieve real outcomes by uniting premium inventory and audiences with advanced curation and cut...",Aria Hospitality Suites,,,,,,,,,,Re-searched,"About Equativ Equativ is a global, end-to-end media platform empowering advertisers and publishers to achieve real outcomes by uniting premium inventory and audiences with advanced curation and cut... ",COPPER,False,False,,
ESI Cases & Accessories,,20020,,,,,,,,,,Re-searched, ,INSUFFICIENT,False,False,,No website found via search
eSight,"eSight by Gentex Corporation is a pioneer and leader in wearable assistive technology for vision enhancement. Using cutting-edge digital technology, we help people with significant central vision loss...",54607,,,https://www.esighteyewear.com/,,,True,Unknown,✅ GOOD,All checks passed.,Re-searched,"eSight by Gentex Corporation is a pioneer and leader in wearable assistive technology for vision enhancement. Using cutting-edge digital technology, we help people with significant central vision loss... ",BRONZE_WEB,True,False,,
ESOX Group,,5759,,,,,,,,,,Re-searched, ,INSUFFICIENT,False,False,,No website found via search
ETAS,"ETAS provides vehicle basic software, middleware, development tools, cloud-based operations services, cybersecurity solutions, and end-to-end engineering and consulting services for the realization of...",16203,,,https://www.etas.com/ww/en/,,,True,Unknown,✅ GOOD,All checks passed.,Re-searched,"ETAS provides vehicle basic software, middleware, development tools, cloud-based operations services, cybersecurity solutions, and end-to-end engineering and consulting services for the realization of... ",BRONZE_WEB,True,False,,
ETRI,,62859,,,,,,,,,,Re-searched, ,INSUFFICIENT,False,False,,No website found via search
Euhomy Technology Inc.,"Euhomy is redefining what “ice at home” means. Founded with the belief that every moment deserves more, Euhomy creates high-quality portable ice makers that deliver fast, clear, fresh, and healthy ice...","52552, CP1035",,,,,,,,,,Re-searched,"Euhomy is redefining what “ice at home” means. Founded with the belief that every moment deserves more, Euhomy creates high-quality portable ice makers that deliver fast, clear, fresh, and healthy ice... ",COPPER,False,False,,
EURO corporation,"EURO Corporation is an idea factory that turns brilliant ideas into reality. We transform ideas coming from minor inconveniences into new products, and our innovative designs reflects our commitme...",50523,,,,,,,,,,Re-searched,"EURO Corporation is an idea factory that turns brilliant ideas into reality. We transform ideas coming from minor inconveniences into new products, and our innovative designs reflects our commitme... ",COPPER,False,False,,
Eurobotik Otomasyon,"Eurobotik provides innovative robotic solutions to optimize manufacturing processes. The standout Smart Robotic Screwing System features adaptive software, automatic sensor calibration, high-precision...",50759,,,,,,,,,,Re-searched,"Eurobotik provides innovative robotic solutions to optimize manufacturing processes. The standout Smart Robotic Screwing System features adaptive software, automatic sensor calibration, high-precision... ",COPPER,False,False,,
EV4 FRANCE,,60711,,,,,,,,,,Re-searched, ,INSUFFICIENT,False,False,,No website found via search
EVA MILL. INC.,"The main technique of the EVA MILL is a wireless audio and video transmission system. With professional technology and experience, we assist customers in improving business efficiency, popularizing mo...",62201,,,,,,,,,,Re-searched,"The main technique of the EVA MILL is a wireless audio and video transmission system. With professional technology and experience, we assist customers in improving business efficiency, popularizing mo... ",COPPER,False,False,,
Even Realities,,16833,,,https://www.even.com/thankyou,,,,,,,Re-searched, ,BRONZE_WEB,True,False,,
Evotrex,"Evotrex is a California-based company transforming outdoor travel with intelligent, power-generating RVs built for adventure without limits. Evotrex sets a new standard in the RV industry by blending ...",10051,,,,,,,,,,Re-searched,"Evotrex is a California-based company transforming outdoor travel with intelligent, power-generating RVs built for adventure without limits. Evotrex sets a new standard in the RV industry by blending ... ",COPPER,False,False,,
ExciteWave Innovations,,60854,,,,,,,,,,Re-searched, ,INSUFFICIENT,False,False,,No website found via search
Exosystems Inc.,,50017,,,,,,,,,,Re-searched, ,INSUFFICIENT,False,False,,No website found via search
EY,"Will you shape the future, or be shaped by it? EY help organizations shape the future with confidence. We’ll continue to ask the better questions we’re known for, to get to the new and better answers ...","Aria Hospitality Suites, W324",,,,,,,,,,Re-searched,"Will you shape the future, or be shaped by it? EY help organizations shape the future with confidence. We’ll continue to ask the better questions we’re known for, to get to the new and better answers ... ",COPPER,False,False,,
Eyebot,"Eyebot has developed the world’s fastest vision testing solution. Our kiosks deliver doctor-verified eyeglass prescriptions in minutes through advanced hardware and software—making accurate, accessibl...",54835,,,https://www.eyebot.co/,,,True,Unknown,✅ GOOD,All checks passed.,Re-searched,"Eyebot has developed the world’s fastest vision testing solution. Our kiosks deliver doctor-verified eyeglass prescriptions in minutes through advanced hardware and software—making accurate, accessibl... ",BRONZE_WEB,True,False,,
eyeo,"Eyeo is redefining imaging with the world’s most advanced nanophotonic color-splitting technology. For the first time, image sensors can capture all of incoming light, overcoming the current 30% limit...",Suite 29-125,,,https://eyeo-imaging.com/,,,True,Unknown,✅ GOOD,All checks passed.,Re-searched,"Eyeo is redefining imaging with the world’s most advanced nanophotonic color-splitting technology. For the first time, image sensors can capture all of incoming light, overcoming the current 30% limit... ",BRONZE_WEB,True,False,,
EZCast,"EZCast is a leading brand in wireless display technology, enabling seamless peer-to-peer screen sharing for meetings, education, and film production. With strong connectivity, smart design, and stable...",53352,,,https://www.ezcast.com/,,,True,Unknown,✅ GOOD,All checks passed.,Re-searched,"EZCast is a leading brand in wireless display technology, enabling seamless peer-to-peer screen sharing for meetings, education, and film production. With strong connectivity, smart design, and stable... ",BRONZE_WEB,True,False,,
Ezygreenpak Limited,,50732,,,,,,,,,,Re-searched, ,INSUFFICIENT,False,False,,No website found via search
Ezymind Healthcare Private Limited,,61234,,,,,,,,,,Re-searched, ,INSUFFICIENT,False,False,,No website found via search
F-Secure,"F-Secure makes every digital moment more secure, for everyone. We deliver brilliantly simple, frictionless security experiences that make life easier for the tens of millions of people we protect an...",Venetian Palazzo Hospitality Suites,,,https://www.f-secure.com/en,,,True,Unknown,✅ GOOD,All checks passed.,Re-searched,"F-Secure makes every digital moment more secure, for everyone. We deliver brilliantly simple, frictionless security experiences that make life easier for the tens of millions of people we protect an... ",BRONZE_WEB,True,False,,
FAA Office of Security & Hazardous Material Safety,The mission of the Office of Hazardous Material Safety is to increase safety in air transportation. The Vision is to reach the next step in aviation safety through innovative partnerships in safety m...,10923,,,,,,,,,,Re-searched,The mission of the Office of Hazardous Material Safety is to increase safety in air transportation. The Vision is to reach the next step in aviation safety through innovative partnerships in safety m... ,COPPER,False,False,,
Fanatics,,Aria Hospitality Suites,,,https://www.focusfanatics.com/threads/another-canister-purge-valve-recall-24n07.834466/,,,,,,,Re-searched, ,BRONZE_WEB,True,False,,
Fandom Inc.,Fandom is the world’s largest fan-generated entertainment & gaming platform. We're a constant companion and the ultimate end-to-end resource for 350 million fans worldwide. Fandom is the #1 source fo...,Aria Hospitality Suites,,,https://www.fandom.com/,,,True,Unknown,✅ GOOD,All checks passed.,Re-searched,Fandom is the world’s largest fan-generated entertainment & gaming platform. We're a constant companion and the ultimate end-to-end resource for 350 million fans worldwide. Fandom is the #1 source fo... ,BRONZE_WEB,True,False,,
Fanset Elektrikli EV Aletleri,Fanset has been in Small Household Appliances and Professional Cleaning Machine Industry with wide range of products since 1988. Today it’s become a powerful company with its well-known and trustworth...,50759,,,,,,,,,,Re-searched,Fanset has been in Small Household Appliances and Professional Cleaning Machine Industry with wide range of products since 1988. Today it’s become a powerful company with its well-known and trustworth... ,COPPER,False,False,,
Fanstel Corporation,"Fanstel based in Scottsdale Arizona, established in 1990, is a manufacturer of (1) Bluetooth, WiFi, LTE, and LoRa wireless modules for medical devices, wearable devices, sport equipment, smart homes, ...",52711,,,https://www.fanstel.com/,,,True,Unknown,✅ GOOD,All checks passed.,Re-searched,"Fanstel based in Scottsdale Arizona, established in 1990, is a manufacturer of (1) Bluetooth, WiFi, LTE, and LoRa wireless modules for medical devices, wearable devices, sport equipment, smart homes, ... ",BRONZE_WEB,True,False,,
"Fantasia Trading, LLC","Anker Innovations is a global leader in charging and home energy storage technology and a developer of unique, consumer electronic products that support premium audio, mobile entertainment and the eme...","Suite 29-235, Venetian Palazzo Hospitality Suites, Venetian Palazzo Hospitality Suites 2 + 1 more",,,,,,,,,,Re-searched,"Anker Innovations is a global leader in charging and home energy storage technology and a developer of unique, consumer electronic products that support premium audio, mobile entertainment and the eme... ",COPPER,False,False,,
Fanyu Intelligent,"Fanyu Intelligent is a robotics company focused on consumer-facing applications. Our mission is to bring emotionally intelligent, highly interactive robots into the homes and daily lives of people aro...",53871,,,,,,,,,,Re-searched,"Fanyu Intelligent is a robotics company focused on consumer-facing applications. Our mission is to bring emotionally intelligent, highly interactive robots into the homes and daily lives of people aro... ",COPPER,False,False,,
Faraday Dynamics Inc.,"Faraday Dynamics develops servo motors inspired by the human muscular system, designed for humanoid, quadruped, and rehabilitation robots. With torque density more than twice that of existing high-per...",8871,,,,,,,,,,Re-searched,"Faraday Dynamics develops servo motors inspired by the human muscular system, designed for humanoid, quadruped, and rehabilitation robots. With torque density more than twice that of existing high-per... ",COPPER,False,False,,
FARK LABS,"Fark Labs, a global hub for innovation and transformation, committed to create a better future for all. We focus on early-stage entrepreneurship, providing support and investment up to Series A rounds...",10023,,,,,,,,,,Re-searched,"Fark Labs, a global hub for innovation and transformation, committed to create a better future for all. We focus on early-stage entrepreneurship, providing support and investment up to Series A rounds... ",COPPER,False,False,,
farmo machine autonomous solutions inc.,,63432,,,,,,,,,,Re-searched, ,INSUFFICIENT,False,False,,No website found via search
Faulhaber,,51242,,,,,,,,,,Re-searched, ,INSUFFICIENT,False,False,,No website found via search
Favored Tech USA Corporation,"Favored Tech focuses on independent R&D, with plasma technology at its core, to build an integrated innovation system encompassing materials, processes, and equipment. The company provides customers w...",51359,,,https://favoredtech.com/,,,True,Unknown,✅ GOOD,All checks passed.,Re-searched,"Favored Tech focuses on independent R&D, with plasma technology at its core, to build an integrated innovation system encompassing materials, processes, and equipment. The company provides customers w... ",COPPER,False,False,,
faytech Tech Co Ltd,"faytech produces a wide range of touchscreen solutions at its own sites in Huizhou, Suining and Ichtershausen. These range from optically bonded touch monitors and touch PCs to kiosk systems with tran...",8325,,,https://www.faytechcc.edu/,,,True,Unknown,✅ GOOD,All checks passed.,Re-searched,"faytech produces a wide range of touchscreen solutions at its own sites in Huizhou, Suining and Ichtershausen. These range from optically bonded touch monitors and touch PCs to kiosk systems with tran... ",BRONZE_WEB,True,False,,
FCM MOBILITY,"FCM Mobility delivers scalable, AI-powered, zero-emission micro-mobility for smart waste logistics. Our data-driven platform integrates image processing and carbon tracking to advance sustainable urba...",63432,,,,,,,,,,Re-searched,"FCM Mobility delivers scalable, AI-powered, zero-emission micro-mobility for smart waste logistics. Our data-driven platform integrates image processing and carbon tracking to advance sustainable urba... ",COPPER,False,False,,
FeatherSnap & Tactacam,,51372,,,,,,,,,,Re-searched, ,INSUFFICIENT,False,False,,No website found via search
Federal Laboratory Consoritum,"The Federal Laboratory Consortium (FLC) is a network of 300+ federal labs dedicated to accelerating technologies into the marketplace. Visit our shared booth space with NASA, US Army DEVCOM, VA an...",8900,,,https://www.cityfederalcu.com/,,,True,Unknown,⚠️ UNCLEAR,1 keyword(s) found,Re-searched,"The Federal Laboratory Consortium (FLC) is a network of 300+ federal labs dedicated to accelerating technologies into the marketplace. Visit our shared booth space with NASA, US Army DEVCOM, VA an... ",BRONZE_WEB,True,False,,
Feelings Group Limited,,63200,,,,,,,,,,Re-searched, ,INSUFFICIENT,False,False,,No website found via search
Femtosense,Femtosense designs and builds AI accelerators for efficient edge inference. Femtosense's sparse AI technology delivers more efficient and lower cost real-time AI processing for valuable and affordable...,Venetian Palazzo Hospitality Suites,,,,,,,,,,Re-searched,Femtosense designs and builds AI accelerators for efficient edge inference. Femtosense's sparse AI technology delivers more efficient and lower cost real-time AI processing for valuable and affordable... ,COPPER,False,False,,
FEST App Technology,,60711,,,https://www.festfoods.com/weekly-ad,,,,,,,Re-searched, ,BRONZE_WEB,True,False,,
Fetch,"Fetch, America's Rewards App, empowers consumers to live rewarded and helps brands create lifelong customers through the power of Fetch Points. To date, Fetch users have submitted more than 5 billion ...",Aria Hospitality Suites,,,https://fetch.com/,,,True,Unknown,✅ GOOD,All checks passed.,Re-searched,"Fetch, America's Rewards App, empowers consumers to live rewarded and helps brands create lifelong customers through the power of Fetch Points. To date, Fetch users have submitted more than 5 billion ... ",BRONZE_WEB,True,False,,
FIH,"Discover FIH, a global innovator with decades of expertise in handset ODM and hardware-software integration. Today, FIH focuses on three pillars of innovation—smart manufacturing, automotive electroni...",4167,,,,,,,,,,Re-searched,"Discover FIH, a global innovator with decades of expertise in handset ODM and hardware-software integration. Today, FIH focuses on three pillars of innovation—smart manufacturing, automotive electroni... ",COPPER,False,False,,
FilameX Technology,"FilameX develops compact and high-precision filament extrusion systems that enable easy, reliable, and sustainable 3D printing material production. Our patented technology bridges industrial performan...",63432,,,https://www.3dfilamex.com/,,,True,Unknown,✅ GOOD,All checks passed.,Re-searched,"FilameX develops compact and high-precision filament extrusion systems that enable easy, reliable, and sustainable 3D printing material production. Our patented technology bridges industrial performan... ",BRONZE_WEB,True,False,,
Finite State,"The Finite State Platform is the AI-First Product Security platform purpose-built for manufacturers of connected devices. We help teams accelerate secure product delivery, reduce software supply chain...",10977,,,,,,,,,,Re-searched,"The Finite State Platform is the AI-First Product Security platform purpose-built for manufacturers of connected devices. We help teams accelerate secure product delivery, reduce software supply chain... ",COPPER,False,False,,
Firefilm Group Limited,,50732,,,,,,,,,,Re-searched, ,INSUFFICIENT,False,False,,No website found via search
Fitnix LLC,"Fitnix LLC develops portable fitness technology that merges strength training and mobility. Its upcoming product, the Olympus Grip SMART, captures push and pull data through self-resistance—bringing m...",56548,,,,,,,,,,Re-searched,"Fitnix LLC develops portable fitness technology that merges strength training and mobility. Its upcoming product, the Olympus Grip SMART, captures push and pull data through self-resistance—bringing m... ",COPPER,False,False,,
Fivetech,"Fivetech specializes in tool-less, user-friendly mechanical components, serving clients in 30 countries across 5 continents. By innovating diverse quick-release fasteners, we deliver reliable solution...",8463,,,,,,,,,,Re-searched,"Fivetech specializes in tool-less, user-friendly mechanical components, serving clients in 30 countries across 5 continents. By innovating diverse quick-release fasteners, we deliver reliable solution... ",COPPER,False,False,,
Fizix,,63432,,,,,,,,,,Re-searched, ,INSUFFICIENT,False,False,,No website found via search
fkon Consulting GmbH,,51242,,,,,,,,,,Re-searched, ,INSUFFICIENT,False,False,,No website found via search
Flashpoint Safety Systems,"Flashpoint Safety Systems develops advanced early-warning and fire mitigation technologies that protect people, property, and infrastructure from lithium-ion battery hazards across consumer battery ap...",51369,,,https://flashpointsafety.com/,,,True,Unknown,✅ GOOD,All checks passed.,Re-searched,"Flashpoint Safety Systems develops advanced early-warning and fire mitigation technologies that protect people, property, and infrastructure from lithium-ion battery hazards across consumer battery ap... ",BRONZE_WEB,True,False,,
Flexsolar Energies LLC,,9977,,,,,,,,,,Re-searched, ,INSUFFICIENT,False,False,,No website found via search
Flint Paper Battery,"Hello from Singapore! We're pioneering a new paper battery technology that redefines conventional batteries by eliminating toxic and scarce elements such as lithium, nickel, and cobalt. Our innovation...",9763,,,,,,,,,,Re-searched,"Hello from Singapore! We're pioneering a new paper battery technology that redefines conventional batteries by eliminating toxic and scarce elements such as lithium, nickel, and cobalt. Our innovation... ",COPPER,False,False,,
FLIR,,9037,,,https://www.flir.com/,,,,,,,Re-searched, ,BRONZE_WEB,True,False,,
floLIVE,"floLIVE provides the best global cellular connectivity for IoT. We own and operate the world’s largest cellular network, for unmatched coverage, performance, and availability. Our platform and multi-I...",10771,,,https://flolive.net/,,,True,Unknown,✅ GOOD,All checks passed.,Skipped - Valid,"floLIVE provides the best global cellular connectivity for IoT. We own and operate the world’s largest cellular network, for unmatched coverage, performance, and availability. Our platform and multi-I... ",COPPER,False,False,,
Fluency,Fluency is the Digital Advertising Operating System built for large-scale advertising agencies and brands. The platform we’ve built allows our clients to manage the complexity of digital advertising b...,Aria Hospitality Suites,,,,,,,,,,Re-searched,Fluency is the Digital Advertising Operating System built for large-scale advertising agencies and brands. The platform we’ve built allows our clients to manage the complexity of digital advertising b... ,COPPER,False,False,,
Flush-Locks USA,Creating seamless paid restroom access using integrated smart lock and payment technology. Patent pending (integrated payment and access control system for restroom facilities). This product’s int...,60646,,,,,,,,,,Re-searched,Creating seamless paid restroom access using integrated smart lock and payment technology. Patent pending (integrated payment and access control system for restroom facilities). This product’s int... ,COPPER,False,False,,
Flying Turtle robotic barista,"Forth Corporation Public Company Limited is a research, development, and production organization. TAO BIN, the smart beverage vending machine, is its latest innovation. It incorporates advanced techno...",8147,,,https://www.flyingturtle.com.au/menu/,,,True,Unknown,✅ GOOD,All checks passed.,Skipped - Valid,"Forth Corporation Public Company Limited is a research, development, and production organization. TAO BIN, the smart beverage vending machine, is its latest innovation. It incorporates advanced techno... ",BRONZE_WEB,True,False,,
Focus Universal Inc.,Focus Universal Inc. (Nasdaq:FCUV) is a provider of patented hardware and software design technologies for Internet of Things (“IoT”) and 5G telecommunications.,10371,,,,,,,,,,Re-searched,Focus Universal Inc. (Nasdaq:FCUV) is a provider of patented hardware and software design technologies for Internet of Things (“IoT”) and 5G telecommunications. ,COPPER,False,False,,
FocusDrive,"FocusDrive develops an AI-powered in-car camera system that detects driver distraction in real time, providing instant alerts to prevent accidents. Our mission is to enhance road safety with affordabl...",60643,,,,,,,,,,Re-searched,"FocusDrive develops an AI-powered in-car camera system that detects driver distraction in real time, providing instant alerts to prevent accidents. Our mission is to enhance road safety with affordabl... ",COPPER,False,False,,
Folntech Inter LLC,"Professional manufacturer and supplier of Bluetooth portable and party speakers. With a strong in-house factory and innovative design team, we provide high-quality audio products at affordable prices.",21623,,,https://www.folntech.us/es/blogs/about-us/who-we-are,,,True,Unknown,✅ GOOD,All checks passed.,Skipped - Valid,"Professional manufacturer and supplier of Bluetooth portable and party speakers. With a strong in-house factory and innovative design team, we provide high-quality audio products at affordable prices. ",BRONZE_WEB,True,False,,
Fontainebleau Hospitality Suites,,Fontainebleau Hospitality Suites,,,,,,,,,,Re-searched, ,INSUFFICIENT,False,False,,No website found via search
Foretellix Inc.,"Foretellix is the leading provider of data-automation for AI-powered autonomy delivering the trusted development toolchain for training, validation, and safety evaluation. Foretellix enables OEMs and ...",4767,,,https://www.foretellix.com/about/,,,True,Unknown,✅ GOOD,All checks passed.,Re-searched,"Foretellix is the leading provider of data-automation for AI-powered autonomy delivering the trusted development toolchain for training, validation, and safety evaluation. Foretellix enables OEMs and ... ",BRONZE_WEB,True,False,,
Forgrand USA,"Forgrand Technology, with 30+ years of electroacoustic innovation, creates premium drivers and integrated audio solutions. From design, simulation, and tuning to manufacturing, our expertise powers la...",Suite 29-215,,,,,,,,,,Re-searched,"Forgrand Technology, with 30+ years of electroacoustic innovation, creates premium drivers and integrated audio solutions. From design, simulation, and tuning to manufacturing, our expertise powers la... ",COPPER,False,False,,
Formlabs,"Formlabs builds the tools that make it possible for anyone to bring their ideas to life. Headquartered in Somerville, Mass. With offices across the globe, Formlabs is the professional 3D printer of ch...",8318,,,https://forum.formlabs.com/,,,False,Unknown,❌ WRONG,Junk domain,Re-searched,"Formlabs builds the tools that make it possible for anyone to bring their ideas to life. Headquartered in Somerville, Mass. With offices across the globe, Formlabs is the professional 3D printer of ch... ",BRONZE_WEB,True,False,,
Fourth Frontier Technologies,"Fourth Frontier creates smart wearable ECG devices, including the Frontier X2 and Frontier X Plus, providing real-time heart insights to help users optimize health, boost performance, and enhance over...",56226,,,https://www.fourthfrontier.ca/,,,True,Unknown,✅ GOOD,All checks passed.,Skipped - Valid,"Fourth Frontier creates smart wearable ECG devices, including the Frontier X2 and Frontier X Plus, providing real-time heart insights to help users optimize health, boost performance, and enhance over... ",BRONZE_WEB,True,False,,
Foxcorp Holdings LLC,"Under the FOX banner, we produce and distribute content through some of the world's leading and most valued brands, including: FOX News Media, FOX Sports, FOX Entertainment, FOX Television Stations an...",,,,,,,,,,,Re-searched,"Under the FOX banner, we produce and distribute content through some of the world's leading and most valued brands, including: FOX News Media, FOX Sports, FOX Entertainment, FOX Television Stations an... ",COPPER,False,False,,
Frameo A/S,Frameo has grown to be the biggest software provider for WiFi photo frames in the world. This means that we have millions of users spread out across every country of the globe with thousands of peo...,20434,,,https://support.frameo.net/hc/en-us/signin,,,True,Unknown,⚠️ UNCLEAR,1 keyword(s) found,Re-searched,Frameo has grown to be the biggest software provider for WiFi photo frames in the world. This means that we have millions of users spread out across every country of the globe with thousands of peo... ,COPPER,False,False,,
Fraunhofer IML,"The Fraunhofer-Gesellschaft, headquartered in Germany, is one of the world’s leading organizations for applied research. It plays a major role in innovation by prioritizing research on cutting-edge te...",51242,,,https://www.iml.fraunhofer.de/en/institute_profile.html,,,True,Unknown,✅ GOOD,All checks passed.,Skipped - Valid,"The Fraunhofer-Gesellschaft, headquartered in Germany, is one of the world’s leading organizations for applied research. It plays a major role in innovation by prioritizing research on cutting-edge te... ",BRONZE_WEB,True,False,,
FREECOVERY,,60412,,,,,,,,,,Re-searched, ,INSUFFICIENT,False,False,,No website found via search
"FreeWheel Media, Inc.","FreeWheel’s TV & video advertising technology is built for today’s ever-evolving multiscreen ecosystem. Whether you’re a buyer or a seller, we offer the tools, data, & insights you need to drive resul...","Silk Road 1, Silk Road 2, SilkPrefunction",,,,,,,,,,Re-searched,"FreeWheel’s TV & video advertising technology is built for today’s ever-evolving multiscreen ecosystem. Whether you’re a buyer or a seller, we offer the tools, data, & insights you need to drive resul... ",COPPER,False,False,,
FreightAmigo Services Limited,"FreightAmigo transforms international trade into a seamless digital experience. Our AI-powered platform works like Uber for global trade - simply one click to instantly compare air, sea, express, and ...",50732,,,,,,,,,,Re-searched,"FreightAmigo transforms international trade into a seamless digital experience. Our AI-powered platform works like Uber for global trade - simply one click to instantly compare air, sea, express, and ... ",COPPER,False,False,,
French Tech / Region Nouvelle-Aquitaine,,Toscana 3701,,,,,,,,,,Re-searched, ,INSUFFICIENT,False,False,,No website found via search
FT Precision Inc.,,4278,,,,,,,,,,Re-searched, ,INSUFFICIENT,False,False,,No website found via search
"Fujitsu North America, Inc.","Fujitsu, a pioneer in global technology, will showcase its groundbreaking innovations. Focusing on sustainability transformation, Fujitsu leverages advanced AI, quantum computing, and digital twin tec...",9317,,,https://fujitsuna.com/,,,True,Unknown,✅ GOOD,All checks passed.,Skipped - Valid,"Fujitsu, a pioneer in global technology, will showcase its groundbreaking innovations. Focusing on sustainability transformation, Fujitsu leverages advanced AI, quantum computing, and digital twin tec... ",BRONZE_WEB,True,False,,
FuLai Tech,,53873,,,,,,,,,,Re-searched, ,INSUFFICIENT,False,False,,No website found via search
Fun Technology Innovation Inc.,FunTech Innovation (FTI) designs innovative and AI-powered collaboration solutions that revolutionize remote communication and create the most true-to-life experience in a virtual environment. Powered...,21833,,,https://funtechinnovation.com/fr/solutions/work-from-home/,,,True,Unknown,✅ GOOD,All checks passed.,Skipped - Valid,FunTech Innovation (FTI) designs innovative and AI-powered collaboration solutions that revolutionize remote communication and create the most true-to-life experience in a virtual environment. Powered... ,COPPER,False,False,,
Funble,,50363,,,,,,,,,,Re-searched, ,INSUFFICIENT,False,False,,No website found via search
Functional Composite Materials Research Center,,62643,,,,,,,,,,Re-searched, ,INSUFFICIENT,False,False,,No website found via search
FunIT Inc.,"FunIT Inc. develops XR, VR, AR, and AI-based systems that enhance spatial recognition, real-time interaction, and digital simulation. Our advanced solutions provide immersive, data-driven training exp...",50332,,,,,,,,,,Re-searched,"FunIT Inc. develops XR, VR, AR, and AI-based systems that enhance spatial recognition, real-time interaction, and digital simulation. Our advanced solutions provide immersive, data-driven training exp... ",COPPER,False,False,,
Fuse Audio,"Fuse Audio modernizes traditional record players by introducing vertical designs for enhanced aesthetics and a unique listening experience. Departing from the standard flat layout, our turntables and ...",31347,,,https://fuseaudiolabs.com/,,,True,Unknown,✅ GOOD,All checks passed.,Skipped - Valid,"Fuse Audio modernizes traditional record players by introducing vertical designs for enhanced aesthetics and a unique listening experience. Departing from the standard flat layout, our turntables and ... ",BRONZE_WEB,True,False,,
FutureDrive Inc.,,50816,,,,,,,,,,Re-searched, ,INSUFFICIENT,False,False,,No website found via search
Futurewave,,11022,,,,,,,,,,Re-searched, ,INSUFFICIENT,False,False,,No website found via search
FYELABS,"FYELABS is a product development shop that is purpose built for startups and small businesses. It has gained considerable popularity due to its lean product development model, wherein the customers ca...",60510,,,https://www.fyelabs.com/,,,True,Unknown,✅ GOOD,All checks passed.,Skipped - Valid,"FYELABS is a product development shop that is purpose built for startups and small businesses. It has gained considerable popularity due to its lean product development model, wherein the customers ca... ",BRONZE_WEB,True,False,,
G.Talk,,62201,,,,,,,,,,Re-searched, ,INSUFFICIENT,False,False,,No website found via search
Gakugeki Inc.,"Gakugeki Inc. collaborates with anime studios and VTuber agencies to create a next-generation VR entertainment platform. Using advanced VR and AI, we let fans meet their favorite characters in immersi...",62801,,,https://www.gakugeki.biz/en,,,True,Unknown,✅ GOOD,All checks passed.,Skipped - Valid,"Gakugeki Inc. collaborates with anime studios and VTuber agencies to create a next-generation VR entertainment platform. Using advanced VR and AI, we let fans meet their favorite characters in immersi... ",BRONZE_WEB,True,False,,
GameX Studios Inc,"At GameX Studios, we are on a mission to transform traditional fitness into an engaging and immersive experience through innovative fitness gaming solutions. Combining cutting-edge technology, interac...",15653,,,https://www.gamex-studios.com/,,,True,Unknown,✅ GOOD,All checks passed.,Skipped - Valid,"At GameX Studios, we are on a mission to transform traditional fitness into an engaging and immersive experience through innovative fitness gaming solutions. Combining cutting-edge technology, interac... ",BRONZE_WEB,True,False,,
Gangwon Technopark,,50123,,,,,,,,,,Re-searched, ,INSUFFICIENT,False,False,,No website found via search
"Ganzin Technology, Inc.",Ganzin AURORA is a compact solution enabling eye-tracking capability on clients' AR/VR/smart-glasses devices with minimum effort. AURORA solution only composes of two EyeSensors and two IR-LEDs. It is...,Westgate Hospitality Suites,,,,,,,,,,Re-searched,Ganzin AURORA is a compact solution enabling eye-tracking capability on clients' AR/VR/smart-glasses devices with minimum effort. AURORA solution only composes of two EyeSensors and two IR-LEDs. It is... ,COPPER,False,False,,
GBR Medical,Light Therapy Device,55529,,,https://gbrmedical.com/,,,True,Unknown,⚠️ UNCLEAR,0 keyword(s) found,Skipped - Valid,Light Therapy Device ,BRONZE_WEB,True,False,,
Gembody Ltd,"Gembody Ltd: PolyU-backed AI ultrasound startup. GEMView™ handheld scanner + SonicVein™ vascular AI enable real-time diagnostics in remote clinics; patent-protected, CE in progress. Targets hospitals,...",63200,,,,,,,,,,Re-searched,"Gembody Ltd: PolyU-backed AI ultrasound startup. GEMView™ handheld scanner + SonicVein™ vascular AI enable real-time diagnostics in remote clinics; patent-protected, CE in progress. Targets hospitals,... ",COPPER,False,False,,
GEN Elektromekanik San. ve Tic. A.S.,"GENEMEK has been designing and manufacturing user experience interface components for the elevator industry for over 20 years. Compatible with leading and well-known control panels, suitable for vari...",50759,,,,,,,,,,Re-searched,"GENEMEK has been designing and manufacturing user experience interface components for the elevator industry for over 20 years. Compatible with leading and well-known control panels, suitable for vari... ",COPPER,False,False,,
"Genesys Logic, Inc.",Genesys Logic is a fabless IC design house and specializes in high-speed interface technologies used in consumer and computing applications. Our core competency lies in the development and application...,36329,,,https://www.genesyslogic.com.tw/en/,,,True,Unknown,✅ GOOD,All checks passed.,Skipped - Valid,Genesys Logic is a fabless IC design house and specializes in high-speed interface technologies used in consumer and computing applications. Our core competency lies in the development and application... ,BRONZE_WEB,True,False,,
Genius Sports,"Genius Sports is the top data, tech, and broadcast partner powering the global sports, betting, and media ecosystem. Used in 150+ countries, our immersive products enrich fan experiences. Trusted by ...",Aria Hospitality Suites,,,https://www.geniussports.com/engage/official-sports-data-api/,,,True,Unknown,✅ GOOD,All checks passed.,Skipped - Valid,"Genius Sports is the top data, tech, and broadcast partner powering the global sports, betting, and media ecosystem. Used in 150+ countries, our immersive products enrich fan experiences. Trusted by ... ",BRONZE_WEB,True,False,,
Gentex Corporation,"Gentex is a technology company and long-time supplier of electro-optical products for the global automotive, aerospace, and fire protection industries. We supply nearly every major automaker with conn...",4339,,,https://www.gentex.com/,,,True,Unknown,✅ GOOD,All checks passed.,Skipped - Valid,"Gentex is a technology company and long-time supplier of electro-optical products for the global automotive, aerospace, and fire protection industries. We supply nearly every major automaker with conn... ",BRONZE_WEB,True,False,,
GEODNET,"GEODNET is a Web3 blockchain-powered RTK network built on #DePIN principles. Led by GPS experts, it delivers global centimeter-level accuracy by merging blockchain with advanced RTK. GEODNET powers th...",10971,,,https://geodnet.com/product,,,True,Unknown,✅ GOOD,All checks passed.,Skipped - Valid,"GEODNET is a Web3 blockchain-powered RTK network built on #DePIN principles. Led by GPS experts, it delivers global centimeter-level accuracy by merging blockchain with advanced RTK. GEODNET powers th... ",BRONZE_WEB,True,False,,
GeoMate,"GeoMate is a leader in the HD mapping and simulation spaces, delivering precise, AI-powered solutions for autonomous driving companies. Leveraging AI and aerial imagery, GeoMate creates HD maps quickl...",50755,,,https://www.geomate.org/call-for-exhibition.html,,,True,Unknown,✅ GOOD,All checks passed.,Skipped - Valid,"GeoMate is a leader in the HD mapping and simulation spaces, delivering precise, AI-powered solutions for autonomous driving companies. Leveraging AI and aerial imagery, GeoMate creates HD maps quickl... ",COPPER,False,False,,
"George Mason University Foundation, Inc.",,61639,,,,,,,,,,Re-searched, ,INSUFFICIENT,False,False,,No website found via search
Georgia's Innovation and Technology Agency,"Georgia’s Innovation and Technology Agency (GITA) is a state entity promoting innovation and startup ecosystem in the country, operating under the supervision of the Ministry of Economy and Sustainabl...",50355,,,https://pels.georgia.gov/,,,True,Unknown,✅ GOOD,All checks passed.,Skipped - Valid,"Georgia’s Innovation and Technology Agency (GITA) is a state entity promoting innovation and startup ecosystem in the country, operating under the supervision of the Ministry of Economy and Sustainabl... ",BRONZE_WEB,True,False,,
German Pavilion,Germany participates with a company joint presentation which is presented by the Federal Ministry for Economic Affairs and Energy and supported by AUMA - Association of the German Trade Fair Industry ...,51242,,,https://expo2025germany.de/2023/10/06/06-10-2023-germany-submits-building-application-to-osaka-city-authorities/,,,True,Unknown,✅ GOOD,All checks passed.,Skipped - Valid,Germany participates with a company joint presentation which is presented by the Federal Ministry for Economic Affairs and Energy and supported by AUMA - Association of the German Trade Fair Industry ... ,BRONZE_WEB,True,False,,
GetFocus,"The technological future is more predictable than you think. GetFocus harnesses AI and patent data to spot disruptive technologies early, so you can stay ahead of the curve. Trusted by the US Navy, Ca...",62100,,,https://www.getfocus.eu/about-us,,,True,Unknown,✅ GOOD,All checks passed.,Skipped - Valid,"The technological future is more predictable than you think. GetFocus harnesses AI and patent data to spot disruptive technologies early, so you can stay ahead of the curve. Trusted by the US Navy, Ca... ",BRONZE_WEB,True,False,,
GGEC,"GGEC, founded in 1951 and listed on the Shenzhen Stock Exchange (002045), is a leading audio and electro-acoustic manufacturer specializing in transducers, smart speakers, wearables, and automotive ac...",Venetian Palazzo Hospitality Suites,,,,,,,,,,Re-searched,"GGEC, founded in 1951 and listed on the Shenzhen Stock Exchange (002045), is a leading audio and electro-acoustic manufacturer specializing in transducers, smart speakers, wearables, and automotive ac... ",COPPER,False,False,,
GIGABYTE Technology,"GIGABYTE offers a wide range of products and services to help individuals and businesses reach their potential. Leveraging hardware expertise and patented innovations, GIGABYTE drives technological pr...","8519, Lido 3004, Lido 3005 + 1 more",,,https://www.gigabyte.com/es,,,True,Unknown,✅ GOOD,All checks passed.,Skipped - Valid,"GIGABYTE offers a wide range of products and services to help individuals and businesses reach their potential. Leveraging hardware expertise and patented innovations, GIGABYTE drives technological pr... ",COPPER,False,False,,
GIS,"GIS has been dedicated to developing solutions that combine deep technology and design integration. We will showcase optical lenses, waveguide-based near-eye display modules, wafer-level optical compo...",6477,,,,,,,,,,Re-searched,"GIS has been dedicated to developing solutions that combine deep technology and design integration. We will showcase optical lenses, waveguide-based near-eye display modules, wafer-level optical compo... ",COPPER,False,False,,
Glo-Lee Vinci Corp,,9650,,,,,,,,,,Re-searched, ,INSUFFICIENT,False,False,,No website found via search
Globalstar Inc.,"Globalstar empowers its customers to connect, transmit and communicate in smarter ways – easily, quickly, securely, and affordably – offering reliable satellite and terrestrial connectivity services a...",10778,,,,,,,,,,Re-searched,"Globalstar empowers its customers to connect, transmit and communicate in smarter ways – easily, quickly, securely, and affordably – offering reliable satellite and terrestrial connectivity services a... ",COPPER,False,False,,
"Goertek, Inc.",,"San Polo 3502, San Polo 3503",,,,,,,,,,Re-searched, ,INSUFFICIENT,False,False,,No website found via search
GoKidu Technologies Corp,,61240,,,,,,,,,,Re-searched, ,INSUFFICIENT,False,False,,No website found via search
Golana Computing,"Golana is a deep-tech AI startup for industrial asset management. Our plug-and-play, machine-agnostic platform captures sub-millisecond signals (vibration, current, magnetic, etc.) to flag anomalies e...",60711,,,,,,,,,,Re-searched,"Golana is a deep-tech AI startup for industrial asset management. Our plug-and-play, machine-agnostic platform captures sub-millisecond signals (vibration, current, magnetic, etc.) to flag anomalies e... ",COPPER,False,False,,
Golden Will Merchants Inc.,"Golden Will Merchants Inc. specializes in work and home space solutions, offering ergonomic chairs, desks, input devices, and coffee makers through our brands ProtoArc and Maestri House, designed to i...",35139,,,https://www.golden1.com/,,,True,Unknown,✅ GOOD,All checks passed.,Skipped - Valid,"Golden Will Merchants Inc. specializes in work and home space solutions, offering ergonomic chairs, desks, input devices, and coffee makers through our brands ProtoArc and Maestri House, designed to i... ",COPPER,False,False,,
Goodyear Tire & Rubber Company,"At Goodyear, innovation isn't just what we do - it's who we are. Since Goodyear's founding in 1898, our standard for success has been based on a commitment to continuous improvement and innovation.",4775,,,https://www.goodyear.com/,,,True,Unknown,✅ GOOD,All checks passed.,Skipped - Valid,"At Goodyear, innovation isn't just what we do - it's who we are. Since Goodyear's founding in 1898, our standard for success has been based on a commitment to continuous improvement and innovation. ",BRONZE_WEB,True,False,,
Google LLC,Our mission is to organize the world's information and make it universally accessible and useful.,"Palmer 1, Palmer 2, Wynn Encore Hospitality Suites + 8 more",,,https://www.google.com/,,,True,Unknown,⚠️ UNCLEAR,0 keyword(s) found,Re-searched,Our mission is to organize the world's information and make it universally accessible and useful. ,BRONZE_WEB,True,False,,
Google LLC,,"Aria Hospitality Suites, Aria Hospitality Suites 2, Aria Hospitality Suites 3 + 4 more",,,https://www.google.com/,,,,,,,Re-searched, ,BRONZE_WEB,True,False,,
"Gotvoom, Inc.","Gotvoom is a tech-driven global marketing platform connecting creators and brands through AI-powered data insights and exclusive collaborations. We bridge innovation and influence, helping brands scal...",Venetian Palazzo Hospitality Suites,,,,,,,,,,Re-searched,"Gotvoom is a tech-driven global marketing platform connecting creators and brands through AI-powered data insights and exclusive collaborations. We bridge innovation and influence, helping brands scal... ",COPPER,False,False,,
Govee Moments Limited,"As a global leading smart home company, we aim to provide personalized and fun life experiences through continuous innovations in smart home areas, especially in ambient light and home appliances prod...",52812,,,,,,,,,,Re-searched,"As a global leading smart home company, we aim to provide personalized and fun life experiences through continuous innovations in smart home areas, especially in ambient light and home appliances prod... ",COPPER,False,False,,
GPU Audio,"GPU Audio has solved the fundamental challenge of running advanced audio DSP and Neural Network algorithms on GPUs, unlocking massive parallel processing power that can transform audio in new ways. A...",60846,,,https://www.gpu.audio/,,,True,Unknown,⚠️ UNCLEAR,1 keyword(s) found,Re-searched,"GPU Audio has solved the fundamental challenge of running advanced audio DSP and Neural Network algorithms on GPUs, unlocking massive parallel processing power that can transform audio in new ways. A... ",BRONZE_WEB,True,False,,
Grad Aps,"Grad is a Copenhagen-based innovator in beverage cooling technology with production in Sweden. We design advanced solutions like the Grad Tap Cooler and Grad No.1 Cooler, ensuring wine and spirits are...",51417,,,https://forum.thegradcafe.com/forum/40-philosophy/,,,False,Unknown,❌ WRONG,Junk domain,Re-searched,"Grad is a Copenhagen-based innovator in beverage cooling technology with production in Sweden. We design advanced solutions like the Grad Tap Cooler and Grad No.1 Cooler, ensuring wine and spirits are... ",BRONZE_WEB,True,False,,
Granite,,11078,,,,,,,,,,Re-searched, ,INSUFFICIENT,False,False,,No website found via search
Gravitas Technologies & Solutions,,FT-14,,,,,,,,,,Re-searched, ,INSUFFICIENT,False,False,,No website found via search
"Great Star Industrial USA, LLC","OLEI is a cutting-edge tech company specializing in location-aware solutions. We develop advanced sensors, LiDAR, opto-mechanical modules, and tools for mobile vehicles, urban spaces, BIM measurement,...",9554,,,,,,,,,,Re-searched,"OLEI is a cutting-edge tech company specializing in location-aware solutions. We develop advanced sensors, LiDAR, opto-mechanical modules, and tools for mobile vehicles, urban spaces, BIM measurement,... ",COPPER,False,False,,
Great Wall Motor Company Limited,"GWM's key business covers the design, engineering, production, sales, and service of automotive vehicles and components. We also make strategic investments in the hydrogen and solar energy sectors. Me...",4541,,,,,,,,,,Re-searched,"GWM's key business covers the design, engineering, production, sales, and service of automotive vehicles and components. We also make strategic investments in the hydrogen and solar energy sectors. Me... ",COPPER,False,False,,
Green Hills Software LLC,"Green Hills Software is the worldwide leader in embedded safety & security, offering scalable runtime environments and integrated development solutions for the automotive, defense, medical, industrial...",6227,,,,,,,,,,Re-searched,"Green Hills Software is the worldwide leader in embedded safety & security, offering scalable runtime environments and integrated development solutions for the automotive, defense, medical, industrial... ",COPPER,False,False,,
Green Vigor Limited,,63200,,,,,,,,,,Re-searched, ,INSUFFICIENT,False,False,,No website found via search
Green Wave Electronics,"Premier fulfillment & distribution from 5 strategic hubs. Expert kitting, provisioning, and reverse logistics—handling RMAs, rigorous inspection/testing, repair, refurbishment, and repackaging. Remar...",8700A,,,https://greenwaveelectronics.com/,,,True,Unknown,✅ GOOD,All checks passed.,Re-searched,"Premier fulfillment & distribution from 5 strategic hubs. Expert kitting, provisioning, and reverse logistics—handling RMAs, rigorous inspection/testing, repair, refurbishment, and repackaging. Remar... ",BRONZE_WEB,True,False,,
Greenbulb Trading Limited,,50732,,,,,,,,,,Re-searched, ,INSUFFICIENT,False,False,,No website found via search
greenteg AG,"greenteg, founded 2009 in Zurich, develops certified sensors for smart wearables across various industries. greenteg will present its patented CALERA sensing solution accurately monitors internal core...",54723,,,https://www.greenteg.com/,,,True,Unknown,✅ GOOD,All checks passed.,Re-searched,"greenteg, founded 2009 in Zurich, develops certified sensors for smart wearables across various industries. greenteg will present its patented CALERA sensing solution accurately monitors internal core... ",BRONZE_WEB,True,False,,
Greenworks,,51254,,,,,,,,,,Re-searched, ,INSUFFICIENT,False,False,,No website found via search
GROUPE O - SAS DBI,,60415,,,,,,,,,,Re-searched, ,INSUFFICIENT,False,False,,No website found via search
GroWith,,50523,,,,,,,,,,Re-searched, ,INSUFFICIENT,False,False,,No website found via search
Gruner AG,Gruner AG produces advanced solenoid solutions tailored for automotive and other applications. Come by and experience our active haptic actuators. We also manufacture high-quality relays and servomoto...,6972,,,,,,,,,,Re-searched,Gruner AG produces advanced solenoid solutions tailored for automotive and other applications. Come by and experience our active haptic actuators. We also manufacture high-quality relays and servomoto... ,COPPER,False,False,,
GSF,,50752,,,,,,,,,,Re-searched, ,INSUFFICIENT,False,False,,No website found via search
Guillemot,,Suite 35-310,,,,,,,,,,Re-searched, ,INSUFFICIENT,False,False,,No website found via search
Guohua Intelligent,"Guohua Intelligent Equipment Co., Ltd. specializes in the R&D, manufacturing, and sales of high-end humanoid robot core components and complete robotic systems. Our core products include high-precisi...",36127,,,,,,,,,,Re-searched,"Guohua Intelligent Equipment Co., Ltd. specializes in the R&D, manufacturing, and sales of high-end humanoid robot core components and complete robotic systems. Our core products include high-precisi... ",COPPER,False,False,,
Gyges Labs,,60451,,,,,,,,,,Re-searched, ,INSUFFICIENT,False,False,,No website found via search
"GZ Landscape Communication Equipment Co.,Ltd","As a manufacturer of leather phone cases and lanyards. Guangzhou Landscape is dedicated to novel design and development for our products.The company is located in Guangzhou, we have always adhered to ...",32307,,,,,,,,,,Re-searched,"As a manufacturer of leather phone cases and lanyards. Guangzhou Landscape is dedicated to novel design and development for our products.The company is located in Guangzhou, we have always adhered to ... ",COPPER,False,False,,
H&B Materials,,60711,,,,,,,,,,Re-searched, ,INSUFFICIENT,False,False,,No website found via search
H.C C International Limited.,,35711,,,,,,,,,,Re-searched, ,INSUFFICIENT,False,False,,No website found via search
H2CTLAB Inc.,,62738,,,,,,,,,,Re-searched, ,INSUFFICIENT,False,False,,No website found via search
HAECHITECH CORPORATION,,50328,,,,,,,,,,Re-searched, ,INSUFFICIENT,False,False,,No website found via search
HAICT.Inc,"HAICT delivers AI & STEAM learning solutions for K-12. Already in classroom use, our EZMaker kits and our EZON web platform power curriculum-aligned, project-based learning from science experiments to...",50763,,,,,,,,,,Re-searched,"HAICT delivers AI & STEAM learning solutions for K-12. Already in classroom use, our EZMaker kits and our EZON web platform power curriculum-aligned, project-based learning from science experiments to... ",COPPER,False,False,,
Hailo,Hailo has developed the world’s most cost-efficient and power-efficient AI Processors designed to run sophisticated deep learning and generative AI applications on edge devices. Our AI accelerators an...,"Suite 29-308, Suite 29-310, Suite 29-312",,,https://hailo.ai/products/ai-vision-processors/hailo-15-ai-vision-processor/,,,True,Unknown,✅ GOOD,All checks passed.,Skipped - Valid,Hailo has developed the world’s most cost-efficient and power-efficient AI Processors designed to run sophisticated deep learning and generative AI applications on edge devices. Our AI accelerators an... ,BRONZE_WEB,True,False,,
Handheld Scientific Inc.,"Handheld Scientific, Inc. develops, manufactures and markets innovative computer accessories. Its flagship product, the Bluetooth Adapter, turns a USB keyboard or mouse into a Bluetooth one, with rich...",31105,,,,,,,,,,Re-searched,"Handheld Scientific, Inc. develops, manufactures and markets innovative computer accessories. Its flagship product, the Bluetooth Adapter, turns a USB keyboard or mouse into a Bluetooth one, with rich... ",COPPER,False,False,,
Hanseo University,,"61720, 61721, 61722 + 10 more",,,,,,,,,,Re-searched, ,INSUFFICIENT,False,False,,No website found via search
"Hanyang University, ERICA Campus",,"62034, 62036, 62038 + 5 more",,,,,,,,,,Re-searched, ,INSUFFICIENT,False,False,,No website found via search
Haply Robotics,"Haply Robotics is a leading Canadian company in haptic and robotics technologies. Our flagship Inverse3 controller is a portable, high-performance force-feedback platform designed for tool-based tasks...",55235,,,https://www.haply.co/discover/new-haply-product-names-official-2024-update,,,True,Unknown,✅ GOOD,All checks passed.,Skipped - Valid,"Haply Robotics is a leading Canadian company in haptic and robotics technologies. Our flagship Inverse3 controller is a portable, high-performance force-feedback platform designed for tool-based tasks... ",BRONZE_WEB,True,False,,
HapWare,,61444,,,,,,,,,,Re-searched, ,INSUFFICIENT,False,False,,No website found via search
Harison Fitness Ltd,,56429,,,,,,,,,,Re-searched, ,INSUFFICIENT,False,False,,No website found via search
Harmonic Inc.,,Aria Hospitality Suites,,,https://www.harmonicinc.com/,,,,,,,Re-searched, ,BRONZE_WEB,True,False,,
Harmony Industrial Inc,,31634,,,https://www.myharmony.com/en-us/,,,,,,,Re-searched, ,BRONZE_WEB,True,False,,
Havas,"At Havas, we make a meaningful difference to brands, businesses, and people. We use the power of creativity, media and entertainment to drive growth and to drive change, helping brands better engage w...","Aria Hospitality Suites, Aria Hospitality Suites 2, CS-1",,,https://www.havas.com/,,,True,Unknown,✅ GOOD,All checks passed.,Skipped - Valid,"At Havas, we make a meaningful difference to brands, businesses, and people. We use the power of creativity, media and entertainment to drive growth and to drive change, helping brands better engage w... ",COPPER,False,False,,
Haylo Tech Limited,Haylo is an AI-powered wearable headband designed to support focus and retention for neurotypical and neurodivergent learners who struggle with traditional screen-based tools. Students interact with v...,63200,,,https://www.haylo.com/,,,True,Unknown,✅ GOOD,All checks passed.,Skipped - Valid,Haylo is an AI-powered wearable headband designed to support focus and retention for neurotypical and neurodivergent learners who struggle with traditional screen-based tools. Students interact with v... ,BRONZE_WEB,True,False,,
"HDMI Licensing Administrator, Inc.","HDMI Licensing Administrator, Inc. (HDMI LA) is the agent appointed by the HDMI Forum, Inc. to license Version 2.x of the HDMI Specification and is the agent appointed by the HDMI Founders to license ...",15819,,,,,,,,,,Re-searched,"HDMI Licensing Administrator, Inc. (HDMI LA) is the agent appointed by the HDMI Forum, Inc. to license Version 2.x of the HDMI Specification and is the agent appointed by the HDMI Founders to license ... ",COPPER,False,False,,
Healthnix,,53423,,,,,,,,,,Re-searched, ,INSUFFICIENT,False,False,,No website found via search
Heart Saver Inc.,,50363,,,,,,,,,,Re-searched, ,INSUFFICIENT,False,False,,No website found via search
HEC Engineering,"HEC Engineering is a Turkey-based consultancy specializing in hydrodynamic, coastal, and marine engineering. With a strong academic team, the firm delivers numerical modeling, environmental assessment...",63432,,,,,,,,,,Re-searched,"HEC Engineering is a Turkey-based consultancy specializing in hydrodynamic, coastal, and marine engineering. With a strong academic team, the firm delivers numerical modeling, environmental assessment... ",COPPER,False,False,,
"Hedgehog Dryer, Inc",,53432p,,,,,,,,,,Re-searched, ,INSUFFICIENT,False,False,,No website found via search
Heima Inc.,"Heima is the open operating system for humanoid robots - combining robust real-world perception, one-click AI deployment, and a monetizable Skill Store. Building the foundational platform for the AGI ...",51967,,,,,,,,,,Re-searched,"Heima is the open operating system for humanoid robots - combining robust real-world perception, one-click AI deployment, and a monetizable Skill Store. Building the foundational platform for the AGI ... ",COPPER,False,False,,
Helbling Technik,"The Helbling Group is a leader in technological innovation, engineering and business consulting and supports its international clients from various industries in all phases of product development and ...",51239,,,https://helbling.ch/en/about-us/business-units/technik,,,True,Unknown,✅ GOOD,All checks passed.,Skipped - Valid,"The Helbling Group is a leader in technological innovation, engineering and business consulting and supports its international clients from various industries in all phases of product development and ... ",BRONZE_WEB,True,False,,
HELIOS,,63432,,,,,,,,,,Re-searched, ,INSUFFICIENT,False,False,,No website found via search
Helios,,50523,,,,,,,,,,Re-searched, ,INSUFFICIENT,False,False,,No website found via search
Hemargroup,"Hemargroup, established in 1974, is a Swiss Electronic Manufacturing Services (EMS) provider. We specialize in engineering, production, and comprehensive services across the product lifecycle, from co...",51239,,,https://www.hemargroup.ch/,,,True,Unknown,✅ GOOD,All checks passed.,Skipped - Valid,"Hemargroup, established in 1974, is a Swiss Electronic Manufacturing Services (EMS) provider. We specialize in engineering, production, and comprehensive services across the product lifecycle, from co... ",BRONZE_WEB,True,False,,
Hengbot Innovation Limited,"Leveraging advanced control technology and motion modules, Hengbot is committed to excelling in the field of intelligent hardware applications. As innovators in the robot actuator industry, we aim to ...",62919,,,https://hengbot.com/,,,True,Unknown,✅ GOOD,All checks passed.,Skipped - Valid,"Leveraging advanced control technology and motion modules, Hengbot is committed to excelling in the field of intelligent hardware applications. As innovators in the robot actuator industry, we aim to ... ",BRONZE_WEB,True,False,,
Henka LLC,,55232,,,,,,,,,,Re-searched, ,INSUFFICIENT,False,False,,No website found via search
HEPA Hungarian Export Promotion Agency,HEPA Hungarian Export Promotion Agency (HEPA) provides professional services and incentives to Hungarian SMEs to launch their products and services abroad. HEPA supports international trade relations ...,50359,,,https://hepa.hu/en,,,True,Unknown,✅ GOOD,All checks passed.,Skipped - Valid,HEPA Hungarian Export Promotion Agency (HEPA) provides professional services and incentives to Hungarian SMEs to launch their products and services abroad. HEPA supports international trade relations ... ,BRONZE_WEB,True,False,,
HERE North America LLC,"HERE has been a pioneer in mapping and location technology for 40 years. Today, HERE’s location platform is recognized as the most complete in the industry, powering location-based products, services ...",3501,,,https://www.here.com/,,,True,Unknown,✅ GOOD,All checks passed.,Re-searched,"HERE has been a pioneer in mapping and location technology for 40 years. Today, HERE’s location platform is recognized as the most complete in the industry, powering location-based products, services ... ",BRONZE_WEB,True,False,,
HESAI,"Hesai Technology (Nasdaq: HSAI) is a global leader in lidar solutions. The company’s lidar products enable a broad spectrum of applications including passenger and commercial vehicles (""ADAS""), as wel...",5601,,,,,,,,,,Re-searched,"Hesai Technology (Nasdaq: HSAI) is a global leader in lidar solutions. The company’s lidar products enable a broad spectrum of applications including passenger and commercial vehicles (""ADAS""), as wel... ",COPPER,False,False,,
Hexcal Inc.,,51166,,,,,,,,,,Re-searched, ,INSUFFICIENT,False,False,,No website found via search
Heybike Inc.,"At Heybike, we are about exploration, inspiration and using innovative solutions to disrupt everyday routine and bring joy back. We specialize in smart, high-quality electric bikes, but our true passi...",10515,,,https://www.heybike.com/pages/warranty,,,True,Unknown,✅ GOOD,All checks passed.,Skipped - Valid,"At Heybike, we are about exploration, inspiration and using innovative solutions to disrupt everyday routine and bring joy back. We specialize in smart, high-quality electric bikes, but our true passi... ",BRONZE_WEB,True,False,,
HiddenPeak Inc.,,9371,,,,,,,,,,Re-searched, ,INSUFFICIENT,False,False,,No website found via search
Hidonix,"Among its innovations in AI and robotics, Hidonix develops cutting-edge navigation technologies that connect physical and digital spaces. At CES, we are presenting our proprietary indoor–outdoor navig...",8941,,,https://hidonix.com/,,,True,Unknown,✅ GOOD,All checks passed.,Skipped - Valid,"Among its innovations in AI and robotics, Hidonix develops cutting-edge navigation technologies that connect physical and digital spaces. At CES, we are presenting our proprietary indoor–outdoor navig... ",BRONZE_WEB,True,False,,
"High Tech Pet Products, Inc.","High Tech Pet Products is a leader in innovative pet technology, known for its Power Pet Doors—WiFi-enabled, app-controlled, and smart home ready. Designed for safety, convenience, and modern living, ...",51169,,,,,,,,,,Re-searched,"High Tech Pet Products is a leader in innovative pet technology, known for its Power Pet Doors—WiFi-enabled, app-controlled, and smart home ready. Designed for safety, convenience, and modern living, ... ",COPPER,False,False,,
High Technology Park of the Kyrgyz Republic,"Kyrgyzstan is renowned worldwide as the Land of High Tech Talents, making it an enticing destination for international companies. Experience our virtual export-oriented tax regime designed to empo...",50265,,,,,,,,,,Re-searched,"Kyrgyzstan is renowned worldwide as the Land of High Tech Talents, making it an enticing destination for international companies. Experience our virtual export-oriented tax regime designed to empo... ",COPPER,False,False,,
Highest Rated Wireless Inc.,"Leading USA Supplier of Wholesale Phone Accessory & Electronics. We cover all Phones, AirPods, Tablets, Watchbands, Cables, Chargers, Tempered Glass, Adapters, JBL, Motorola, Samsung, ANKER, Nautica, ...",31115,,,https://www.hrwireless.com/,,,True,Unknown,✅ GOOD,All checks passed.,Re-searched,"Leading USA Supplier of Wholesale Phone Accessory & Electronics. We cover all Phones, AirPods, Tablets, Watchbands, Cables, Chargers, Tempered Glass, Adapters, JBL, Motorola, Samsung, ANKER, Nautica, ... ",BRONZE_WEB,True,False,,
Himax Technologies,"Himax Technologies, Inc. (NASDAQ: HIMX), a fabless semiconductor solution provider dedicated to display imaging processing, is a worldwide market leader in display driver ICs and timing controllers us...",Titian 2201A,,,,,,,,,,Re-searched,"Himax Technologies, Inc. (NASDAQ: HIMX), a fabless semiconductor solution provider dedicated to display imaging processing, is a worldwide market leader in display driver ICs and timing controllers us... ",COPPER,False,False,,
Hisong Music Technology Inc,"HISONG | Pioneering the Future of Audio Technology HISONG is a global leader in audio innovation, dedicated to redefining music creation through cutting-edge technology. Our mission is to empower crea...",21742,,,https://hisong.ai/,,,True,Unknown,✅ GOOD,All checks passed.,Re-searched,"HISONG | Pioneering the Future of Audio Technology HISONG is a global leader in audio innovation, dedicated to redefining music creation through cutting-edge technology. Our mission is to empower crea... ",BRONZE_WEB,True,False,,
HiStranger.Inc,,50816,,,,,,,,,,Re-searched, ,INSUFFICIENT,False,False,,No website found via search
Hitachi,"For over 100 years, Hitachi has been at the forefront of Social Innovation, combining IT, OT, and products to transform businesses, governments, and communities. Today, we accelerate this transformati...",8529,,,https://www.hitachi.com/en/,,,True,Unknown,✅ GOOD,All checks passed.,Skipped - Valid,"For over 100 years, Hitachi has been at the forefront of Social Innovation, combining IT, OT, and products to transform businesses, governments, and communities. Today, we accelerate this transformati... ",BRONZE_WEB,True,False,,
Hizero Inc.,"HIZERO will launch the world's best and most effective mopping solution at CES. We are focused on redefining how clean your hard floor can be, via our own proprietary solution, the Multi Roller.",52571,,,https://hizerousa.com/pages/homepage,,,True,Unknown,✅ GOOD,All checks passed.,Skipped - Valid,"HIZERO will launch the world's best and most effective mopping solution at CES. We are focused on redefining how clean your hard floor can be, via our own proprietary solution, the Multi Roller. ",BRONZE_WEB,True,False,,
HKC Corporation Limited,"Founded in 2001, HKC is a global semiconductor display innovator, focusing on advanced panel R&D, manufacturing and sales. It offers TV/IT solutions, monitors and IoT displays for consumer/industrial ...",30739,,,,,,,,,,Re-searched,"Founded in 2001, HKC is a global semiconductor display innovator, focusing on advanced panel R&D, manufacturing and sales. It offers TV/IT solutions, monitors and IoT displays for consumer/industrial ... ",COPPER,False,False,,
HKSTP x ARROW HARDWARE LAB,,50732,,,https://www.hkstp.org/en/,,,,,,,Re-searched, ,BRONZE_WEB,True,False,,
HL Mando,HL Mando is a global software defined vehicle (SDV) and and autonomous driving solutions company specializing in core components that are key to vehicle safety. We are a global leader in key enabling ...,3854,,,,,,,,,,Re-searched,HL Mando is a global software defined vehicle (SDV) and and autonomous driving solutions company specializing in core components that are key to vehicle safety. We are a global leader in key enabling ... ,COPPER,False,False,,
Hogreen Air,,50763,,,,,,,,,,Re-searched, ,INSUFFICIENT,False,False,,No website found via search
Hollyland Technology,"Hollyland is a fast-growing wireless technology brand in the global content production market. Since 2013, the brand has grown to be recognized as a leading provider of premium wireless products. Holl...",22227,,,https://hollyland.us/como-series.html,,,True,Unknown,⚠️ UNCLEAR,1 keyword(s) found,Re-searched,"Hollyland is a fast-growing wireless technology brand in the global content production market. Since 2013, the brand has grown to be recognized as a leading provider of premium wireless products. Holl... ",BRONZE_WEB,True,False,,
Holon Robotics,,62201,,,,,,,,,,Re-searched, ,INSUFFICIENT,False,False,,No website found via search
HoloVu,"HoloVu is AI-powered smart glasses and a cloud platform that recognizes what you see and overlays real-time insights. Users collaborate via in-view annotations for sports, education, shopping, healthc...",60437,,,,,,,,,,Re-searched,"HoloVu is AI-powered smart glasses and a cloud platform that recognizes what you see and overlays real-time insights. Users collaborate via in-view annotations for sports, education, shopping, healthc... ",COPPER,False,False,,
homerunPET,,62919,,,,,,,,,,Re-searched, ,INSUFFICIENT,False,False,,No website found via search
Honeywell International Inc,,Wynn Encore Hospitality Suites,,,,,,,,,,Re-searched, ,INSUFFICIENT,False,False,,No website found via search
Hope Valley AI,"We, at HOPE VALLEY AI, are building the fourth-generation AI (GEN-IV AI) for integrated multi-year risk prediction and early weak signals detection of rare events, years before they occur. We starte...",60601,,,,,,,,,,Re-searched,"We, at HOPE VALLEY AI, are building the fourth-generation AI (GEN-IV AI) for integrated multi-year risk prediction and early weak signals detection of rare events, years before they occur. We starte... ",COPPER,False,False,,
Horama,,61102,,,,,,,,,,Re-searched, ,INSUFFICIENT,False,False,,No website found via search
Horizon Media,,Aria Hospitality Suites,,,https://www.horizonblue.com/,,,,,,,Re-searched, ,BRONZE_WEB,True,False,,
HoustonBionics Inc.,"ExoRehab X by HoustonBionics makes stroke recovery fun, social, and 3x more effective than traditional therapy. About the size of a PlayStation, it brings gamified rehab home, connecting patients with...",53423,,,https://www.houstonbionics.com/,,,True,Unknown,✅ GOOD,All checks passed.,Re-searched,"ExoRehab X by HoustonBionics makes stroke recovery fun, social, and 3x more effective than traditional therapy. About the size of a PlayStation, it brings gamified rehab home, connecting patients with... ",BRONZE_WEB,True,False,,
HP Inc.,"HP Inc. is a global technology leader and creator of solutions to bring ideas to life and connect to the things that matter most. Operating in more than 170 countries, HP delivers a wide range of inno...","Copperleaf 4, Copperleaf 5, Cottonwood + 16 more",,,,,,,,,,Re-searched,"HP Inc. is a global technology leader and creator of solutions to bring ideas to life and connect to the things that matter most. Operating in more than 170 countries, HP delivers a wide range of inno... ",COPPER,False,False,,
HubX LLC,"As the world's largest B2B marketplace for consumer electronics, HUBX serves thousands of business customers across more than 120 countries. We take great pride in offering a wide range of products, i...",Zeno 4706,,,https://hubx.co/,,,True,Unknown,✅ GOOD,All checks passed.,Skipped - Valid,"As the world's largest B2B marketplace for consumer electronics, HUBX serves thousands of business customers across more than 120 countries. We take great pride in offering a wide range of products, i... ",BRONZE_WEB,True,False,,
Hufu Tech,,62919,,,https://www.hufu3pl.com/,,,,,,,Re-searched, ,INSUFFICIENT,False,False,,No website found via search
Huizhou Iflight Intelligent Technology Limited,,21829,,,,,,,,,,Re-searched, ,INSUFFICIENT,False,False,,No website found via search
"Huizhou Sanhua Industrial co.,ltd",,36039,,,,,,,,,,Re-searched, ,INSUFFICIENT,False,False,,No website found via search
Huma,"Huma transform screen time into a passion for learning by reshaping education for children aged 4-12 through AI mentors, educational games and a vibrant character-driven universe.",63432,,,https://www.humaofficial.com/en,,,True,Unknown,⚠️ UNCLEAR,0 keyword(s) found,Skipped - Valid,"Huma transform screen time into a passion for learning by reshaping education for children aged 4-12 through AI mentors, educational games and a vibrant character-driven universe. ",COPPER,False,False,,
Human Security for All (HS4A),,50043a,,,https://humanornot.so/start-search,,,,,,,Re-searched, ,BRONZE_WEB,True,False,,
Human Touch LLC,"For 45 years, Human Touch has built a rich portfolio of high-performance massage chairs, ergonomic zero gravity recliners, and targeted massage products. Along with medical practitioners, world-class ...",14726,,,https://humanornot.so/start-search,,,True,Unknown,⚠️ UNCLEAR,1 keyword(s) found,Skipped - Valid,"For 45 years, Human Touch has built a rich portfolio of high-performance massage chairs, ergonomic zero gravity recliners, and targeted massage products. Along with medical practitioners, world-class ... ",BRONZE_WEB,True,False,,
Humetrix,"Humetrix AI solutions range from its Global Health Communicator™ platform successfully deployed at the Olympics overcoming language and medical terminology barriers when travelers seek care abroad, to...",54819,,,,,,,,,,Re-searched,"Humetrix AI solutions range from its Global Health Communicator™ platform successfully deployed at the Olympics overcoming language and medical terminology barriers when travelers seek care abroad, to... ",COPPER,False,False,,
Hummingbird Smart Home,"Hummingbird Smart Home transforms existing cordless blinds into smart blinds with our universal add-on kit. Easy to install and seamlessly integrated with smart home systems, our solution provides aut...",60464,,,https://www.hummingbirdsmarthome.com/,,,True,Unknown,✅ GOOD,All checks passed.,Re-searched,"Hummingbird Smart Home transforms existing cordless blinds into smart blinds with our universal add-on kit. Easy to install and seamlessly integrated with smart home systems, our solution provides aut... ",BRONZE_WEB,True,False,,
Hydrific,"Hydrific empowers people with the information and tools to make saving water easy and enjoyable. Our debut product, Droplet, is a cutting-edge water sensor that is easily installed in minutes, allowin...",60466,,,,,,,,,,Re-searched,"Hydrific empowers people with the information and tools to make saving water easy and enjoyable. Our debut product, Droplet, is a cutting-edge water sensor that is easily installed in minutes, allowin... ",COPPER,False,False,,
"Hylio, Inc.",,6459,,,,,,,,,,Re-searched, ,INSUFFICIENT,False,False,,No website found via search
Hypercritical^,,9567,,,,,,,,,,Re-searched, ,INSUFFICIENT,False,False,,No website found via search
Hyperdrives,,60633,,,,,,,,,,Re-searched, ,INSUFFICIENT,False,False,,No website found via search
Hypergram Inc.,,62633,,,,,,,,,,Re-searched, ,INSUFFICIENT,False,False,,No website found via search
Hyperkin,"Hyperkin blends classic innovation with modern tech, crafting hardware that honors the past while embracing the future. Rediscover the magic of gaming with Hyperkin—where tradition meets innovation.",Westgate Hospitality Suites,,,https://hyperkin.com/,,,True,Unknown,✅ GOOD,All checks passed.,Re-searched,"Hyperkin blends classic innovation with modern tech, crafting hardware that honors the past while embracing the future. Rediscover the magic of gaming with Hyperkin—where tradition meets innovation. ",BRONZE_WEB,True,False,,
"Hyperstar Inc.,",,62633,,,,,,,,,,Re-searched, ,INSUFFICIENT,False,False,,No website found via search
Hyundai Motor Group,,Rose Ballroom,,,https://www.hyundaiusa.com/us/en?msockid=38a9722a7a7c6720277964877bab66a5,,,,,,,Re-searched, ,BRONZE_WEB,True,False,,
Hyundai WIA,,6503,,,https://www.hyundaiusa.com/us/en?msockid=2f11b969ad1e6a843fceafc4acf16b3a,,,,,,,Re-searched, ,BRONZE_WEB,True,False,,
I-CAR,"I-CAR is advancing collision repair education with a VR initiative, exploring hands-on experiences to prep technicians for vehicle technologies like EVs and automated safety features. As the industry’...",6767,,,,,,,,,,Re-searched,"I-CAR is advancing collision repair education with a VR initiative, exploring hands-on experiences to prep technicians for vehicle technologies like EVs and automated safety features. As the industry’... ",COPPER,False,False,,
IAAN,,8241,,,,,,,,,,Re-searched, ,INSUFFICIENT,False,False,,No website found via search
IAI Smart Inc,"IAI Smart Inc pioneers a connected lifestyle, blending artificial intelligence into smart homes and kitchens. We distribute EMERSON, HOMATICS brands. IAI also offers solutions for Integration & Certif...",52808,,,https://iaismart.com/ces-2024/,,,True,Unknown,✅ GOOD,All checks passed.,Skipped - Valid,"IAI Smart Inc pioneers a connected lifestyle, blending artificial intelligence into smart homes and kitchens. We distribute EMERSON, HOMATICS brands. IAI also offers solutions for Integration & Certif... ",BRONZE_WEB,True,False,,
iBoda,iBoda is an online platform offering personalized art education using students' art learning data. Its key products include an art aptitude test to analyze learning tendencies and an artwork critique ...,61445,,,,,,,,,,Re-searched,iBoda is an online platform offering personalized art education using students' art learning data. Its key products include an art aptitude test to analyze learning tendencies and an artwork critique ... ,COPPER,False,False,,
iBUYPOWER,"Since 1999, we have been delivering on the promise to build the best gaming PC for the most avid gamers. Our systems have since become the backbone for professional gamers, game developers, LAN center...",Titian 2301A,,,,,,,,,,Re-searched,"Since 1999, we have been delivering on the promise to build the best gaming PC for the most avid gamers. Our systems have since become the backbone for professional gamers, game developers, LAN center... ",COPPER,False,False,,
ID4US,"ID4US delivers Ecrin, a breakthrough biometric system using ultrasonic 3D imaging to create unique digital signatures, redefining standards of security and user experience.",60711,,,https://www.id4us.de/the-vision-of-id4us/,,,True,Unknown,✅ GOOD,All checks passed.,Skipped - Valid,"ID4US delivers Ecrin, a breakthrough biometric system using ultrasonic 3D imaging to create unique digital signatures, redefining standards of security and user experience. ",BRONZE_WEB,True,False,,
ID5,"ID5 provides the advertising ecosystem with a transparent, scalable and privacy-compliant identity infrastructure. Its solution improves user recognition and match rates and provides a stable, consent...",Aria Hospitality Suites,,,,,,,,,,Re-searched,"ID5 provides the advertising ecosystem with a transparent, scalable and privacy-compliant identity infrastructure. Its solution improves user recognition and match rates and provides a stable, consent... ",COPPER,False,False,,
IDB Inc.,"AIoT-based safety system integrating on-device edge and cloud intelligence. It detects anomalies, predicts hazards, and executes agentic AI-driven SOPs to prevent fires, failures, and risks. Designed ...",62833,,,,,,,,,,Re-searched,"AIoT-based safety system integrating on-device edge and cloud intelligence. It detects anomalies, predicts hazards, and executes agentic AI-driven SOPs to prevent fires, failures, and risks. Designed ... ",COPPER,False,False,,
iDentalFy LLC,,60435,,,,,,,,,,Re-searched, ,INSUFFICIENT,False,False,,No website found via search
identic ai GmbH,"identic ai is an ICT startup providing AI solutions for generating 3D and AR content from product images, primarily for retail. API integration and 3D content generation in one day, allowing sales boo...",61220,,,,,,,,,,Re-searched,"identic ai is an ICT startup providing AI solutions for generating 3D and AR content from product images, primarily for retail. API integration and 3D content generation in one day, allowing sales boo... ",COPPER,False,False,,
identifyHer,"identifyHer is a digital health company for women going through perimenopause, and beyond. We have created Peri, an AI enabled wearable device that accurately detects & tracks perimenopausal symptoms,...",53432h,,,,,,,,,,Re-searched,"identifyHer is a digital health company for women going through perimenopause, and beyond. We have created Peri, an AI enabled wearable device that accurately detects & tracks perimenopausal symptoms,... ",COPPER,False,False,,
IEEE,"IEEE is the world’s largest technical professional organization dedicated to advancing technology for the benefit of humanity. With our members, we inspire a global community through highly-cited publ...",20730,,,http://ieeeusa.org.ayouweb.com/,,,True,Unknown,✅ GOOD,All checks passed.,Skipped - Valid,"IEEE is the world’s largest technical professional organization dedicated to advancing technology for the benefit of humanity. With our members, we inspire a global community through highly-cited publ... ",COPPER,False,False,,
"iHeartMedia, Inc.",,"Aria Hospitality Suites, Aria Hospitality Suites 2",,,,,,,,,,Re-searched, ,INSUFFICIENT,False,False,,No website found via search
IIST,IIST is a company that develops technology specialized for disasters by converging artificial intelligence technology and motimodal technology with CCTV-based technology. The product that received two...,50763,,,https://iist.com.pk/,,,True,Unknown,⚠️ UNCLEAR,1 keyword(s) found,Skipped - Valid,IIST is a company that develops technology specialized for disasters by converging artificial intelligence technology and motimodal technology with CCTV-based technology. The product that received two... ,BRONZE_WEB,True,False,,
IKEA,,Suite 35-112,,,,,,,,,,Re-searched, ,INSUFFICIENT,False,False,,No website found via search
ILJOOGnS,"Designing for AX: A Digital Transformation Specialist Realizing a Sustainable Future By integrating cutting-edge technologies such as AI, AIoT, Big Data, and Digital Twin, ILJOO GnS Co., Ltd. deliver...",50363,,,,,,,,,,Re-searched,"Designing for AX: A Digital Transformation Specialist Realizing a Sustainable Future By integrating cutting-edge technologies such as AI, AIoT, Big Data, and Digital Twin, ILJOO GnS Co., Ltd. deliver... ",COPPER,False,False,,
illumicell AI,,61220,,,,,,,,,,Re-searched, ,INSUFFICIENT,False,False,,No website found via search
Imagry Inc.,"Introducing Generative Autonomy: real-time intelligence that drives machines in the physical world. Our platform, Imagry Cortex™, delivers vision-based autonomy without HD maps, LiDAR, or the cloud. U...",6467,,,https://imagry.co/,,,True,Unknown,✅ GOOD,All checks passed.,Re-searched,"Introducing Generative Autonomy: real-time intelligence that drives machines in the physical world. Our platform, Imagry Cortex™, delivers vision-based autonomy without HD maps, LiDAR, or the cloud. U... ",BRONZE_WEB,True,False,,
IMAX Corporation,"IMAX Enhanced: Unleash the Power of IMAX at Home. Deliver premium experiences. Capture premium value. IMAX Enhanced is built to drive higher engagement, and increased purchase preference across live ...",Aria Hospitality Suites,,,,,,,,,,Re-searched,"IMAX Enhanced: Unleash the Power of IMAX at Home. Deliver premium experiences. Capture premium value. IMAX Enhanced is built to drive higher engagement, and increased purchase preference across live ... ",COPPER,False,False,,
IMCLab,,61445,,,,,,,,,,Re-searched, ,INSUFFICIENT,False,False,,No website found via search
Imirror Texas Inc,,21143,,,,,,,,,,Re-searched, ,INSUFFICIENT,False,False,,No website found via search
iMogul AI,"iMogul AI is an entertainment-tech startup transforming how films, TV, and streaming projects get made by connecting screenwriters, audiences, and producers through AI-driven insights. Our platform me...",62240,,,https://imogul.ai/,,,True,Unknown,✅ GOOD,All checks passed.,Skipped - Valid,"iMogul AI is an entertainment-tech startup transforming how films, TV, and streaming projects get made by connecting screenwriters, audiences, and producers through AI-driven insights. Our platform me... ",BRONZE_WEB,True,False,,
"IMV America, Inc.","IMV, the world’s largest electrodynamic shaker manufacturer, delivers advanced vibration and environmental testing systems engineered for precision, reliability, and efficiency. Serving automotive, ae...",3154,,,,,,,,,,Re-searched,"IMV, the world’s largest electrodynamic shaker manufacturer, delivers advanced vibration and environmental testing systems engineered for precision, reliability, and efficiency. Serving automotive, ae... ",COPPER,False,False,,
In Win Development Inc.,"Since its inception in 1985, InWin has steadily become an ISO 9001 and ISO 14001 manufacturer. InWin specializes in mechanical and electro-mechanical engineering. Integrating its extensive experience ...",Suite 34-203,,,,,,,,,,Re-searched,"Since its inception in 1985, InWin has steadily become an ISO 9001 and ISO 14001 manufacturer. InWin specializes in mechanical and electro-mechanical engineering. Integrating its extensive experience ... ",COPPER,False,False,,
"Index Exchange USA, LLC",Index Exchange is a global advertising supply-side platform enabling media owners to maximize the value of their content on any screen. We’re a proud industry pioneer with over 20 years of experience ...,Cosmopolitan Hospitality Suites,,,https://www.indexexchange.com/,,,True,Unknown,✅ GOOD,All checks passed.,Skipped - Valid,Index Exchange is a global advertising supply-side platform enabling media owners to maximize the value of their content on any screen. We’re a proud industry pioneer with over 20 years of experience ... ,BRONZE_WEB,True,False,,
Indication Instruments Limited,"Founded in 1976, continue to drive innovation in automotive electronics while upholding core values. We design and manufacture digital displays, instrument clusters, and sensors for trucks, buses, tra...",6766,,,,,,,,,,Re-searched,"Founded in 1976, continue to drive innovation in automotive electronics while upholding core values. We design and manufacture digital displays, instrument clusters, and sensors for trucks, buses, tra... ",COPPER,False,False,,
indie Semiconductor,"indie is an automotive innovator, developing next generation semiconductors, photonics and software platforms to deliver best-in-class automated driver and safety systems and in-cabin experiences—enab...",Westgate Hospitality Suites,,,,,,,,,,Re-searched,"indie is an automotive innovator, developing next generation semiconductors, photonics and software platforms to deliver best-in-class automated driver and safety systems and in-cabin experiences—enab... ",COPPER,False,False,,
Industrial Technology Research Institute,"ITRI is a world-leading applied technology research institute with more than 6,000 outstanding employees. Its mission is to drive industrial development, create economic value, and enhance social well...",8553,,,,,,,,,,Re-searched,"ITRI is a world-leading applied technology research institute with more than 6,000 outstanding employees. Its mission is to drive industrial development, create economic value, and enhance social well... ",COPPER,False,False,,
Infineon Technologies Americas Corp.,"Infineon is a world leader in semiconductor solutions that make life easier, safer, and greener. Our solutions for efficient energy management, smart mobility, and secure, seamless communications link...","Suite 29-131, Suite 29-132, Suite 29-133 + 7 more",,,,,,,,,,Re-searched,"Infineon is a world leader in semiconductor solutions that make life easier, safer, and greener. Our solutions for efficient energy management, smart mobility, and secure, seamless communications link... ",COPPER,False,False,,
Inmobi Inc.,,Vdara Hospitality Suites,,,https://www.inmobi.com/,,,,,,,Re-searched, ,BRONZE_WEB,True,False,,
Innatera Nanosystems BV,"Innatera’s ultra-efficient neuromorphic processors mimic the brain’s mechanisms for processing sensory data. Based on a proprietary analog-mixed signal computing architecture, Innatera’s processors le...",Venetian Palazzo Hospitality Suites,,,https://innatera.com/,,,True,Unknown,✅ GOOD,All checks passed.,Skipped - Valid,"Innatera’s ultra-efficient neuromorphic processors mimic the brain’s mechanisms for processing sensory data. Based on a proprietary analog-mixed signal computing architecture, Innatera’s processors le... ",BRONZE_WEB,True,False,,
Innobound Limited,,63200,,,,,,,,,,Re-searched, ,INSUFFICIENT,False,False,,No website found via search
innoDtech Inc.,A company delivering innovative value across the entire digital dentistry cycle in orthodontics. We provide AI-integrated solutions that offer efficient and groundbreaking experiences for both patient...,50335,,,,,,,,,,Re-searched,A company delivering innovative value across the entire digital dentistry cycle in orthodontics. We provide AI-integrated solutions that offer efficient and groundbreaking experiences for both patient... ,COPPER,False,False,,
Innopolis,,36016,,,,,,,,,,Re-searched, ,INSUFFICIENT,False,False,,No website found via search
"Innosearch AI, Inc.",,60849,,,,,,,,,,Re-searched, ,INSUFFICIENT,False,False,,No website found via search
Innova NanoJet Technologies LTD,Innova NanoJet Tech. is at the forefront of innovation within the air purification and air filtration space for both personal in-home use and public health. We develop breakthrough technologies in ult...,53365,,,https://www.innova-nanojet.co.uk/,,,True,Unknown,✅ GOOD,All checks passed.,Skipped - Valid,Innova NanoJet Tech. is at the forefront of innovation within the air purification and air filtration space for both personal in-home use and public health. We develop breakthrough technologies in ult... ,BRONZE_WEB,True,False,,
Innovative Eyewear Inc. DBA Lucyd,,52744,,,,,,,,,,Re-searched, ,INSUFFICIENT,False,False,,No website found via search
Innovative Space Carrier inc.,,62801,,,,,,,,,,Re-searched, ,INSUFFICIENT,False,False,,No website found via search
INNOVÉ BEAUTY AND WELLNESS,"Innové Beauty+Wellness pioneers engineered spray mist booth technology that delivers full-body skin care in minutes. With brands WELLFIT®, Mystic®, Norvell®, and VersaSpa®, we fuse beauty, science, a...",54572,,,https://innovabeautyav.com/,,,True,Unknown,✅ GOOD,All checks passed.,Re-searched,"Innové Beauty+Wellness pioneers engineered spray mist booth technology that delivers full-body skin care in minutes. With brands WELLFIT®, Mystic®, Norvell®, and VersaSpa®, we fuse beauty, science, a... ",BRONZE_WEB,True,False,,
InOut Corp.,"We are Puerto Rican company with over twenty-five years of experience in the field of technology. We develop websites, applications, and automate operational logistics processes. We specialize in crea...",8468,,,https://www.inout.pro/index.php/servicios/,,,True,Unknown,⚠️ UNCLEAR,1 keyword(s) found,Skipped - Valid,"We are Puerto Rican company with over twenty-five years of experience in the field of technology. We develop websites, applications, and automate operational logistics processes. We specialize in crea... ",COPPER,False,False,,
Inova Semiconductors GmbH,"Inova Semiconductors founded in Munich in 1999, Inova Semiconductors is a pioneer in the field of high-speed data transmission and ground-breaking lighting technologies for the mobility sector. Our co...",51242,,,https://inova-semiconductors.de/support.html,,,True,Unknown,✅ GOOD,All checks passed.,Skipped - Valid,"Inova Semiconductors founded in Munich in 1999, Inova Semiconductors is a pioneer in the field of high-speed data transmission and ground-breaking lighting technologies for the mobility sector. Our co... ",BRONZE_WEB,True,False,,
"INRIX, Inc.","INRIX stands at the crossroads of technology and transportation. With solutions spanning the entire mobility ecosystem, INRIX can help you make an impact whether its improving road safety, optimizing ...",Wynn Encore Hospitality Suites,,,https://inrix.com/,,,True,Unknown,✅ GOOD,All checks passed.,Re-searched,"INRIX stands at the crossroads of technology and transportation. With solutions spanning the entire mobility ecosystem, INRIX can help you make an impact whether its improving road safety, optimizing ... ",BRONZE_WEB,True,False,,
Insider Plus d.o.o.,,61246,,,,,,,,,,Re-searched, ,INSUFFICIENT,False,False,,No website found via search
Insights Lighthouse,"Understanding the intricacies of human behavior is the key to mastering influence and driving meaningful change; while AI can analyze and replicate patterns, only humans can truly connect, empathize, ...",50029,,,,,,,,,,Re-searched,"Understanding the intricacies of human behavior is the key to mastering influence and driving meaningful change; while AI can analyze and replicate patterns, only humans can truly connect, empathize, ... ",COPPER,False,False,,
Inspired Brands LLC,,30103,,,,,,,,,,Re-searched, ,INSUFFICIENT,False,False,,No website found via search
Instafarm LLC,"Instafarm brings the farm to your table with effortless, soil-grown microgreens. Our automated consumer and commercial models use intelligent sensors to deliver fresh, nutrient-dense food daily—helpin...",51617,,,,,,,,,,Re-searched,"Instafarm brings the farm to your table with effortless, soil-grown microgreens. Our automated consumer and commercial models use intelligent sensors to deliver fresh, nutrient-dense food daily—helpin... ",COPPER,False,False,,
Insulet Corporation,,54412,,,https://investors.insulet.com/news/news-details/2022/Insulet-Reports-Full-Year-2021-Revenue-Increase-of-21-and-Fourth-Quarter-2021-Revenue-Increase-of-25-Year-Over-Year/default.aspx,,,,,,,Re-searched, ,INSUFFICIENT,False,False,,No website found via search
IntBot,"We develop interactive humanoid robots for a wide range of applications, from retail, healthcare, to education, where seamless, safe, and engaging human-robot experiences are critical. Our solution fe...",9377,,,,,,,,,,Re-searched,"We develop interactive humanoid robots for a wide range of applications, from retail, healthcare, to education, where seamless, safe, and engaging human-robot experiences are critical. Our solution fe... ",COPPER,False,False,,
Integral Ad Science,"IAS is a leading global media measurement and optimization platform. IAS delivers the industry's most actionable data to drive superior results for the world's largest advertisers, publishers, and med...",Aria Hospitality Suites,,,,,,,,,,Re-searched,"IAS is a leading global media measurement and optimization platform. IAS delivers the industry's most actionable data to drive superior results for the world's largest advertisers, publishers, and med... ",COPPER,False,False,,
"Integrated Silicon Solution, Inc.","With over 35 years of innovation, ISSI is a global leader in high-quality memory solutions—DRAM, SRAM, Flash, and more—designed for automotive, industrial, and medical applications. Backed by a long-t...",Fontainebleau Hospitality Suites,,,,,,,,,,Re-searched,"With over 35 years of innovation, ISSI is a global leader in high-quality memory solutions—DRAM, SRAM, Flash, and more—designed for automotive, industrial, and medical applications. Backed by a long-t... ",COPPER,False,False,,
Integrity Security Services,"IntegrityOne™ is the trust infrastructure for systems that can’t afford to fail. Our platform embeds and upholds continuity of trust for connected products, software and data, supporting leading OEMs ...",4373,,,,,,,,,,Re-searched,"IntegrityOne™ is the trust infrastructure for systems that can’t afford to fail. Our platform embeds and upholds continuity of trust for connected products, software and data, supporting leading OEMs ... ",COPPER,False,False,,
Intel Corporation,"Intel creates world-changing technology that enables global progress and enriches lives. Inspired by Moore's Law, we continuously work to advance the design and manufacturing of semiconductors to help...","Delfino, Lando 4201A, Lando 4201B + 12 more",,,https://www.intel.com/content/www/us/en/download-center/home.html,,,True,Unknown,✅ GOOD,All checks passed.,Skipped - Valid,"Intel creates world-changing technology that enables global progress and enriches lives. Inspired by Moore's Law, we continuously work to advance the design and manufacturing of semiconductors to help... ",BRONZE_WEB,True,False,,
Intellias Global Limited,"Intellias is a trusted global technology partner with over 20 years of experience in delivering product engineering and consulting services to leading automotive OEMs, Tier 1 suppliers, and semiconduc...",3377,,,https://career.intellias.com/recruitment-privacy-notice/,,,True,Unknown,✅ GOOD,All checks passed.,Skipped - Valid,"Intellias is a trusted global technology partner with over 20 years of experience in delivering product engineering and consulting services to leading automotive OEMs, Tier 1 suppliers, and semiconduc... ",BRONZE_WEB,True,False,,
Intelligence and Interaction Research Center,,62643,,,,,,,,,,Re-searched, ,INSUFFICIENT,False,False,,No website found via search
Intelligent Information Security Technology Inc.,"Intelligent Information Security Technology Inc. (IIST) specializes in the development of advanced PUF (Physical Unclonable Function) cybersecurity technology, chip system integration, and the compreh...",62201,,,,,,,,,,Re-searched,"Intelligent Information Security Technology Inc. (IIST) specializes in the development of advanced PUF (Physical Unclonable Function) cybersecurity technology, chip system integration, and the compreh... ",COPPER,False,False,,
Intelligent Universe Inc.,,62033,,,,,,,,,,Re-searched, ,INSUFFICIENT,False,False,,No website found via search
InteraXon Inc.,,50755,,,,,,,,,,Re-searched, ,INSUFFICIENT,False,False,,No website found via search
Interlink Electronics Inc,"Interlink Electronics Inc., is a global smart sensor and printed electronics provider. Offering force, piezo-electric and other sensors for HMI. Now also sensors for smart fabrics and textiles for we...",8068,,,https://www.interlinkelectronics.com/,,,True,Unknown,✅ GOOD,All checks passed.,Skipped - Valid,"Interlink Electronics Inc., is a global smart sensor and printed electronics provider. Offering force, piezo-electric and other sensors for HMI. Now also sensors for smart fabrics and textiles for we... ",BRONZE_WEB,True,False,,
International Boost,"International Boost helps French startups, SMEs and scaleups shine on the world’s biggest tech stages like CES Las Vegas and GITEX. From premium stands to investor matchmaking and strategic coaching b...","60701, 60703, 60900 + 16 more",,,https://www.internationalboost.com/home/,,,True,Unknown,✅ GOOD,All checks passed.,Skipped - Valid,"International Boost helps French startups, SMEs and scaleups shine on the world’s biggest tech stages like CES Las Vegas and GITEX. From premium stands to investor matchmaking and strategic coaching b... ",BRONZE_WEB,True,False,,
intoPIX sa,"intoPIX is an innovative technology provider of low power, low complexity image processing and video compression IP-cores. At CES, we will be showing how the new image Sensors and cameras, automotive ...",50752,,,https://www.intopix.com/,,,True,Unknown,✅ GOOD,All checks passed.,Skipped - Valid,"intoPIX is an innovative technology provider of low power, low complexity image processing and video compression IP-cores. At CES, we will be showing how the new image Sensors and cameras, automotive ... ",BRONZE_WEB,True,False,,
"Intowell Biomedical Technology, Inc.",IntoWell’s Dr.AI is a clinical-grade AI medtech platform streamlining inpatient and outpatient workflows via automated notes and treatment planning. Its AI pre-consult avatar MedPA accelerates triage ...,55727,,,https://www.intowellhealth.com/,,,True,Unknown,✅ GOOD,All checks passed.,Re-searched,IntoWell’s Dr.AI is a clinical-grade AI medtech platform streamlining inpatient and outpatient workflows via automated notes and treatment planning. Its AI pre-consult avatar MedPA accelerates triage ... ,BRONZE_WEB,True,False,,
"Intromark, Inc.","Intromark Incorporated, located in Pittsburgh, Pennsylvania, has spent the last 40 years helping companies expand their product lines through strategic licensing, wholesale and distribution partnershi...",31700,,,https://www.intromark.com/,,,True,Unknown,✅ GOOD,All checks passed.,Re-searched,"Intromark Incorporated, located in Pittsburgh, Pennsylvania, has spent the last 40 years helping companies expand their product lines through strategic licensing, wholesale and distribution partnershi... ",BRONZE_WEB,True,False,,
Inventum Semiconductor,"Breakthrough IC solutions for power management and audio. Whether it is our PiezoDrive™, piezo amplifier and DSP technology, or our UltraWear™, high-efficiency low power speaker driver for wearables,...",Suite 29-224,,,,,,,,,,Re-searched,"Breakthrough IC solutions for power management and audio. Whether it is our PiezoDrive™, piezo amplifier and DSP technology, or our UltraWear™, high-efficiency low power speaker driver for wearables,... ",COPPER,False,False,,
Iomtek,"IOMTEK Inc. develops advanced radiative-cooling and IR/UV-blocking films that reduce heat stress in agriculture, buildings, and vehicles. Its AgriCool™ film has demonstrated outstanding performance an...",61453,,,,,,,,,,Re-searched,"IOMTEK Inc. develops advanced radiative-cooling and IR/UV-blocking films that reduce heat stress in agriculture, buildings, and vehicles. Its AgriCool™ film has demonstrated outstanding performance an... ",COPPER,False,False,,
ION Storage Systems,,9622,,,,,,,,,,Re-searched, ,INSUFFICIENT,False,False,,No website found via search
Ionic Wind,"Ionic Wind builds proprietary solid-state airflow accelerators for efficient cooling of high performance electronics, specifically laptops and edge AI chips.",61220,,,,,,,,,,Re-searched,"Ionic Wind builds proprietary solid-state airflow accelerators for efficient cooling of high performance electronics, specifically laptops and edge AI chips. ",COPPER,False,False,,
Iontra Inc.,"Iontra is a Colorado-based battery innovation company that dramatically improves the charge speed, cycle life, capacity utilization, cold weather charging, and safety of all lithium batteries. Iontra'...","Suite 29-324, Suite 29-326",,,https://iontra.com/,,,True,Unknown,✅ GOOD,All checks passed.,Re-searched,"Iontra is a Colorado-based battery innovation company that dramatically improves the charge speed, cycle life, capacity utilization, cold weather charging, and safety of all lithium batteries. Iontra'... ",COPPER,False,False,,
IOSiX,"IOSiX has been pushing the bounds of what is possible since 2005. Look no further to see the future of fleet telematics from GPS trackers to heavy duty truck data loggers, IOSiX understands what's im...",3405,,,https://www2.iosix.com/,,,True,Unknown,✅ GOOD,All checks passed.,Skipped - Valid,"IOSiX has been pushing the bounds of what is possible since 2005. Look no further to see the future of fleet telematics from GPS trackers to heavy duty truck data loggers, IOSiX understands what's im... ",COPPER,False,False,,
IoT M2M Council,"The IoT M2M Council is the largest and fastest-growing trade group dedicated to the global IoT sector, with the mission of bringing technology adopters together with solutions providers through live a...",10777,,,https://www.iotm2mcouncil.org/,,,True,Unknown,✅ GOOD,All checks passed.,Re-searched,"The IoT M2M Council is the largest and fastest-growing trade group dedicated to the global IoT sector, with the mission of bringing technology adopters together with solutions providers through live a... ",BRONZE_WEB,True,False,,
iOttie Inc.,"Ottie is an award-winning mobile accessories company based in New York City, specializing in car mounts, wireless charging solutions, and smart lifestyle products. Since its establishment in 2010, iOt...",30147,,,https://www.iottie.com/legal/term-conditions/,,,True,Unknown,✅ GOOD,All checks passed.,Skipped - Valid,"Ottie is an award-winning mobile accessories company based in New York City, specializing in car mounts, wireless charging solutions, and smart lifestyle products. Since its establishment in 2010, iOt... ",BRONZE_WEB,True,False,,
IQOOCCA Inc.,,50363,,,,,,,,,,Re-searched, ,INSUFFICIENT,False,False,,No website found via search
IQUNIX,"Founded in 2014, IQUNIX is a pioneering brand focused on aesthetics and technology, dedicated to creating desktop tech products that provide users with aesthetic pleasure and embody long-term aestheti...",32039,,,,,,,,,,Re-searched,"Founded in 2014, IQUNIX is a pioneering brand focused on aesthetics and technology, dedicated to creating desktop tech products that provide users with aesthetic pleasure and embody long-term aestheti... ",COPPER,False,False,,
IQVIA Digital,"IQVIA Digital powers exceptional brand experiences, delivering innovative solutions based on a customer-first, insights-driven, and integrated omnichannel vision. We provide authenticated, enhanced da...",Aria Hospitality Suites,,,https://www.iqviadigital.com/,,,True,Unknown,✅ GOOD,All checks passed.,Skipped - Valid,"IQVIA Digital powers exceptional brand experiences, delivering innovative solutions based on a customer-first, insights-driven, and integrated omnichannel vision. We provide authenticated, enhanced da... ",BRONZE_WEB,True,False,,
IriHealth,"IriHealth leverages AI-powered iris analysis to advance preventive medicine. Our technology identifies subtle changes in iris patterns, enabling early disease detection and delivering actionable insig...",61236,,,https://irihealth.com/,,,True,Unknown,⚠️ UNCLEAR,1 keyword(s) found,Skipped - Valid,"IriHealth leverages AI-powered iris analysis to advance preventive medicine. Our technology identifies subtle changes in iris patterns, enabling early disease detection and delivering actionable insig... ",COPPER,False,False,,
IrisGo,,60837,,,,,,,,,,Re-searched, ,INSUFFICIENT,False,False,,No website found via search
iRomaScents®,,61701,,,,,,,,,,Re-searched, ,INSUFFICIENT,False,False,,No website found via search
IRVINEi corporation,"IRVINEi is defining the future of intelligent living with OVAL, the World’s First AI Home Hub. OVAL combines customized security, automation, and an AI companion all in a single, intelligent device. I...",62047,,,https://irvinei.com/,,,True,Unknown,✅ GOOD,All checks passed.,Re-searched,"IRVINEi is defining the future of intelligent living with OVAL, the World’s First AI Home Hub. OVAL combines customized security, automation, and an AI companion all in a single, intelligent device. I... ",BRONZE_WEB,True,False,,
iSpot.tv,"iSpot.tv helps advertisers measure the brand and business impact of TV and streaming advertising, from concept to airing to conversion. Fast, accurate and actionable measurement and attribution soluti...",Aria Hospitality Suites,,,https://login.ispot.tv/,,,True,Unknown,✅ GOOD,All checks passed.,Skipped - Valid,"iSpot.tv helps advertisers measure the brand and business impact of TV and streaming advertising, from concept to airing to conversion. Fast, accurate and actionable measurement and attribution soluti... ",BRONZE_WEB,True,False,,
Israel Pavilion,"Export Institute and the Israeli Ministry of Economy Manage and support Israel’s international trade and trade policy by promoting trade and exports, initiating and maintaining trade agreements, attr...","61701, 6559",,,,,,,,,,Re-searched,"Export Institute and the Israeli Ministry of Economy Manage and support Israel’s international trade and trade policy by promoting trade and exports, initiating and maintaining trade agreements, attr... ",COPPER,False,False,,
Istanbul Chamber of Commerce,Istanbul Chamber of Commerce has been the most effective and influential organization in the business climate of Türkiye and represents currently 800.000 companies from all corners of business spectr...,50759,,,https://danubechambers.com/member-chambers/istanbul-chamber-of-commerce,,,True,Unknown,✅ GOOD,All checks passed.,Re-searched,Istanbul Chamber of Commerce has been the most effective and influential organization in the business climate of Türkiye and represents currently 800.000 companies from all corners of business spectr... ,BRONZE_WEB,True,False,,
Italian Trade Agency,ITA - Italian Trade Agency is the Governmental agency that supports the business development of our companies abroad and promotes the attraction of foreign investment in Italy. Using the most modern m...,"61000, 61001, 61401 + 1 more",,,https://www.italtradeusa.com/ita-offices-in-usa,,,True,Unknown,✅ GOOD,All checks passed.,Re-searched,ITA - Italian Trade Agency is the Governmental agency that supports the business development of our companies abroad and promotes the attraction of foreign investment in Italy. Using the most modern m... ,BRONZE_WEB,True,False,,
Italian Trade Agency,ITA – Italian Trade Agency is the Government entity supporting the internationalization of Italian enterprises and promoting foreign investment in Italy. Through a global network and advanced communic...,5374,,,https://www.italtradeusa.com/ita-offices-in-usa,,,True,Unknown,✅ GOOD,All checks passed.,Re-searched,ITA – Italian Trade Agency is the Government entity supporting the internationalization of Italian enterprises and promoting foreign investment in Italy. Through a global network and advanced communic... ,BRONZE_WEB,True,False,,
ITON Technology Corp.,ITON is a high-tech enterprise specializing in communication technology and application solutions.ITON (stock code: 830982) was founded in 2006 and listed on the NEEQ in 2014.,54371,,,https://itoncorp.com/,,,True,Unknown,✅ GOOD,All checks passed.,Re-searched,ITON is a high-tech enterprise specializing in communication technology and application solutions.ITON (stock code: 830982) was founded in 2006 and listed on the NEEQ in 2014. ,COPPER,False,False,,
iTourTranslator Inc.,"We are iTourTranslator, a high-tech company specializing in the translation industry, solving communication problems between people of different languages and making work and life easier and more conv...",15758,,,,,,,,,,Re-searched,"We are iTourTranslator, a high-tech company specializing in the translation industry, solving communication problems between people of different languages and making work and life easier and more conv... ",COPPER,False,False,,
Ivani,Ivani is a technology and IP development company behind the world’s most scalable and reliable Wireless Network Sensing system. Our patented sensify® firmware transforms everyday IoT devices into powe...,Venetian Palazzo Hospitality Suites,,,https://www.ivaniventurieri.com/,,,True,Unknown,⚠️ UNCLEAR,1 keyword(s) found,Skipped - Valid,Ivani is a technology and IP development company behind the world’s most scalable and reliable Wireless Network Sensing system. Our patented sensify® firmware transforms everyday IoT devices into powe... ,BRONZE_WEB,True,False,,
Ixana,,10678,,,,,,,,,,Re-searched, ,INSUFFICIENT,False,False,,No website found via search
j innotech,,50523,,,,,,,,,,Re-searched, ,INSUFFICIENT,False,False,,No website found via search
J-MEX Inc.,"For over 17 years, j-mex has been dedicated to perfecting motion control technology for industry leaders, academia, and top brands. From the domains of sports to venture into the realm of entertainmen...",15843,,,,,,,,,,Re-searched,"For over 17 years, j-mex has been dedicated to perfecting motion control technology for industry leaders, academia, and top brands. From the domains of sports to venture into the realm of entertainmen... ",COPPER,False,False,,
j5Create,"j5create is a global leader in high-tech computer and mobile accessories, striving to help improve people's everyday lives and create impactful experiences with award-winning innovations. j5create's e...",30011,,,,,,,,,,Re-searched,"j5create is a global leader in high-tech computer and mobile accessories, striving to help improve people's everyday lives and create impactful experiences with award-winning innovations. j5create's e... ",COPPER,False,False,,
Jabil,"At Jabil, we make your most complex ideas and products a reality. We combine unmatched breadth and depth of end-market experience, technical and design capabilities, manufacturing know-how, supply ch...",Suite 29-121,,,https://www.jabil.com/,,,True,Unknown,✅ GOOD,All checks passed.,Skipped - Valid,"At Jabil, we make your most complex ideas and products a reality. We combine unmatched breadth and depth of end-market experience, technical and design capabilities, manufacturing know-how, supply ch... ",BRONZE_WEB,True,False,,
Jabil Automotive & Transportation,"Jabil is a world-class automotive technology manufacturer, enabling customers to deliver tomorrow's mobility technology. Working with Jabil, customers can accelerate design to market, manage supply ch...",W308,,,https://www.jabil.com/industries/automotive-and-transportation.html,,,True,Unknown,✅ GOOD,All checks passed.,Skipped - Valid,"Jabil is a world-class automotive technology manufacturer, enabling customers to deliver tomorrow's mobility technology. Working with Jabil, customers can accelerate design to market, manage supply ch... ",BRONZE_WEB,True,False,,
Japan (J-Startup),The Japan External Trade Organization (JETRO) is a Japanese government-affiliated agency that supports Japanese businesses expanding globally and international businesses entering Japan. JETRO’s Start...,62801,,,https://www.japan-guide.com/e/e623a.html,,,True,Unknown,✅ GOOD,All checks passed.,Skipped - Valid,The Japan External Trade Organization (JETRO) is a Japanese government-affiliated agency that supports Japanese businesses expanding globally and international businesses entering Japan. JETRO’s Start... ,BRONZE_WEB,True,False,,
JAPAN (Japan Tech Project),"Japan Tech showcases Japan’s innovation with two locations — Global Pavilion and Eureka Park. Exhibitors include local governments, established firms, and startups presenting cutting-edge ideas in rob...","50339, 61415",,,https://ces-japantech.jp/en/,,,True,Unknown,✅ GOOD,All checks passed.,Re-searched,"Japan Tech showcases Japan’s innovation with two locations — Global Pavilion and Eureka Park. Exhibitors include local governments, established firms, and startups presenting cutting-edge ideas in rob... ",BRONZE_WEB,True,False,,
JATCO Ltd,"JATCO Ltd. is the world's leading CVT transmission manufacturer and electrified powertrain specialist. With global production facilities and 50+ years of innovation, we're expanding into new mobility ...",10629,,,https://www.jatco.co.jp/english/,,,True,Unknown,✅ GOOD,All checks passed.,Skipped - Valid,"JATCO Ltd. is the world's leading CVT transmission manufacturer and electrified powertrain specialist. With global production facilities and 50+ years of innovation, we're expanding into new mobility ... ",BRONZE_WEB,True,False,,
"JDI Display America, Inc.","JDI specializes in display devices and related products. Our services cover planning, design, maintenance, rental, leasing for electrical equipment, electronic devices, software. We also offer informa...",Westgate Hospitality Suites,,,https://www.j-display.com/en/,,,True,Unknown,✅ GOOD,All checks passed.,Re-searched,"JDI specializes in display devices and related products. Our services cover planning, design, maintenance, rental, leasing for electrical equipment, electronic devices, software. We also offer informa... ",BRONZE_WEB,True,False,,
JEAENG,,62833,,,,,,,,,,Re-searched, ,INSUFFICIENT,False,False,,No website found via search
Jellop,"Jellop is the world’s leading digital marketing partner for crowdfunding. Since 2015 we have helped creators raise $1.3B in over 6,000 crowdfunding campaigns. This year Jellop hosts over 50 technology...",60111,,,https://jellop.com/,,,True,Unknown,✅ GOOD,All checks passed.,Re-searched,"Jellop is the world’s leading digital marketing partner for crowdfunding. Since 2015 we have helped creators raise $1.3B in over 6,000 crowdfunding campaigns. This year Jellop hosts over 50 technology... ",BRONZE_WEB,True,False,,
Jetion International Limited,,35812,,,,,,,,,,Re-searched, ,INSUFFICIENT,False,False,,No website found via search
Jetpik USA Inc.,,56547,,,,,,,,,,Re-searched, ,INSUFFICIENT,False,False,,No website found via search
JIANHAN,"Since 2008, we specialize in design high quality products, including usb cable,wireless charger, adapter,hub... We always provide the most popular mobile phone accessories with all the certification...",35328,,,,,,,,,,Re-searched,"Since 2008, we specialize in design high quality products, including usb cable,wireless charger, adapter,hub... We always provide the most popular mobile phone accessories with all the certification... ",COPPER,False,False,,
Jigowatts Inc.,,6279,,,,,,,,,,Re-searched, ,INSUFFICIENT,False,False,,No website found via search
JingHeng TengWei(HuiZhou)Electronic Technology Co.,,35518,,,,,,,,,,Re-searched, ,INSUFFICIENT,False,False,,No website found via search
"JNL Co.,Ltd","JNL Co., Ltd., established in 2005, specializes in functional cosmetics and medical products for skin, obesity, and scalp. Certified by FDA, NMPA, PMDA, and more, JNL exports to 61 countries. We provi...",50017,,,,,,,,,,Re-searched,"JNL Co., Ltd., established in 2005, specializes in functional cosmetics and medical products for skin, obesity, and scalp. Certified by FDA, NMPA, PMDA, and more, JNL exports to 61 countries. We provi... ",COPPER,False,False,,
JobsOhio,,"Murano 3302, Murano 3303, Venetian Palazzo Hospitality Suites",,,,,,,,,,Re-searched, ,INSUFFICIENT,False,False,,No website found via search
John Deere,,4718,,,,,,,,,,Re-searched, ,INSUFFICIENT,False,False,,No website found via search
Jona,,53423,,,,,,,,,,Re-searched, ,INSUFFICIENT,False,False,,No website found via search
JSK Biomed,JSK Biomed is a pioneering biomedical company committed to improving global health and quality of life through innovative medical solutions. As the developer of the world’s very first needle-free inje...,55429,,,,,,,,,,Re-searched,JSK Biomed is a pioneering biomedical company committed to improving global health and quality of life through innovative medical solutions. As the developer of the world’s very first needle-free inje... ,COPPER,False,False,,
JunctionMed,"JunctionMed specializes in senior healthcare. Its product, CareBom, uses voice recognition to record health data and offers personalized reports. It connects families with healthcare providers for com...",50335,,,https://junctionmed.com/junctionmed,,,True,Unknown,⚠️ UNCLEAR,1 keyword(s) found,Re-searched,"JunctionMed specializes in senior healthcare. Its product, CareBom, uses voice recognition to record health data and offers personalized reports. It connects families with healthcare providers for com... ",BRONZE_WEB,True,False,,
Just one Name,"JUST ONE NAME, is just a name. Whatever brand you think it is, it is that brand. Representing freedom and individuality, we are not defined or restricted, always maintaining a love for life.",35617,,,https://just1name.com/,,,True,Unknown,⚠️ UNCLEAR,0 keyword(s) found,Re-searched,"JUST ONE NAME, is just a name. Whatever brand you think it is, it is that brand. Representing freedom and individuality, we are not defined or restricted, always maintaining a love for life. ",BRONZE_WEB,True,False,,
Juvivo,"Juvivo leads in ergonomic and smart furniture, delivering innovation and quality. With 1,115 patents, five factories and 13 U.S. centers, we ensure fast delivery and reliable global logistics.",52639,,,https://www.juvivo.at/,,,True,Unknown,⚠️ UNCLEAR,1 keyword(s) found,Skipped - Valid,"Juvivo leads in ergonomic and smart furniture, delivering innovation and quality. With 1,115 patents, five factories and 13 U.S. centers, we ensure fast delivery and reliable global logistics. ",BRONZE_WEB,True,False,,
KABOB CLOUD INC.,,62201,,,,,,,,,,Re-searched, ,INSUFFICIENT,False,False,,No website found via search
Kaiser,"We are the leading company in consumer electronics and audio equipment in Mexico. We offer over 1,000 products across 15 categories, providing our customers with electronic products with the best pric...",20230,,,,,,,,,,Re-searched,"We are the leading company in consumer electronics and audio equipment in Mexico. We offer over 1,000 products across 15 categories, providing our customers with electronic products with the best pric... ",COPPER,False,False,,
KAIST,,62633,,,,,,,,,,Re-searched, ,INSUFFICIENT,False,False,,No website found via search
Kaito Electronics Inc.,Kaito Electronics has been reinventing emergency radios since 1997. We are ambassadors to NOAA’s Weather Ready Nation and are committed to producing top quality radios that will last a lifetime. Our h...,21640,,,https://kaito.us/,,,True,Unknown,✅ GOOD,All checks passed.,Skipped - Valid,Kaito Electronics has been reinventing emergency radios since 1997. We are ambassadors to NOAA’s Weather Ready Nation and are committed to producing top quality radios that will last a lifetime. Our h... ,BRONZE_WEB,True,False,,
KALMAN,"Robot-based high value-added asset inspection and maintenance services. We provide various special purpose robots for facilities including nuclear power plants, such as radiation data collection, unde...",62833,,,,,,,,,,Re-searched,"Robot-based high value-added asset inspection and maintenance services. We provide various special purpose robots for facilities including nuclear power plants, such as radiation data collection, unde... ",COPPER,False,False,,
Kami Vision Inc.,Kami Vision is an AI services company focused on safety and security solutions that improve the quality of life for people around the world. KamiCare is a Vision AI Fall Management solution for assist...,54418,,,https://kamivision.com/en-us,,,True,Unknown,✅ GOOD,All checks passed.,Skipped - Valid,Kami Vision is an AI services company focused on safety and security solutions that improve the quality of life for people around the world. KamiCare is a Vision AI Fall Management solution for assist... ,BRONZE_WEB,True,False,,
KAON Group,"KAON is a global leader in delivering AI solutions, OTT, network devices and integration solutions to customers worldwide. KAON is committed to becoming a global platform leader by leveraging its in...",Venetian Palazzo Hospitality Suites,,,https://kaon.com/,,,True,Unknown,✅ GOOD,All checks passed.,Skipped - Valid,"KAON is a global leader in delivering AI solutions, OTT, network devices and integration solutions to customers worldwide. KAON is committed to becoming a global platform leader by leveraging its in... ",BRONZE_WEB,True,False,,
KaraFun,,Vdara Hospitality Suites,,,https://www.karafun.com/,,,,,,,Re-searched, ,BRONZE_WEB,True,False,,
Kardome Technology Ltd,,4117,,,,,,,,,,Re-searched, ,INSUFFICIENT,False,False,,No website found via search
KBS VVERTIGO,,62738,,,,,,,,,,Re-searched, ,INSUFFICIENT,False,False,,No website found via search
KDDI Spherience,"KDDI Spherience is part of KDDI Corporation, a Global Fortune 500 & Top 10 Telecom Carrier with 100+ offices around the world. We are connecting several of the world's largest brands in Industrial IoT...",11063,,,https://spherience.io/,,,True,Unknown,✅ GOOD,All checks passed.,Skipped - Valid,"KDDI Spherience is part of KDDI Corporation, a Global Fortune 500 & Top 10 Telecom Carrier with 100+ offices around the world. We are connecting several of the world's largest brands in Industrial IoT... ",BRONZE_WEB,True,False,,
Keesun Holdings Limited,,8676,,,,,,,,,,Re-searched, ,INSUFFICIENT,False,False,,No website found via search
KerQuest,,60711,,,,,,,,,,Re-searched, ,INSUFFICIENT,False,False,,No website found via search
KERV.ai,KERV is an AI-powered video creative technology that creates shoppable and immersive experiences within any video content. Our patented image recognition and product correlation technology drives deep...,"Aria Hospitality Suites, Aria Hospitality Suites 2",,,https://kerv.ai/2025-shoppable-tv-insights/,,,True,Unknown,✅ GOOD,All checks passed.,Skipped - Valid,KERV is an AI-powered video creative technology that creates shoppable and immersive experiences within any video content. Our patented image recognition and product correlation technology drives deep... ,COPPER,False,False,,
Keyence Corporation of America,KEYENCE is a leading technology company that is consistently ranked by Forbes as one of the top 100 most innovative companies in the world. Our RPA software allows end users to automate mundane comput...,11121,,,https://www.keyence.com/,,,True,Unknown,✅ GOOD,All checks passed.,Skipped - Valid,KEYENCE is a leading technology company that is consistently ranked by Forbes as one of the top 100 most innovative companies in the world. Our RPA software allows end users to automate mundane comput... ,COPPER,False,False,,
Kickstarter,"Kickstarter is the leading crowdfunding and launch platform for creative projects of every size. Connect with a global community that shares your interests and values, and bring ideas to life.",60101,,,,,,,,,,Re-searched,"Kickstarter is the leading crowdfunding and launch platform for creative projects of every size. Connect with a global community that shares your interests and values, and bring ideas to life. ",COPPER,False,False,,
Kiekert AG,,51242,,,,,,,,,,Re-searched, ,INSUFFICIENT,False,False,,No website found via search
KingSmith Fitness,"Founded in 2015,KingSmith is the creator of the original WalkingPadTM and an intelligent home fitness pioneer.The company holds 15 patents and has won international design awards including Red Dot,IF ...",55835,,,https://www.kingsmith.com/,,,True,Unknown,✅ GOOD,All checks passed.,Skipped - Valid,"Founded in 2015,KingSmith is the creator of the original WalkingPadTM and an intelligent home fitness pioneer.The company holds 15 patents and has won international design awards including Red Dot,IF ... ",BRONZE_WEB,True,False,,
KLH Audio,,Suite 29-323,,,https://klhaudio.com/,,,,,,,Re-searched, ,BRONZE_WEB,True,False,,
Klyde Limited,,35440,,,,,,,,,,Re-searched, ,INSUFFICIENT,False,False,,No website found via search
"Kneron, Inc.","Based in San Diego. Dedicate to the development of integrated edge AI hardware and software solutions for vehicle, security, and broader AIoT use cases. To empower the proliferation of accessible, low...",9145,,,https://www.kneron.com/,,,True,Unknown,✅ GOOD,All checks passed.,Skipped - Valid,"Based in San Diego. Dedicate to the development of integrated edge AI hardware and software solutions for vehicle, security, and broader AIoT use cases. To empower the proliferation of accessible, low... ",BRONZE_WEB,True,False,,
"Koai Co.,ltd",KOAI CO LTD is a company that has developed a robot that is deployed on the surface to autonomously and efficiently recover contaminants without human intervention. This robot combines contaminant rec...,50363,,,,,,,,,,Re-searched,KOAI CO LTD is a company that has developed a robot that is deployed on the surface to autonomously and efficiently recover contaminants without human intervention. This robot combines contaminant rec... ,COPPER,False,False,,
Kodenshi Corp,"KODENSHI use sensing technology to approach people's lives and lead future technologies. As it searches for sensing technology, KODENSHI will continue to push the boundaries of the future.",51162,,,https://www.kodenshi.co.jp/top/en/,,,True,Unknown,✅ GOOD,All checks passed.,Re-searched,"KODENSHI use sensing technology to approach people's lives and lead future technologies. As it searches for sensing technology, KODENSHI will continue to push the boundaries of the future. ",BRONZE_WEB,True,False,,
Kodgem,,63432,,,,,,,,,,Re-searched, ,INSUFFICIENT,False,False,,No website found via search
Kombu LLC,"KOMBU is an innovative consumer electronics company located in the heart of the tech industry, San Francisco. Specializing in the design and production of modern kitchen appliances and accessories, KO...",60432,,,https://thekombu.com/pages/our-story,,,True,Unknown,✅ GOOD,All checks passed.,Skipped - Valid,"KOMBU is an innovative consumer electronics company located in the heart of the tech industry, San Francisco. Specializing in the design and production of modern kitchen appliances and accessories, KO... ",BRONZE_WEB,True,False,,
KORE Wireless,"KORE is a global leader in IoT solutions and services, helping organizations simplify IoT complexity and achieve better business results. With deep expertise, purpose-built solutions, and agile deploy...",10776,,,https://www.korewireless.com/,,,True,Unknown,✅ GOOD,All checks passed.,Skipped - Valid,"KORE is a global leader in IoT solutions and services, helping organizations simplify IoT complexity and achieve better business results. With deep expertise, purpose-built solutions, and agile deploy... ",BRONZE_WEB,True,False,,
KOREALFP,,50363,,,,,,,,,,Re-searched, ,INSUFFICIENT,False,False,,No website found via search
KoziSense,"Founded in 2003, KoziSense specializes in developing the core components of massage chairs, including 2D, 3D, and 4D mechanisms, foot rollers, and motors. Unlike brands that focus only on appearance, ...",56542,,,,,,,,,,Re-searched,"Founded in 2003, KoziSense specializes in developing the core components of massage chairs, including 2D, 3D, and 4D mechanisms, foot rollers, and motors. Unlike brands that focus only on appearance, ... ",COPPER,False,False,,
KPMG LLP,"KPMG LLP is the U.S. firm of the KPMG global organization of independent professional services firms providing Audit, Tax and Advisory services. We trace our origin back to 1897 and since 1994 have be...",W309,,,https://kpmg.com/xx/en.html,,,True,Unknown,✅ GOOD,All checks passed.,Skipped - Valid,"KPMG LLP is the U.S. firm of the KPMG global organization of independent professional services firms providing Audit, Tax and Advisory services. We trace our origin back to 1897 and since 1994 have be... ",BRONZE_WEB,True,False,,
Krafted,"Krafted - Dare to be different. Enter a new dawn of innovation, where every product is meticulously Krafted, lasting creations that set a new standard in excellence. Stand above the ordinary and join ...",60233,,,https://www.kraftedtech.com/,,,True,Unknown,✅ GOOD,All checks passed.,Re-searched,"Krafted - Dare to be different. Enter a new dawn of innovation, where every product is meticulously Krafted, lasting creations that set a new standard in excellence. Stand above the ordinary and join ... ",BRONZE_WEB,True,False,,
KraftGeek,"KraftGeek specialize in tripod stands to serve all kinds of devices including smartphone, camera, music sheet, easel, projector and projector screen. With two decades' experience in product R&D, plast...",31200,,,https://kraftgeek.com/,,,True,Unknown,✅ GOOD,All checks passed.,Skipped - Valid,"KraftGeek specialize in tripod stands to serve all kinds of devices including smartphone, camera, music sheet, easel, projector and projector screen. With two decades' experience in product R&D, plast... ",BRONZE_WEB,True,False,,
Kroger Precision Marketing,Kroger Precision Marketing is the retail media business of Kroger designed to make brand advertising more effective by closing the loop between media exposure and store sales.,Aria Hospitality Suites,,,https://www.krogerprecisionmarketing.com/,,,True,Unknown,✅ GOOD,All checks passed.,Skipped - Valid,Kroger Precision Marketing is the retail media business of Kroger designed to make brand advertising more effective by closing the loop between media exposure and store sales. ,BRONZE_WEB,True,False,,
Ksmartech,"K-Smartech is a cloud security company that provides security and authentication services for all aspects of connectivity between people and things, as well as between things themselves, in areas such...",50523,,,,,,,,,,Re-searched,"K-Smartech is a cloud security company that provides security and authentication services for all aspects of connectivity between people and things, as well as between things themselves, in areas such... ",COPPER,False,False,,
Kwikset,"Kwikset is the leading residential lock manufacturer, making homeowners feel safe since 1946.The company’s unwavering commitment to meeting homeowners’ needs has inspired its innovative lock portfolio...",Veronese 2501A,,,https://www.kwikset.com/,,,True,Unknown,✅ GOOD,All checks passed.,Skipped - Valid,"Kwikset is the leading residential lock manufacturer, making homeowners feel safe since 1946.The company’s unwavering commitment to meeting homeowners’ needs has inspired its innovative lock portfolio... ",BRONZE_WEB,True,False,,
Kyocera Corporation,"Kyocera Corporation was founded in 1959 as a producer of fine ceramics. By integrating these materials with other technologies, Kyocera has become a leading supplier of industrial and automotive compo...",6501,,,https://global.kyocera.com/,,,True,Unknown,✅ GOOD,All checks passed.,Skipped - Valid,"Kyocera Corporation was founded in 1959 as a producer of fine ceramics. By integrating these materials with other technologies, Kyocera has become a leading supplier of industrial and automotive compo... ",BRONZE_WEB,True,False,,
Kyoden,"Kyoden delivers a complete in-house one stop solution as a comprehensive PCB manufacturer. We handle every stage from design, procurement, production, mounting and assembly at our own facilities. From...",8477,,,https://www.kyoden.co.jp/en/,,,True,Unknown,✅ GOOD,All checks passed.,Re-searched,"Kyoden delivers a complete in-house one stop solution as a comprehensive PCB manufacturer. We handle every stage from design, procurement, production, mounting and assembly at our own facilities. From... ",BRONZE_WEB,True,False,,
Kyungpook National University,-,62653,,,,,,,,,,Re-searched,- ,COPPER,False,False,,
L'AIR,,62201,,,,,,,,,,Re-searched, ,INSUFFICIENT,False,False,,No website found via search
Lablup Inc,Lablup has built a platform that makes it easy to operate and scale AI. We address the challenges of managing and sharing scientific and engineering workloads through a standardized platform. Backend....,9529,,,,,,,,,,Re-searched,Lablup has built a platform that makes it easy to operate and scale AI. We address the challenges of managing and sharing scientific and engineering workloads through a standardized platform. Backend.... ,COPPER,False,False,,
"LatticeWork, Inc.","LatticeWork is a provider of Visual-Sensing Edge AI solutions. Its latest development, VAISense, combines the power of Video Analytic Intelligent Sensing combined with AI. Revitalize old security cam...",8236,,,https://www.latticework.eu/about-us,,,True,Singapore,✅ GOOD,All checks passed.,Skipped - Valid,"LatticeWork is a provider of Visual-Sensing Edge AI solutions. Its latest development, VAISense, combines the power of Video Analytic Intelligent Sensing combined with AI. Revitalize old security cam... ",BRONZE_WEB,True,False,,
Laundrobot corporation,Chronomade design and manufacture martphone accessory inspired by the timeless artistry of horology.,60251,,,https://laundrobot.biz/,,,True,Unknown,✅ GOOD,All checks passed.,Skipped - Valid,Chronomade design and manufacture martphone accessory inspired by the timeless artistry of horology. ,BRONZE_WEB,True,False,,
LBS tech,,50335,,,,,,,,,,Re-searched, ,INSUFFICIENT,False,False,,No website found via search
LeafyPod LLC,"LeafyPod aims to take the guesswork out of everyday houseplant care. Our first product, LeafyPod Planter, is a smart planter with automated watering and status monitoring capabilities. Combining cutti...",60460,,,,,,,,,,Re-searched,"LeafyPod aims to take the guesswork out of everyday houseplant care. Our first product, LeafyPod Planter, is a smart planter with automated watering and status monitoring capabilities. Combining cutti... ",COPPER,False,False,,
Legalicity (D.b.a NLPatent),,50755,,,,,,,,,,Re-searched, ,INSUFFICIENT,False,False,,No website found via search
"LEGO System, OLA","The LEGO Group’s mission is to inspire and develop the builders of tomorrow through the power of play. The LEGO System in Play, with its foundation in LEGO bricks, allows children and fans to build an...",N249,,,,,,,,,,Re-searched,"The LEGO Group’s mission is to inspire and develop the builders of tomorrow through the power of play. The LEGO System in Play, with its foundation in LEGO bricks, allows children and fans to build an... ",COPPER,False,False,,
Leia Inc.,Leia Inc. combines advanced optics and intelligent software to deliver Immersity on any device—today. LeiaSR transforms displays into 2D|3D switchable screens; Immersity AI converts 2D content into 3D...,Wynn Encore Hospitality Suites,,,https://www.leiainc.com/,,,True,Unknown,✅ GOOD,All checks passed.,Skipped - Valid,Leia Inc. combines advanced optics and intelligent software to deliver Immersity on any device—today. LeiaSR transforms displays into 2D|3D switchable screens; Immersity AI converts 2D content into 3D... ,BRONZE_WEB,True,False,,
Lenovo,,"Bassano 2601, Bassano 2704, Bassano 2706 + 24 more",,,https://www.lenovo.com/us/en/events/techworld/,,,,,,,Re-searched, ,INSUFFICIENT,False,False,,No website found via search
LEO Flight Corporation,"LEO Flight is transforming personal air mobility with compact eVTOL vehicles combining sleek design and electric jet technology. Offering high speed, safety, and everyday usability, LEO Flight brings ...",3149,,,https://www.leoflight.com/,,,True,Unknown,✅ GOOD,All checks passed.,Skipped - Valid,"LEO Flight is transforming personal air mobility with compact eVTOL vehicles combining sleek design and electric jet technology. Offering high speed, safety, and everyday usability, LEO Flight brings ... ",BRONZE_WEB,True,False,,
Leoguar Bikes,"Leoguar bikes is committed to providing efficient, eco-friendly, and stylish transportation solutions, reflecting our deep respect for the wisdom of Native American culture and our forward-looking vis...",10845,,,https://leoguarbikes.com/,,,True,Unknown,✅ GOOD,All checks passed.,Skipped - Valid,"Leoguar bikes is committed to providing efficient, eco-friendly, and stylish transportation solutions, reflecting our deep respect for the wisdom of Native American culture and our forward-looking vis... ",BRONZE_WEB,True,False,,
Leopard Imaging,"Leopard Imaging, headquartered in Silicon Valley and founded in 2008, leads the world in AI vision innovation — advancing computational imaging performance in autonomous machineries, smart drones, AI-...",9468,,,,,,,,,,Re-searched,"Leopard Imaging, headquartered in Silicon Valley and founded in 2008, leads the world in AI vision innovation — advancing computational imaging performance in autonomous machineries, smart drones, AI-... ",COPPER,False,False,,
Lepro Innovation Inc.,"Lepro is a pioneer and leader in AI lighting across the globe. With over 30 million satisfied users, we continue to redefine the way people experience AI-powered home decoration.",53552,,,,,,,,,,Re-searched,"Lepro is a pioneer and leader in AI lighting across the globe. With over 30 million satisfied users, we continue to redefine the way people experience AI-powered home decoration. ",COPPER,False,False,,
Lesli International Pte. Ltd,"We specialize in creating and producing cutting-edge clothes dryers. Introducing our latest innovation, the Effidry S3 – the fastest clothes dryer on the market, capable of drying a load in just 9 min...",31451,,,https://lesli.sg/,,,True,Singapore,✅ GOOD,All checks passed.,Re-searched,"We specialize in creating and producing cutting-edge clothes dryers. Introducing our latest innovation, the Effidry S3 – the fastest clothes dryer on the market, capable of drying a load in just 9 min... ",BRONZE_WEB,True,False,,
Lexar Enterprise,,Suite 29-104,,,,,,,,,,Re-searched, ,INSUFFICIENT,False,False,,No website found via search
Lexar International,"Founded in 1996, Lexar was built on a foundation of innovation with the goal of creating world-class data storage and memory solutions. We are committed to delivering high-performance products that se...",20234,,,https://www.lexar.com/global/,,,True,Unknown,✅ GOOD,All checks passed.,Skipped - Valid,"Founded in 1996, Lexar was built on a foundation of innovation with the goal of creating world-class data storage and memory solutions. We are committed to delivering high-performance products that se... ",COPPER,False,False,,
Lexibook America Inc.,"Lexibook America Inc. specializes in educational and leisure electronics. It designs and markets a wide range of products, particularly educational toys for children. Lexibook America Inc. especially ...",56555,,,,,,,,,,Re-searched,"Lexibook America Inc. specializes in educational and leisure electronics. It designs and markets a wide range of products, particularly educational toys for children. Lexibook America Inc. especially ... ",COPPER,False,False,,
LexisNexis Risk Solutions Inc.,,Aria Hospitality Suites,,,,,,,,,,Re-searched, ,INSUFFICIENT,False,False,,No website found via search
LeydenJar,"LeydenJar’s pure silicon anodes set a world record in energy density at 1350 Wh/L. This breakthrough powers wearables, smartphones, and laptops with longer battery life, faster charging, and continuou...",62100,,,,,,,,,,Re-searched,"LeydenJar’s pure silicon anodes set a world record in energy density at 1350 Wh/L. This breakthrough powers wearables, smartphones, and laptops with longer battery life, faster charging, and continuou... ",COPPER,False,False,,
LG Display,,3840,,,,,,,,,,Re-searched, ,INSUFFICIENT,False,False,,No website found via search
LG Electronics,"LG Electronics is a global innovator in technology and consumer electronics with a presence in almost every country and an international workforce of more than 75,000. LG’s four companies – Home Appli...","15004, C201",,,,,,,,,,Re-searched,"LG Electronics is a global innovator in technology and consumer electronics with a presence in almost every country and an international workforce of more than 75,000. LG’s four companies – Home Appli... ",COPPER,False,False,,
LG Electronics MS Company,,"Fontainebleau Hospitality Suites, Fontainebleau Hospitality Suites 2, Fontainebleau Hospitality Suites 3",,,,,,,,,,Re-searched, ,INSUFFICIENT,False,False,,No website found via search
LG Electronics VS Company,,"N237, N239, N240 + 2 more",,,,,,,,,,Re-searched, ,INSUFFICIENT,False,False,,No website found via search
LG HE MS,,C202,,,,,,,,,,Re-searched, ,INSUFFICIENT,False,False,,No website found via search
LG NOVA Zenith Electronics LLC,"LG NOVA, the North American Innovation Center for global innovation leader LG Electronics, is a team focused on bringing innovation from the outside to LG. The center's mission is to fuel innovation f...",60301,,,,,,,,,,Re-searched,"LG NOVA, the North American Innovation Center for global innovation leader LG Electronics, is a team focused on bringing innovation from the outside to LG. The center's mission is to fuel innovation f... ",COPPER,False,False,,
LifeSmart,"Found in 2013, LifeSmart has become the global market's top smart home solution provider, helping more than 4 million users in over 100 countries to achieve smart homes and smart living spaces and liv...",51719,,,http://global.ilifesmart.com/,,,True,Unknown,✅ GOOD,All checks passed.,Re-searched,"Found in 2013, LifeSmart has become the global market's top smart home solution provider, helping more than 4 million users in over 100 countries to achieve smart homes and smart living spaces and liv... ",BRONZE_WEB,True,False,,
"Lifeworks Technology Group, LLC","WHO WE ARE Lifeworks is a global designer and manufacturer of technology, sports, fitness, and automotive consumer products. We focus on all aspects of the product success lifecycle, from concept to...",Venetian Palazzo Hospitality Suites,,,,,,,,,,Re-searched,"WHO WE ARE Lifeworks is a global designer and manufacturer of technology, sports, fitness, and automotive consumer products. We focus on all aspects of the product success lifecycle, from concept to... ",COPPER,False,False,,
Lifizz inc,,61445,,,,,,,,,,Re-searched, ,INSUFFICIENT,False,False,,No website found via search
LIGHT MOMENTUM TECHNOLOGY CORP.,,62201,,,,,,,,,,Re-searched, ,INSUFFICIENT,False,False,,No website found via search
Lighthouse Tech Sagl.,,51239,,,,,,,,,,Re-searched, ,INSUFFICIENT,False,False,,No website found via search
"Lightic Technologies USA, Inc.",,4558,,,,,,,,,,Re-searched, ,INSUFFICIENT,False,False,,No website found via search
Lightware Visual Engineering Plc,,50359,,,,,,,,,,Re-searched, ,INSUFFICIENT,False,False,,No website found via search
Lightwheel,"Lightwheel is a global leader in synthetic data solutions, leveraging generative AI and simulation technologies to create high-quality, physically accurate, and highly generalizable 3D data for intera...",10249,,,https://lightwheelrecruit.com/,,,True,Unknown,✅ GOOD,All checks passed.,Re-searched,"Lightwheel is a global leader in synthetic data solutions, leveraging generative AI and simulation technologies to create high-quality, physically accurate, and highly generalizable 3D data for intera... ",BRONZE_WEB,True,False,,
Liion Power,"CES Innovation Award winning Battery Life Extender—patent-pending technology to Plug&Play between your charger and devices for smarter charging, improving battery lifespan by as much as 50%. Ready to ...",62100,,,,,,,,,,Re-searched,"CES Innovation Award winning Battery Life Extender—patent-pending technology to Plug&Play between your charger and devices for smarter charging, improving battery lifespan by as much as 50%. Ready to ... ",COPPER,False,False,,
Lilliput Electronics (USA) Inc.,"Established in 2003 in California, Lilliput initially produced LCD monitors for computers and cameras, and later expanded to embedded panel PC, rugged tablets and displays for transportation & logisti...",20644,,,https://lilliputweb.net/,,,True,Unknown,✅ GOOD,All checks passed.,Re-searched,"Established in 2003 in California, Lilliput initially produced LCD monitors for computers and cameras, and later expanded to embedded panel PC, rugged tablets and displays for transportation & logisti... ",BRONZE_WEB,True,False,,
Linagora,,60401,,,,,,,,,,Re-searched, ,INSUFFICIENT,False,False,,No website found via search
Lingify,,63432,,,,,,,,,,Re-searched, ,INSUFFICIENT,False,False,,No website found via search
Lintek Group LLC,"Lintek is a trusted manufacturer and supplier of innovative electronics, offering cellular chargers, cables, power banks, fans, computer adapters, and more. We provide reliable, high-quality products ...",35411,,,,,,,,,,Re-searched,"Lintek is a trusted manufacturer and supplier of innovative electronics, offering cellular chargers, cables, power banks, fans, computer adapters, and more. We provide reliable, high-quality products ... ",COPPER,False,False,,
LiPro Vision Inc.,,62201,,,,,,,,,,Re-searched, ,INSUFFICIENT,False,False,,No website found via search
LIPS Corporation,"LIPS focuses on innovation and trust, establishing itself as a leader in advanced 3D sensing and Edge-AI integration. It offers comprehensive Spatial Intelligence Machine Vision solutions to drive ind...",Suite 29-217,,,,,,,,,,Re-searched,"LIPS focuses on innovation and trust, establishing itself as a leader in advanced 3D sensing and Edge-AI integration. It offers comprehensive Spatial Intelligence Machine Vision solutions to drive ind... ",COPPER,False,False,,
LITBIG INC.,"LITBIG Inc. is a leading innovator in advanced embedded systems for automotive safety and entertainment. Specializing in AI and camera vision technologies, we develop Vision ADAS solutions for enhan...",50017,,,,,,,,,,Re-searched,"LITBIG Inc. is a leading innovator in advanced embedded systems for automotive safety and entertainment. Specializing in AI and camera vision technologies, we develop Vision ADAS solutions for enhan... ",COPPER,False,False,,
Litheli,,30307,,,,,,,,,,Re-searched, ,INSUFFICIENT,False,False,,No website found via search
Livall IoT Technology. Inc,LIVALL was established in 2014 and released the world's first smart sports cycling helmet in February 2015. This full-feature helmet was equipped with genuinely smart features that make the rider safe...,10723,,,https://livall.com/,,,True,Unknown,✅ GOOD,All checks passed.,Re-searched,LIVALL was established in 2014 and released the world's first smart sports cycling helmet in February 2015. This full-feature helmet was equipped with genuinely smart features that make the rider safe... ,BRONZE_WEB,True,False,,
Live Vendor,"Transform your website and in-store brand corners into business hubs! With the Live Vendor action button, customers ask questions with one click, connecting instantly to your sales reps via live vide...",60711,,,,,,,,,,Re-searched,"Transform your website and in-store brand corners into business hubs! With the Live Vendor action button, customers ask questions with one click, connecting instantly to your sales reps via live vide... ",COPPER,False,False,,
LM3D,,62201,,,,,,,,,,Re-searched, ,INSUFFICIENT,False,False,,No website found via search
Locofy Pte. Ptd.,Locofy.ai accelerates frontend development by converting web and mobile app designs into frontend code in 1-click using LocoAI. It leverages its proprietary foundational Large Design Models to help la...,9379,,,,,,,,,,Re-searched,Locofy.ai accelerates frontend development by converting web and mobile app designs into frontend code in 1-click using LocoAI. It leverages its proprietary foundational Large Design Models to help la... ,COPPER,False,False,,
Logitech Inc.,"Logitech designs software-enabled hardware solutions that help businesses thrive and bring people together when working, creating and gaming. As the point of connection between people and the digital ...","San Polo 3506, Toscana 3802",,,https://www.logitech.com/en-us/software,,,True,Unknown,✅ GOOD,All checks passed.,Re-searched,"Logitech designs software-enabled hardware solutions that help businesses thrive and bring people together when working, creating and gaming. As the point of connection between people and the digital ... ",BRONZE_WEB,True,False,,
Lon:H Ltd,Lon:HUB Next Level Charging And Connectivity. Your Docking Station | Your Charger Hub | Your Power Strip | Your Cable Organizer - All in one,35415,,,,,,,,,,Re-searched,Lon:HUB Next Level Charging And Connectivity. Your Docking Station | Your Charger Hub | Your Power Strip | Your Cable Organizer - All in one ,COPPER,False,False,,
Longan Vision,"Longan Vision creates AR and AI-powered smart visors for firefighting and industrial operations. The Fusion Vision System (FVS) combines thermal imaging, live communication, and data visualization to ...",50755,,,,,,,,,,Re-searched,"Longan Vision creates AR and AI-powered smart visors for firefighting and industrial operations. The Fusion Vision System (FVS) combines thermal imaging, live communication, and data visualization to ... ",COPPER,False,False,,
Longcheer Technology (U.S.) Limited,,Venetian Palazzo Hospitality Suites,,,,,,,,,,Re-searched, ,INSUFFICIENT,False,False,,No website found via search
LoRa Alliance,"The LoRa Alliance® is a global, open, non-profit association dedicated to advancing the LoRaWAN® standard. Since 2015, it has become one of the largest and fastest-growing technology alliances, unitin...",10349,,,https://blog.lora-alliance.org/what-is-lorawan,,,False,Unknown,❌ WRONG,Junk domain,Re-searched,"The LoRa Alliance® is a global, open, non-profit association dedicated to advancing the LoRaWAN® standard. Since 2015, it has become one of the largest and fastest-growing technology alliances, unitin... ",BRONZE_WEB,True,False,,
LowMesh LLC,"Portable, Meshtastic-compatible hardware designed for secure, off-grid communication. Utilizing open source , the hardware enables long-range, encrypted messaging fully independent of cellular network...",60644,,,,,,,,,,Re-searched,"Portable, Meshtastic-compatible hardware designed for secure, off-grid communication. Utilizing open source , the hardware enables long-range, encrypted messaging fully independent of cellular network... ",COPPER,False,False,,
Luchrome,"Luchrome is an unique manufacturer of new type of E-Paper display. Based on a flexible substrate, this display is the most-energy efficient and cost-effective available on the market. This product is...",60412,,,https://www.luchrome.com/en,,,True,Unknown,✅ GOOD,All checks passed.,Re-searched,"Luchrome is an unique manufacturer of new type of E-Paper display. Based on a flexible substrate, this display is the most-energy efficient and cost-effective available on the market. This product is... ",BRONZE_WEB,True,False,,
Lulocode,,60711,,,,,,,,,,Re-searched, ,INSUFFICIENT,False,False,,No website found via search
Luminoah,,60509,,,,,,,,,,Re-searched, ,INSUFFICIENT,False,False,,No website found via search
Luminus Devices,"Luminus Devices develops and markets solid-state lighting solutions (SSL), lasers, and power products to help its customers migrate from conventional technologies to long-life and energy-efficient LED...",Westgate Hospitality Suites,,,https://www.luminus.com/,,,True,Unknown,✅ GOOD,All checks passed.,Re-searched,"Luminus Devices develops and markets solid-state lighting solutions (SSL), lasers, and power products to help its customers migrate from conventional technologies to long-life and energy-efficient LED... ",BRONZE_WEB,True,False,,
lumos infinitas USA inc,,8079,,,https://www.lumoslearning.com/llwp/resources/access-lumos-tedbook-online-workbooks.html,,,,,,,Re-searched, ,INSUFFICIENT,False,False,,No website found via search
"Lumotive, Inc.",Lumotive is pioneering the era of programmable optics — where light is controlled as intelligently and flexibly as software. Our Light Control Metasurface (LCM™) transforms photonics into a digital pl...,Westgate Hospitality Suites,,,,,,,,,,Re-searched,Lumotive is pioneering the era of programmable optics — where light is controlled as intelligently and flexibly as software. Our Light Control Metasurface (LCM™) transforms photonics into a digital pl... ,COPPER,False,False,,
LUUM Lash,LUUM is a revolutionary beauty company transforming a highly addictive beauty service — eyelash extensions. LUUM’s award-winning AI-powered robotic technology enables our lash artists to deliver stunn...,60665,,,https://www.luumlash.com/,,,True,Unknown,✅ GOOD,All checks passed.,Re-searched,LUUM is a revolutionary beauty company transforming a highly addictive beauty service — eyelash extensions. LUUM’s award-winning AI-powered robotic technology enables our lash artists to deliver stunn... ,BRONZE_WEB,True,False,,
"Luxoft USA, Inc.","DXC Technology helps the world’s most innovative organizations flourish in this era of AI, delivering services and solutions that customers depend on. Our engineering, consulting and technology expert...",5175,,,https://www.luxoft.com/about-us,,,True,Unknown,✅ GOOD,All checks passed.,Re-searched,"DXC Technology helps the world’s most innovative organizations flourish in this era of AI, delivering services and solutions that customers depend on. Our engineering, consulting and technology expert... ",BRONZE_WEB,True,False,,
Luya Tech Inc.,"Luya is the world’s first AI microgreen grower(hardware+pre-seeded tray )that learns your taste and grows personalized nutrition for every family.Our three patent-pending AIs — SenseTaste™ for flavor,...",62039,,,,,,,,,,Re-searched,"Luya is the world’s first AI microgreen grower(hardware+pre-seeded tray )that learns your taste and grows personalized nutrition for every family.Our three patent-pending AIs — SenseTaste™ for flavor,... ",COPPER,False,False,,
LV Energy,"CES Innovation Award winning & Patented method of Electric Energy Harvesting from Ambient Sound as major next step in Sustainable & high ROI energy Production that is Non-intermittent, Outperforms any...",62100,,,,,,,,,,Re-searched,"CES Innovation Award winning & Patented method of Electric Energy Harvesting from Ambient Sound as major next step in Sustainable & high ROI energy Production that is Non-intermittent, Outperforms any... ",COPPER,False,False,,
LY iTech,,11014,,,,,,,,,,Re-searched, ,INSUFFICIENT,False,False,,No website found via search
"Lymow Trade Co., Limited",,56351,,,,,,,,,,Re-searched, ,INSUFFICIENT,False,False,,No website found via search
Lyndtron USA Inc.,"Lyndtron USA Inc. is headquartered in Canada.It focuses on the research and development,production,sales and service of consumer and enterprise storage products,and is committed to becoming a global o...",31539,,,,,,,,,,Re-searched,"Lyndtron USA Inc. is headquartered in Canada.It focuses on the research and development,production,sales and service of consumer and enterprise storage products,and is committed to becoming a global o... ",COPPER,False,False,,
Lyte AI,,Westgate Hospitality Suites,,,,,,,,,,Re-searched, ,INSUFFICIENT,False,False,,No website found via search
Lyten,"Visit Lyten at CES Booth #10234 in North Hall! Come feel the weight difference of our lightweight Lithium-Sulfur batteries. With a localized supply chain, Lyten batteries ensure greater industrial sec...",7419,,,https://lyten.com/,,,True,Unknown,✅ GOOD,All checks passed.,Re-searched,"Visit Lyten at CES Booth #10234 in North Hall! Come feel the weight difference of our lightweight Lithium-Sulfur batteries. With a localized supply chain, Lyten batteries ensure greater industrial sec... ",BRONZE_WEB,True,False,,
"Macnica, Inc.","Macnica drives innovation by leveraging global technologies to create groundbreaking solutions. We showcase advanced mobility solutions like real-time remote operations, cutting-edge data platforms, h...",Suite 29-120,,,https://www.macnica.co.jp/en/company/,,,True,Unknown,✅ GOOD,All checks passed.,Re-searched,"Macnica drives innovation by leveraging global technologies to create groundbreaking solutions. We showcase advanced mobility solutions like real-time remote operations, cutting-edge data platforms, h... ",BRONZE_WEB,True,False,,
MacPaw Inc.,"MacPaw is a global software development company building a digital ecosystem for Mac users, renowned for its flagship products CleanMyMac and Setapp. Now leading the shift into Software 3.0, MacPaw is...",9628,,,https://macpaw.com/,,,True,Unknown,✅ GOOD,All checks passed.,Re-searched,"MacPaw is a global software development company building a digital ecosystem for Mac users, renowned for its flagship products CleanMyMac and Setapp. Now leading the shift into Software 3.0, MacPaw is... ",BRONZE_WEB,True,False,,
"Macronix America, Inc.","Macronix, a leading integrated device manufacturer for Non-Volatile Memory, provides a full range of NOR & NAND Flash devices for code storage applications. With world-class R&D and manufacturing, Mac...","Suite 29-227, Suite 29-229, Suite 29-231",,,https://www.macronix.com/,,,True,Unknown,✅ GOOD,All checks passed.,Re-searched,"Macronix, a leading integrated device manufacturer for Non-Volatile Memory, provides a full range of NOR & NAND Flash devices for code storage applications. With world-class R&D and manufacturing, Mac... ",BRONZE_WEB,True,False,,
Mad Catz Global Limited,"Mad Catz has been a leading manufacturer of gaming hardware for over 30 years. With an extensive lineup of customizable and personalized gaming gear, we aim to enhance the natural talents of gamers to...",Suite 29-118,,,,,,,,,,Re-searched,"Mad Catz has been a leading manufacturer of gaming hardware for over 30 years. With an extensive lineup of customizable and personalized gaming gear, we aim to enhance the natural talents of gamers to... ",COPPER,False,False,,
"Madhive, Inc.",Madhive is the leading independent and fully customizable ad platform built to help local media professionals reach their audiences by enabling more efficient and impactful CTV buys. Powering campaign...,Aria Hospitality Suites,,,,,,,,,,Re-searched,Madhive is the leading independent and fully customizable ad platform built to help local media professionals reach their audiences by enabling more efficient and impactful CTV buys. Powering campaign... ,COPPER,False,False,,
Magenta Technology International limited,,35829,,,,,,,,,,Re-searched, ,INSUFFICIENT,False,False,,No website found via search
"Magic Leap, Inc.","Magic Leap creates the most immersive AR technology on the market, allowing professionals to interact with enterprise AR solutions integrated in their real workplace in real time.",Venetian Palazzo Hospitality Suites,,,,,,,,,,Re-searched,"Magic Leap creates the most immersive AR technology on the market, allowing professionals to interact with enterprise AR solutions integrated in their real workplace in real time. ",COPPER,False,False,,
MagitiQ,"MagitiQ is a breakthrough 0.5″ × 0.5″ × 0.5″ smart module that clips onto any pair of glasses, transforming them into an augmented-reality display. It projects real-time insights exactly where you’re ...",60433,,,,,,,,,,Re-searched,"MagitiQ is a breakthrough 0.5″ × 0.5″ × 0.5″ smart module that clips onto any pair of glasses, transforming them into an augmented-reality display. It projects real-time insights exactly where you’re ... ",COPPER,False,False,,
Magna Electronics,,DL-104,,,,,,,,,,Re-searched, ,INSUFFICIENT,False,False,,No website found via search
Mago,,61107,,,,,,,,,,Re-searched, ,INSUFFICIENT,False,False,,No website found via search
Makesense Technology Inc.,,61251,,,,,,,,,,Re-searched, ,INSUFFICIENT,False,False,,No website found via search
Malico Inc.,,8106,,,,,,,,,,Re-searched, ,INSUFFICIENT,False,False,,No website found via search
Maltani Corp.,,9640,,,,,,,,,,Re-searched, ,INSUFFICIENT,False,False,,No website found via search
MantiSpectra BV,"MantiSpectra manufactures ChipSense™, a miniaturized, solid-state, near-infrared (NIR) multi-channel spectral sensing IC. ChipSense™ enables real-time, low-cost, contactless and non-destructive materi...",62100,,,https://mantispectra.com/,,,True,Unknown,✅ GOOD,All checks passed.,Re-searched,"MantiSpectra manufactures ChipSense™, a miniaturized, solid-state, near-infrared (NIR) multi-channel spectral sensing IC. ChipSense™ enables real-time, low-cost, contactless and non-destructive materi... ",BRONZE_WEB,True,False,,
Mapbox,"Mapbox is the location technology platform that powers billions of map, navigation, and search experiences worldwide. Trusted by developers, automakers, and enterprises, Mapbox delivers flexible, high...","Bassano 2805, Bassano 2806",,,,,,,,,,Re-searched,"Mapbox is the location technology platform that powers billions of map, navigation, and search experiences worldwide. Trusted by developers, automakers, and enterprises, Mapbox delivers flexible, high... ",COPPER,False,False,,
Mapfirst.ai,"Mapfirst.ai is a mapfirst monetization platform, that helps content creators turn their maps into revenue. Instead of paying for maps with providers like Google, use mapfirst and deliver a better AI e...",61034,,,,,,,,,,Re-searched,"Mapfirst.ai is a mapfirst monetization platform, that helps content creators turn their maps into revenue. Instead of paying for maps with providers like Google, use mapfirst and deliver a better AI e... ",COPPER,False,False,,
Marine Drone Tech Inc.,"Marine Drone Tech Co., Ltd. develops next-generation drone solutions that connect sea and land through sustainable technology. Since launching marine delivery services in 2021, our drones have flown g...",50363,,,https://www.marines.mil/,,,True,Unknown,✅ GOOD,All checks passed.,Re-searched,"Marine Drone Tech Co., Ltd. develops next-generation drone solutions that connect sea and land through sustainable technology. Since launching marine delivery services in 2021, our drones have flown g... ",COPPER,False,False,,
Marketon Inc.,,62738,,,,,,,,,,Re-searched, ,INSUFFICIENT,False,False,,No website found via search
Mars International,Printed circuit board assembly with both domestic and off-shore manufacturing options. Full product design capabilities with expertise in IoT integration. Capable of handling low to high volume manu...,52608,,,https://www.marsint.com/,,,True,Unknown,✅ GOOD,All checks passed.,Re-searched,Printed circuit board assembly with both domestic and off-shore manufacturing options. Full product design capabilities with expertise in IoT integration. Capable of handling low to high volume manu... ,BRONZE_WEB,True,False,,
"Mars, Inc",,Copperleaf 11,,,https://mars.nasa.gov/,,,,,,,Re-searched, ,BRONZE_WEB,True,False,,
MartianTec,We envision that rapid technological advancements will one day lead us to Mars. This is why we founded Martiantec – a company dedicated to turning futuristic ideas into reality. We are focused on comp...,31702,,,https://martiantec.com/,,,True,Unknown,⚠️ UNCLEAR,Name not in content; 0 keyword(s) found,Re-searched,We envision that rapid technological advancements will one day lead us to Mars. This is why we founded Martiantec – a company dedicated to turning futuristic ideas into reality. We are focused on comp... ,BRONZE_WEB,True,False,,
Marvell Technology Inc.,"Marvell delivers data infrastructure semiconductor solutions that move, process, store and secure the world’s data. Today, we’re at the heart of the AI and cloud revolution, providing the high-perform...","Lido 3101A, Lido 3101B",,,https://www.marvell.com/,,,True,Unknown,✅ GOOD,All checks passed.,Re-searched,"Marvell delivers data infrastructure semiconductor solutions that move, process, store and secure the world’s data. Today, we’re at the heart of the AI and cloud revolution, providing the high-perform... ",BRONZE_WEB,True,False,,
Marvo USA Co.,,31723,,,,,,,,,,Re-searched, ,INSUFFICIENT,False,False,,No website found via search
"MATELASER,Inc",,56549,,,,,,,,,,Re-searched, ,INSUFFICIENT,False,False,,No website found via search
MAUM.AI Inc.,"MaumAI is an AI platform company that revolutionizes the way AI is used. As a generative AI platform consisting of 28 modules, maum.ai provides an end-to-end platform to customize, improve, and enha...",9063,,,,,,,,,,Re-searched,"MaumAI is an AI platform company that revolutionizes the way AI is used. As a generative AI platform consisting of 28 modules, maum.ai provides an end-to-end platform to customize, improve, and enha... ",COPPER,False,False,,
MAVIOS AVIATION,"MAVIOS Aviation provides AI-powered intelligent UAVs systems and renewable energy-supported autonomous drone charging station solutions that seamlessly integrate with these systems. In today’s world, ...",63432,,,,,,,,,,Re-searched,"MAVIOS Aviation provides AI-powered intelligent UAVs systems and renewable energy-supported autonomous drone charging station solutions that seamlessly integrate with these systems. In today’s world, ... ",COPPER,False,False,,
"MaxLinear, Inc.","MaxLinear (NASDAQ: MXL) specializes in high-performance semiconductors that drive global connectivity, 5G wireless infrastructure, 10Gbit in-home connectivity, and technology that powers IoT. At CES,...","Venetian Palazzo Hospitality Suites, Venetian Palazzo Hospitality Suites 2, Venetian Palazzo Hospitality Suites 3",,,https://investors.maxlinear.com/,,,True,Unknown,✅ GOOD,All checks passed.,Re-searched,"MaxLinear (NASDAQ: MXL) specializes in high-performance semiconductors that drive global connectivity, 5G wireless infrastructure, 10Gbit in-home connectivity, and technology that powers IoT. At CES,... ",BRONZE_WEB,True,False,,
"Maytronics US, Inc.",,Suite 29-219,,,,,,,,,,Re-searched, ,INSUFFICIENT,False,False,,No website found via search
McAfee,,"Galileo 901 4-7, Galileo 902 4-7, Galileo 903 4-7 + 3 more",,,,,,,,,,Re-searched, ,INSUFFICIENT,False,False,,No website found via search
"McAfee, LLC","McAfee is a worldwide leader in online protection. We’re focused on protecting people, not devices. Our solutions adapt to our customers’ needs and empower them to confidently experience life online t...","Venetian Palazzo Hospitality Suites, Venetian Palazzo Hospitality Suites 2, Venetian Palazzo Hospitality Suites 3",,,,,,,,,,Re-searched,"McAfee is a worldwide leader in online protection. We’re focused on protecting people, not devices. Our solutions adapt to our customers’ needs and empower them to confidently experience life online t... ",COPPER,False,False,,
McKinsey & Company,,W321,,,https://www.mckinsey.com/,,,,,,,Re-searched, ,INSUFFICIENT,False,False,,No website found via search
MCY Technology Limited,"Over 3, 000 square meters factory, employing over 100 staff, including 20+ engineers with over 20 years experience in automobile industry, along with the latest manufacturing&testing equipment, MCY ha...",10142,,,,,,,,,,Re-searched,"Over 3, 000 square meters factory, employing over 100 staff, including 20+ engineers with over 20 years experience in automobile industry, along with the latest manufacturing&testing equipment, MCY ha... ",COPPER,False,False,,
Medicell Healthcare,,50523,,,,,,,,,,Re-searched, ,INSUFFICIENT,False,False,,No website found via search
Medpro,,54603,,,,,,,,,,Re-searched, ,INSUFFICIENT,False,False,,No website found via search
MedVision Ltd,,63200,,,,,,,,,,Re-searched, ,INSUFFICIENT,False,False,,No website found via search
MEERAI.IO,"Meerai uses AI to make second-hand as seamless as e-commerce. After launching our MVP in the French manga market, we grew 5x faster than today’s unicorns. Now raising our first round to scale our team...",60711,,,https://meerai.io/,,,True,Unknown,✅ GOOD,All checks passed.,Re-searched,"Meerai uses AI to make second-hand as seamless as e-commerce. After launching our MVP in the French manga market, we grew 5x faster than today’s unicorns. Now raising our first round to scale our team... ",BRONZE_WEB,True,False,,
Mega System Technologies Inc.,Our Core Offerings: + Patented Self-Healing Power Reboot + Remote Power Control + Free APP & Cloud Services for Consumers + Dedicated Cloud Solutions for Businesses Full in-house expertise acro...,31151,,,https://www.megasystemsinc.com/,,,True,Unknown,⚠️ UNCLEAR,0 keyword(s) found,Re-searched,Our Core Offerings: + Patented Self-Healing Power Reboot + Remote Power Control + Free APP & Cloud Services for Consumers + Dedicated Cloud Solutions for Businesses Full in-house expertise acro... ,BRONZE_WEB,True,False,,
"Memfault, Inc.","Memfault is a leading embedded device observability platform that empowers teams to build better IoT products, faster. Its off-the-shelf solution is specifically designed for bandwidth-constrained dev...",Suite 29-223,,,https://memfault.com/,,,True,Unknown,✅ GOOD,All checks passed.,Re-searched,"Memfault is a leading embedded device observability platform that empowers teams to build better IoT products, faster. Its off-the-shelf solution is specifically designed for bandwidth-constrained dev... ",COPPER,False,False,,
Memorence AI,,62201,,,,,,,,,,Re-searched, ,INSUFFICIENT,False,False,,No website found via search
MemryX,MemryX CES Palazzo Suite is 50-819. All CES attendees are welcome. MemryX Inc. is a fabless semiconductor company that designs edge AI processing solutions powered by a proprietary compute-at-memory...,Venetian Palazzo Hospitality Suites,,,https://memryx.com/,,,True,Unknown,✅ GOOD,All checks passed.,Re-searched,MemryX CES Palazzo Suite is 50-819. All CES attendees are welcome. MemryX Inc. is a fabless semiconductor company that designs edge AI processing solutions powered by a proprietary compute-at-memory... ,BRONZE_WEB,True,False,,
"Mentagraph, Inc.","MENTAGRAPH Inc. was born from Japan Tobacco Inc.'s corporate R&D organization “D-LAB.” We develop the Mental Battery Service, which leads to a “mental care revolution” through the visualization of str...",55433,,,https://www.mentagraph.com/,,,True,Unknown,✅ GOOD,All checks passed.,Re-searched,"MENTAGRAPH Inc. was born from Japan Tobacco Inc.'s corporate R&D organization “D-LAB.” We develop the Mental Battery Service, which leads to a “mental care revolution” through the visualization of str... ",BRONZE_WEB,True,False,,
MERIHAND Inc.,,50335,,,,,,,,,,Re-searched, ,INSUFFICIENT,False,False,,No website found via search
Merlyn Motors,"Merlyn develops products and services tailored to urban mobility, utilizing a car-as-a-service business model as an alternative to individual car ownership. Merlyn currently develops its electric micr...",63432,,,,,,,,,,Re-searched,"Merlyn develops products and services tailored to urban mobility, utilizing a car-as-a-service business model as an alternative to individual car ownership. Merlyn currently develops its electric micr... ",COPPER,False,False,,
Meta,,"La Tache, Lafleur, Margaux + 1 more",,,,,,,,,,Re-searched, ,INSUFFICIENT,False,False,,No website found via search
Metavista3D Inc,"Metavista3D is at the forefront of developing AI-driven, pseudo-holographic display technologies designed to transform how we interact with spatial content. With over 20 patents and a commitment to in...",4179,,,,,,,,,,Re-searched,"Metavista3D is at the forefront of developing AI-driven, pseudo-holographic display technologies designed to transform how we interact with spatial content. With over 20 patents and a commitment to in... ",COPPER,False,False,,
MetaVu,"MetaVu develops industrial XR solutions such as remote collaboration, realistic training, and real-time work guide solutions through VR, AR, MR, and digital twin technologies. These solutions can hel...",15241,,,,,,,,,,Re-searched,"MetaVu develops industrial XR solutions such as remote collaboration, realistic training, and real-time work guide solutions through VR, AR, MR, and digital twin technologies. These solutions can hel... ",COPPER,False,False,,
Methodica Technologies,"Methodica Technologies is an ISO-certified, emerging technology consulting company. We offer embedded solutions for a wide range of projects and business needs. Our vision is to become the preferred p...",6466,,,https://www.methodicatech.com/,,,True,Unknown,✅ GOOD,All checks passed.,Re-searched,"Methodica Technologies is an ISO-certified, emerging technology consulting company. We offer embedded solutions for a wide range of projects and business needs. Our vision is to become the preferred p... ",BRONZE_WEB,True,False,,
Metswin Pte. Ltd,,35451,,,,,,,,,,Re-searched, ,INSUFFICIENT,False,False,,No website found via search
"mHome AI, Inc",,61664,,,,,,,,,,Re-searched, ,INSUFFICIENT,False,False,,No website found via search
Michigan State University,"The Burgess Institute for Entrepreneurship & Innovation empowers students to learn through action by providing programs, courses, and resources to foster an entrepreneurial mindset and create new vent...","61632, 61634, 61636",,,,,,,,,,Re-searched,"The Burgess Institute for Entrepreneurship & Innovation empowers students to learn through action by providing programs, courses, and resources to foster an entrepreneurial mindset and create new vent... ",COPPER,False,False,,
"Micro Power Cells, Inc.","Micro Power Cells, Inc. is a well-known micro battery designer and manufacture, focused on the capacity under 1000mAh, to support the applications in IOT, healthcare, etc. The company is also a worldw...",35525,,,https://www.microcenter.com/,,,True,Unknown,⚠️ UNCLEAR,1 keyword(s) found,Re-searched,"Micro Power Cells, Inc. is a well-known micro battery designer and manufacture, focused on the capacity under 1000mAh, to support the applications in IOT, healthcare, etc. The company is also a worldw... ",COPPER,False,False,,
Microchip Technology Inc.,"Microchip Technology Incorporated is a leading provider of smart, connected and secure embedded control solutions. Its easy-to-use development tools and comprehensive product portfolio enable customer...","Murano 3202, Murano 3203, Murano 3204",,,https://www.microchip.com/,,,True,Unknown,✅ GOOD,All checks passed.,Re-searched,"Microchip Technology Incorporated is a leading provider of smart, connected and secure embedded control solutions. Its easy-to-use development tools and comprehensive product portfolio enable customer... ",COPPER,False,False,,
MicroEJ,"MicroEJ provides cost-effective software solutions for embedded and IoT devices. We help manufacturers build secure, high-performance, and energy-efficient products with compact size and optimized dev...",53029,,,https://www.microej.com/,,,True,Unknown,✅ GOOD,All checks passed.,Re-searched,"MicroEJ provides cost-effective software solutions for embedded and IoT devices. We help manufacturers build secure, high-performance, and energy-efficient products with compact size and optimized dev... ",BRONZE_WEB,True,False,,
Microip Inc.,"MICROIP is an IC & AI software design company providing chip-to-system solutions. Our CAPS platform includes AIVO (AI Vision Operation), an AI image recognition system with no-code, modular, and edge ...",9277,,,,,,,,,,Re-searched,"MICROIP is an IC & AI software design company providing chip-to-system solutions. Our CAPS platform includes AIVO (AI Vision Operation), an AI image recognition system with no-code, modular, and edge ... ",COPPER,False,False,,
MicroLumix Bioscience Technologies,GermPass is the world's only lab-certified ADT (Automated Disinfection Technology). This patented technology instantly and automatically kills germs on HVTs (High Volume Touchpoints) after every singl...,53607,,,https://microlumix.com/,,,True,Unknown,✅ GOOD,All checks passed.,Re-searched,GermPass is the world's only lab-certified ADT (Automated Disinfection Technology). This patented technology instantly and automatically kills germs on HVTs (High Volume Touchpoints) after every singl... ,BRONZE_WEB,True,False,,
Microsoft,Microsoft enables digital transformation for the era of an intelligent cloud and an intelligent edge. Its mission is to empower every person and every organization on the planet to achieve more.,"Wynn Encore Hospitality Suites, Wynn Encore Hospitality Suites 2, Wynn Encore Hospitality Suites 3 + 4 more",,,https://www.microsoft.com/en-us,,,True,Unknown,✅ GOOD,All checks passed.,Re-searched,Microsoft enables digital transformation for the era of an intelligent cloud and an intelligent edge. Its mission is to empower every person and every organization on the planet to achieve more. ,BRONZE_WEB,True,False,,
Microsoft Advertising,,Aria Hospitality Suites,,,https://support.microsoft.com/en-us,,,,,,,Re-searched, ,BRONZE_WEB,True,False,,
Midea Electric Trading (Singapore) Co Pte Ltd,"Eureka has been working hard to make cleaning easier for over 100 years. Founded in 1909 in Detroit, Eureka vacuums have been in American's homes for more than a century. Now we're building on that ex...",51916,,,,,,,,,,Re-searched,"Eureka has been working hard to make cleaning easier for over 100 years. Founded in 1909 in Detroit, Eureka vacuums have been in American's homes for more than a century. Now we're building on that ex... ",COPPER,False,False,,
Milli,,62201,,,,,,,,,,Re-searched, ,INSUFFICIENT,False,False,,No website found via search
Mimi Hearing Technologies,"Mimi is pioneering hearing intelligence - innovative audio solutions that adapt to every hearing ability, device, and environment. Trusted by leading consumer electronics brands, Mimi delivers persona...",Venetian Palazzo Hospitality Suites,,,,,,,,,,Re-searched,"Mimi is pioneering hearing intelligence - innovative audio solutions that adapt to every hearing ability, device, and environment. Trusted by leading consumer electronics brands, Mimi delivers persona... ",COPPER,False,False,,
Minami Acoustics Limited,"Established in 1995, Minami boasts a rich history of expertise in the Acoustics Technology sector and proficient Supply Chain Management. Our diverse product line encompasses microphones, speaker boxe...",Venetian Palazzo Hospitality Suites,,,https://www.minamisushibar.com/,,,True,Unknown,⚠️ UNCLEAR,1 keyword(s) found,Re-searched,"Established in 1995, Minami boasts a rich history of expertise in the Acoustics Technology sector and proficient Supply Chain Management. Our diverse product line encompasses microphones, speaker boxe... ",BRONZE_WEB,True,False,,
MindRove,"Experience a new way of XR interaction! ️ Our wristband enables intuitive gesture control for AR glasses and digital devices. Our EXG sensors (EMG, EEG) capture the body’s electrical signals for ap...",50359,,,,,,,,,,Re-searched,"Experience a new way of XR interaction! ️ Our wristband enables intuitive gesture control for AR glasses and digital devices. Our EXG sensors (EMG, EEG) capture the body’s electrical signals for ap... ",COPPER,False,False,,
Mindverse AI,"Mindverse, founded in 2022, focuses on brain-inspired AI and large language models. Its team comes from top schools and firms like Facebook, Google, Alibaba, and Microsoft. Mindverse launched the worl...",60455,,,https://home.mindverse.ai/about-us,,,True,Unknown,✅ GOOD,All checks passed.,Re-searched,"Mindverse, founded in 2022, focuses on brain-inspired AI and large language models. Its team comes from top schools and firms like Facebook, Google, Alibaba, and Microsoft. Mindverse launched the worl... ",BRONZE_WEB,True,False,,
Mindverse AI,,35902,,,,,,,,,,Re-searched, ,INSUFFICIENT,False,False,,No website found via search
MinebeaMitsumi,"MinebeaMitsumi develops advanced components that power humanoid robotics with precision and intelligence. Our innovations also support med-tech, consumer electronics, home appliances, and automotive i...",8253,,,https://www.minebeamitsumi.com/english/,,,True,Unknown,✅ GOOD,All checks passed.,Re-searched,"MinebeaMitsumi develops advanced components that power humanoid robotics with precision and intelligence. Our innovations also support med-tech, consumer electronics, home appliances, and automotive i... ",BRONZE_WEB,True,False,,
Ming Young Biomedical Corp.,"The products include yoga clothes to measure breathing and yoga exercises, sportswear to measure the breathing and posture of athletes, jeans to measure breathing and gait. The mats measure hand balan...",54764,,,,,,,,,,Re-searched,"The products include yoga clothes to measure breathing and yoga exercises, sportswear to measure the breathing and posture of athletes, jeans to measure breathing and gait. The mats measure hand balan... ",COPPER,False,False,,
Miniskop Arg org Ltd Sti,"Miniskop / Curiousbox is an edtech startup creating interactive STEM learning experiences for children. By integrating Iotifyedu’s IoT-based education platform, it combines physical exploration with d...",63432,,,,,,,,,,Re-searched,"Miniskop / Curiousbox is an edtech startup creating interactive STEM learning experiences for children. By integrating Iotifyedu’s IoT-based education platform, it combines physical exploration with d... ",COPPER,False,False,,
MintMind Limited,"MintMind is an AI-driven education platform for kids, families, and schools. It features adaptive tools like Kiddo Chatbot for emotional support and aids in reading, writing, math, and wellbeing. With...",50732,,,,,,,,,,Re-searched,"MintMind is an AI-driven education platform for kids, families, and schools. It features adaptive tools like Kiddo Chatbot for emotional support and aids in reading, writing, math, and wellbeing. With... ",COPPER,False,False,,
Miovision Technologies Incorporated,"Miovision V2X revolutionizes the way vehicles interact with traffic networks, delivering seamless mobility & enhanced safety with VRU Alert. Our cloud-based solutions, industry standard products & com...",4070,,,,,,,,,,Re-searched,"Miovision V2X revolutionizes the way vehicles interact with traffic networks, delivering seamless mobility & enhanced safety with VRU Alert. Our cloud-based solutions, industry standard products & com... ",COPPER,False,False,,
Mirror Caring Limited,,63200,,,,,,,,,,Re-searched, ,INSUFFICIENT,False,False,,No website found via search
Mission InnoTech,The Mission InnoTech - CES 2026 Pavilion welcomes Startups.,"61432, 61433, 61434 + 7 more",,,https://www.mission.com/,,,True,Unknown,⚠️ UNCLEAR,1 keyword(s) found,Re-searched,The Mission InnoTech - CES 2026 Pavilion welcomes Startups. ,BRONZE_WEB,True,False,,
ML Brother LLP,,31503,,,,,,,,,,Re-searched, ,INSUFFICIENT,False,False,,No website found via search
mLAB,"Millilab provides comprehensive millimeter-wave (mmWave) radar solutions applicable to the automotive electronics sector.We specialize in Smart Cockpit Applications, focusing on monitoring occupants b...",62201,,,,,,,,,,Re-searched,"Millilab provides comprehensive millimeter-wave (mmWave) radar solutions applicable to the automotive electronics sector.We specialize in Smart Cockpit Applications, focusing on monitoring occupants b... ",COPPER,False,False,,
Mobileye,"Mobileye leads the mobility revolution with its autonomous-driving and driver-assist technologies, harnessing world-renowned expertise in computer vision, machine learning, mapping, and data analysis....","W213, W214, W215 + 2 more",,,https://www.mobileye.com/,,,True,Unknown,✅ GOOD,All checks passed.,Re-searched,"Mobileye leads the mobility revolution with its autonomous-driving and driver-assist technologies, harnessing world-renowned expertise in computer vision, machine learning, mapping, and data analysis.... ",BRONZE_WEB,True,False,,
"Mobilint, Inc.","Mobilint brings AI closer to everyday life with power-efficient, high-performance AI chip solutions. Its flagship NPUs, ARIES and REGULUS, are advanced AI chips capable of handling heavy-duty deep le...",9129,,,,,,,,,,Re-searched,"Mobilint brings AI closer to everyday life with power-efficient, high-performance AI chip solutions. Its flagship NPUs, ARIES and REGULUS, are advanced AI chips capable of handling heavy-duty deep le... ",COPPER,False,False,,
Mobilis,,55745,,,,,,,,,,Re-searched, ,INSUFFICIENT,False,False,,No website found via search
Mobility Lab,,62653,,,,,,,,,,Re-searched, ,INSUFFICIENT,False,False,,No website found via search
"mobilityenergy.Co.,Ltd",,50523,,,,,,,,,,Re-searched, ,INSUFFICIENT,False,False,,No website found via search
Modern Creation Luxembourg S.A.R.L,GRUNDIG is the European trusted leader in innovative consumer electronics since 1945 established in Germany. Modern Creation Luxemburg own GRUNDIG trademark worldwide and offer licenses in the product...,22027,,,,,,,,,,Re-searched,GRUNDIG is the European trusted leader in innovative consumer electronics since 1945 established in Germany. Modern Creation Luxemburg own GRUNDIG trademark worldwide and offer licenses in the product... ,COPPER,False,False,,
Mojoh,Mojoh Gear creates an innovative and portable bag stands that automatically lifts your backpack off the ground for easier access and a cleaner setup anywhere. Our all new Ryzer Go series redefines tra...,35646,,,,,,,,,,Re-searched,Mojoh Gear creates an innovative and portable bag stands that automatically lifts your backpack off the ground for easier access and a cleaner setup anywhere. Our all new Ryzer Go series redefines tra... ,COPPER,False,False,,
Mona Inc.,AI-powered EV Battery System Inspection Solution,3971,,,https://www.mona.de/,,,True,Unknown,⚠️ UNCLEAR,0 keyword(s) found,Re-searched,AI-powered EV Battery System Inspection Solution ,BRONZE_WEB,True,False,,
Monitoreal,"Monitoreal delivers advanced video surveillance powered by edge AI. Our hardware integrates with existing CCTV systems, enabling real-time object detection and smart alerts without sending video to th...",55945,,,,,,,,,,Re-searched,"Monitoreal delivers advanced video surveillance powered by edge AI. Our hardware integrates with existing CCTV systems, enabling real-time object detection and smart alerts without sending video to th... ",COPPER,False,False,,
Monks,"Monks is the global, purely digital, data-driven, unitary operating brand of S4 Capital plc. With a legacy of innovation and specialized expertise, Monks combines an extraordinary range of global mark...","Bowtie 3, Bowtie 4",,,,,,,,,,Re-searched,"Monks is the global, purely digital, data-driven, unitary operating brand of S4 Capital plc. With a legacy of innovation and specialized expertise, Monks combines an extraordinary range of global mark... ",COPPER,False,False,,
Monolithic Power Systems,"Monolithic Power Systems, Inc. (\""MPS\"") is a fabless global company that provides high-performance, semiconductor-based power electronics solutions. MPS's mission is to reduce energy and material con...",N103,,,,,,,,,,Re-searched,"Monolithic Power Systems, Inc. (\""MPS\"") is a fabless global company that provides high-performance, semiconductor-based power electronics solutions. MPS's mission is to reduce energy and material con... ",COPPER,False,False,,
MorningBlues Technology Limited,,60649,,,,,,,,,,Re-searched, ,INSUFFICIENT,False,False,,No website found via search
Morse Micro PTY. LTD,"Morse Micro is the leading Wi-Fi HaLow fabless semiconductor company, revolutionizing IoT connectivity with award-winning technology. Headquartered in Sydney, with global offices, Morse Micro is drivi...",Lido 3001B,,,https://morsecode.world/international/translator.html,,,True,Unknown,⚠️ UNCLEAR,1 keyword(s) found,Skipped - Valid,"Morse Micro is the leading Wi-Fi HaLow fabless semiconductor company, revolutionizing IoT connectivity with award-winning technology. Headquartered in Sydney, with global offices, Morse Micro is drivi... ",BRONZE_WEB,True,False,,
Morsum Inc,"Morsum Inc., founded in May 2022, is an emerging automotive electronics and IoT solutions provider. Backed by strong R&D, modern systems, and advanced facilities, we specialize in design, manufacturin...",3870,,,https://www.morsuminc.net/,,,True,Unknown,✅ GOOD,All checks passed.,Skipped - Valid,"Morsum Inc., founded in May 2022, is an emerging automotive electronics and IoT solutions provider. Backed by strong R&D, modern systems, and advanced facilities, we specialize in design, manufacturin... ",BRONZE_WEB,True,False,,
MOSS,"MOSS is developing a ""Producer AI"", an intelligent audio assistant that automatically analyzes, mixes, and masters music with professional precision. By bridging human creativity and AI-driven product...",62633,,,,,,,,,,Re-searched,"MOSS is developing a ""Producer AI"", an intelligent audio assistant that automatically analyzes, mixes, and masters music with professional precision. By bridging human creativity and AI-driven product... ",COPPER,False,False,,
MountAIn,"We bring Physical AI to the 85% ""offline"" world. Our CES Innovation Award-winning middleware (powering the IBEX sensor) delivers a 1000x power leap, enabling cloud-grade AI on solar. We are first to s...",60711,,,https://www.mountainzone.com/mountains/pennsylvania/,,,True,Unknown,⚠️ UNCLEAR,0 keyword(s) found,Re-searched,"We bring Physical AI to the 85% ""offline"" world. Our CES Innovation Award-winning middleware (powering the IBEX sensor) delivers a 1000x power leap, enabling cloud-grade AI on solar. We are first to s... ",BRONZE_WEB,True,False,,
move technology GmbH,"We are an innovative solutions provider for green energy and smart AI applications. We support our clients from concept to market launch, focusing on sustainable mobility, AI-driven software, and mode...",51242,,,https://move.nl/?v=4tav,,,True,Unknown,⚠️ UNCLEAR,0 keyword(s) found,Re-searched,"We are an innovative solutions provider for green energy and smart AI applications. We support our clients from concept to market launch, focusing on sustainable mobility, AI-driven software, and mode... ",BRONZE_WEB,True,False,,
MPNICS,"MPNICS Co., Ltd. is a leading provider of specialized glass micro optical components, catering to various industries including optical communication, lasers, and IR optics. With a strong focus on invi...",10043,,,,,,,,,,Re-searched,"MPNICS Co., Ltd. is a leading provider of specialized glass micro optical components, catering to various industries including optical communication, lasers, and IR optics. With a strong focus on invi... ",COPPER,False,False,,
Mr Suricate,,60601,,,,,,,,,,Re-searched, ,INSUFFICIENT,False,False,,No website found via search
"MRCOOL, LLC","Welcome to the future of indoor climate control with MRCOOL HVAC, where SMART technology meets unparalleled comfort! As an industry leader in heating, ventilation, and air conditioning (HVAC), we are ...",52371,,,https://www.mrcool.com/,,,True,Unknown,✅ GOOD,All checks passed.,Re-searched,"Welcome to the future of indoor climate control with MRCOOL HVAC, where SMART technology meets unparalleled comfort! As an industry leader in heating, ventilation, and air conditioning (HVAC), we are ... ",BRONZE_WEB,True,False,,
MSBAI,"MSBAI's GURU is a proprietary hierarchical neuro-symbolic multi-agent AI that automates complex engineering and operations across defense, aerospace, energy, and manufacturing. Defense-validated, it o...",14658,,,,,,,,,,Re-searched,"MSBAI's GURU is a proprietary hierarchical neuro-symbolic multi-agent AI that automates complex engineering and operations across defense, aerospace, energy, and manufacturing. Defense-validated, it o... ",COPPER,False,False,,
"MSG Entertainment Holdings, LLC",,Aria Hospitality Suites,,,,,,,,,,Re-searched, ,INSUFFICIENT,False,False,,No website found via search
MSI Computer Corp,"MSI is a world leader in gaming, content creation, business & productivity and AIoT solutions. Bolstered by its cutting-edge R&D capabilities and customer-driven innovation, MSI has a wide-ranging glo...","5067, Veronese 2403, Veronese 2404 + 2 more",,,,,,,,,,Re-searched,"MSI is a world leader in gaming, content creation, business & productivity and AIoT solutions. Bolstered by its cutting-edge R&D capabilities and customer-driven innovation, MSI has a wide-ranging glo... ",COPPER,False,False,,
Muddy Gecko,"Muddy Gecko is a leader in global on-demand marketing, providing world-class marketing services to your company. Offerings: Marketing Strategy, Branding & Graphic Design, Market Research, Collateral D...",8362,,,https://muddygecko.com/,,,True,Unknown,✅ GOOD,All checks passed.,Re-searched,"Muddy Gecko is a leader in global on-demand marketing, providing world-class marketing services to your company. Offerings: Marketing Strategy, Branding & Graphic Design, Market Research, Collateral D... ",BRONZE_WEB,True,False,,
"mui Lab, Inc.","mui Lab is a Calm Technology startup from Kyoto, Japan. Specializing in calm smart home interfaces, mui Lab delivers Home Wellness experiences that help connect and foster family moments. mui Lab's ne...",52562,,,,,,,,,,Re-searched,"mui Lab is a Calm Technology startup from Kyoto, Japan. Specializing in calm smart home interfaces, mui Lab delivers Home Wellness experiences that help connect and foster family moments. mui Lab's ne... ",COPPER,False,False,,
Multiply Studio & Technologies Limited,"FirstResume is an AI career agent targeted to help GenZs land their first job by automating the job hunt process from search to apply, giving them a competitive edge while saving time and effort.",63200,,,,,,,,,,Re-searched,"FirstResume is an AI career agent targeted to help GenZs land their first job by automating the job hunt process from search to apply, giving them a competitive edge while saving time and effort. ",COPPER,False,False,,
Muniq Design GmbH,"At MUNIQ GROUP, we don’t just design we create unique solutions and experiences that shape the future of mobility and beyond.",51242,,,,,,,,,,Re-searched,"At MUNIQ GROUP, we don’t just design we create unique solutions and experiences that shape the future of mobility and beyond. ",COPPER,False,False,,
My Arcade,My Arcade® is led by passionate lifelong gamers who understand exactly what retro lovers want. This passion is seen in the unique designs and features of our products. We have been developing plug and...,15437,,,https://myarcade.com/,,,True,Unknown,✅ GOOD,All checks passed.,Skipped - Valid,My Arcade® is led by passionate lifelong gamers who understand exactly what retro lovers want. This passion is seen in the unique designs and features of our products. We have been developing plug and... ,BRONZE_WEB,True,False,,
My Commuters,,61104,,,,,,,,,,Re-searched, ,INSUFFICIENT,False,False,,No website found via search
Myant Corp.,,54114,,,,,,,,,,Re-searched, ,INSUFFICIENT,False,False,,No website found via search
Mycomfytech,,62201,,,,,,,,,,Re-searched, ,INSUFFICIENT,False,False,,No website found via search
Mymemo AI LLC,"MyMemo AI gives home robots memory, empathy, and awareness. By remembering your routines, preferences, and emotions, they become caring companions—helping families live smarter, safer, and more connec...",60458,,,https://mymemo.ai/privacy-policy,,,True,Unknown,✅ GOOD,All checks passed.,Skipped - Valid,"MyMemo AI gives home robots memory, empathy, and awareness. By remembering your routines, preferences, and emotions, they become caring companions—helping families live smarter, safer, and more connec... ",BRONZE_WEB,True,False,,
myolab.ai,,61232,,,,,,,,,,Re-searched, ,INSUFFICIENT,False,False,,No website found via search
N-Dream AG,"AirConsole is a gaming platform designed for your cars. Your car is the console, and your smartphone is the controller. Drive together, play together. Games designed for cars.",6400,,,,,,,,,,Re-searched,"AirConsole is a gaming platform designed for your cars. Your car is the console, and your smartphone is the controller. Drive together, play together. Games designed for cars. ",COPPER,False,False,,
NAGRA - Kudelski Group,"The Kudelski Group is a world leader in digital business enablement technologies built to deliver trust and innovation. Its three business divisions include NAGRAVISION (media & entertainment), Kudels...",52923,,,https://www.nagra.com/,,,True,Unknown,✅ GOOD,All checks passed.,Skipped - Valid,"The Kudelski Group is a world leader in digital business enablement technologies built to deliver trust and innovation. Its three business divisions include NAGRAVISION (media & entertainment), Kudels... ",BRONZE_WEB,True,False,,
Nandemo Draft Co.,,62801,,,,,,,,,,Re-searched, ,INSUFFICIENT,False,False,,No website found via search
NanoFlowX Inc.,"NanoFlowX outperforms parylene and conformal coatings with a durable, faster application that takes just 2 steps and 2 minutes. Our coatings provide robust protection for electronic devices against co...","31831, 8562",,,,,,,,,,Re-searched,"NanoFlowX outperforms parylene and conformal coatings with a durable, faster application that takes just 2 steps and 2 minutes. Our coatings provide robust protection for electronic devices against co... ",COPPER,False,False,,
Nanosys,"Nanosys pioneers Quantum Dots: the powerful semiconductors behind brighter, bolder displays and now inspiring entirely new applications. At CES 2026, we’re proud to showcase Quantum Light, a visiona...",Westgate Hospitality Suites,,,https://www.nanosys.com/,,,True,Unknown,✅ GOOD,All checks passed.,Skipped - Valid,"Nanosys pioneers Quantum Dots: the powerful semiconductors behind brighter, bolder displays and now inspiring entirely new applications. At CES 2026, we’re proud to showcase Quantum Light, a visiona... ",BRONZE_WEB,True,False,,
NapBox,,8137,,,,,,,,,,Re-searched, ,INSUFFICIENT,False,False,,No website found via search
National Sleep Foundation,"National Sleep Foundation (NSF) is an independent nonprofit, dedicated to improving health and well-being by advancing sleep health. NSF is committed to making science-based sleep technology more acce...",53432c,,,https://worldchildsleep.com/journals/,,,True,Unknown,✅ GOOD,All checks passed.,Skipped - Valid,"National Sleep Foundation (NSF) is an independent nonprofit, dedicated to improving health and well-being by advancing sleep health. NSF is committed to making science-based sleep technology more acce... ",COPPER,False,False,,
National Waste and Recycling Association,,21217,,,https://www.nationalcar.com/en/home.html?msockid=2ebc6823cd7e661d08d57e8ecc006708,,,,,,,Re-searched, ,BRONZE_WEB,True,False,,
Navimow,,9615,,,,,,,,,,Re-searched, ,INSUFFICIENT,False,False,,No website found via search
NAVREF,ChatGPT said: NAVREF strengthens the nation’s VA research enterprise by supporting a network of U.S. Department of VA-affiliated nonprofit research and education corporations (NPCs). We empower col...,8900,,,https://navref.org/,,,True,Unknown,✅ GOOD,All checks passed.,Skipped - Valid,ChatGPT said: NAVREF strengthens the nation’s VA research enterprise by supporting a network of U.S. Department of VA-affiliated nonprofit research and education corporations (NPCs). We empower col... ,BRONZE_WEB,True,False,,
Naxa Electronics Inc.,"NAXA is a leading supplier of Consumer Electronics marketed under the Emerson, VICTOR, SoundPro, & NAXA brand names. Our extensive portfolio includes Retro Electronics, TVs, Tablets, DVD Players, Home...",19522,,,https://naxa.com/,,,True,Unknown,✅ GOOD,All checks passed.,Re-searched,"NAXA is a leading supplier of Consumer Electronics marketed under the Emerson, VICTOR, SoundPro, & NAXA brand names. Our extensive portfolio includes Retro Electronics, TVs, Tablets, DVD Players, Home... ",COPPER,False,False,,
"NBCUniversal Media, LLC",,South Veranda,,,,,,,,,,Re-searched, ,INSUFFICIENT,False,False,,No website found via search
NC State University - Office of Research Commercia,,61640,,,,,,,,,,Re-searched, ,INSUFFICIENT,False,False,,No website found via search
NCCOSS,,35911,,,,,,,,,,Re-searched, ,INSUFFICIENT,False,False,,No website found via search
NEMESIS.CO.LTD,,50328,,,https://www.nemesis.ltd/,,,,,,,Re-searched, ,INSUFFICIENT,False,False,,No website found via search
NEOIA,,60601,,,,,,,,,,Re-searched, ,INSUFFICIENT,False,False,,No website found via search
"NeoSolutions Co.,Ltd",,50523,,,,,,,,,,Re-searched, ,INSUFFICIENT,False,False,,No website found via search
Nervanik AI Labs Pvt Ltd,,6373,,,,,,,,,,Re-searched, ,INSUFFICIENT,False,False,,No website found via search
"Netflix Media, LLC",,"Aria Hospitality Suites, Aria Hospitality Suites 2, Aria Hospitality Suites 3 + 1 more",,,,,,,,,,Re-searched, ,INSUFFICIENT,False,False,,No website found via search
NETGEAR,"Founded in 1996 and headquartered in the USA, NETGEAR is a global leader in innovative networking technologies for businesses, homes, and service providers. NETGEAR delivers a wide range of award-winn...",Venetian Palazzo Hospitality Suites,,,https://www.netgear.com/,,,True,Unknown,✅ GOOD,All checks passed.,Skipped - Valid,"Founded in 1996 and headquartered in the USA, NETGEAR is a global leader in innovative networking technologies for businesses, homes, and service providers. NETGEAR delivers a wide range of award-winn... ",BRONZE_WEB,True,False,,
Neura Robotics GmbH,NEURA Robotics GmbH is a German high-tech company developing cognitive and collaborative robots that enable humans and machines to work safely and intelligently together. All core technologies are dev...,"8331, N105",,,https://neura-robotics.com/,,,True,Unknown,✅ GOOD,All checks passed.,Skipped - Valid,NEURA Robotics GmbH is a German high-tech company developing cognitive and collaborative robots that enable humans and machines to work safely and intelligently together. All core technologies are dev... ,BRONZE_WEB,True,False,,
Neural Concept,"Neural Concept revolutionizes product development by integrating AI into the design process. Our platform accelerates engineering work by 10x, cutting development times by up to 75% and enhancing prod...",Suite 29-110,,,https://www.neuralconcept.com/who-we-are,,,True,Unknown,✅ GOOD,All checks passed.,Skipped - Valid,"Neural Concept revolutionizes product development by integrating AI into the design process. Our platform accelerates engineering work by 10x, cutting development times by up to 75% and enhancing prod... ",BRONZE_WEB,True,False,,
Neuranics Limited,"Neuranics is pioneering magnetic sensing solutions that redefine human machine interaction. With ultra-sensitive TMR sensors, custom circuits and AI, we have created ground breaking solutions that ena...",15458,,,https://neuranics.com/,,,True,Unknown,✅ GOOD,All checks passed.,Re-searched,"Neuranics is pioneering magnetic sensing solutions that redefine human machine interaction. With ultra-sensitive TMR sensors, custom circuits and AI, we have created ground breaking solutions that ena... ",BRONZE_WEB,True,False,,
Neuromoment,"Slyric is Neuromoment's flagship AI-powered sleep solution, designed to help you achieve better, more restful sleep. With Slyric AI, compose personalized sleep music in just a few seconds every night,...",62633,,,,,,,,,,Re-searched,"Slyric is Neuromoment's flagship AI-powered sleep solution, designed to help you achieve better, more restful sleep. With Slyric AI, compose personalized sleep music in just a few seconds every night,... ",COPPER,False,False,,
Neutune,,21420,,,,,,,,,,Re-searched, ,INSUFFICIENT,False,False,,No website found via search
"Newegg Commerce, Inc","Newegg Commerce, Inc. (NASDAQ: NEGG), founded in 2001 and based in Diamond Bar, Calif., near Los Angeles, is a leading global online retailer for PC hardware, consumer electronics, gaming peripherals,...",16050,,,,,,,,,,Re-searched,"Newegg Commerce, Inc. (NASDAQ: NEGG), founded in 2001 and based in Diamond Bar, Calif., near Los Angeles, is a leading global online retailer for PC hardware, consumer electronics, gaming peripherals,... ",COPPER,False,False,,
NewHaptics,"NewHaptics is transforming digital access for people who are blind with Codex, a first-of-its-kind multiline braille display. Debuting at CES 2026, Codex is the culmination of years of government-back...",61045,,,https://www.newhaptics.com/about,,,True,Unknown,✅ GOOD,All checks passed.,Skipped - Valid,"NewHaptics is transforming digital access for people who are blind with Codex, a first-of-its-kind multiline braille display. Debuting at CES 2026, Codex is the culmination of years of government-back... ",BRONZE_WEB,True,False,,
Nex Team Inc.,,Lido 3003,,,,,,,,,,Re-searched, ,INSUFFICIENT,False,False,,No website found via search
Nexera,,62201,,,,,,,,,,Re-searched, ,INSUFFICIENT,False,False,,No website found via search
Nexovate,"Founded in 2007, Nexovate is a Toronto-based WBE-certified consulting firm offering expert services in AI strategy, IT roadmaps, ERP implementations, and business automation. With 15+ years of experie...",50755,,,https://www.nexovate.com/,,,True,Unknown,✅ GOOD,All checks passed.,Skipped - Valid,"Founded in 2007, Nexovate is a Toronto-based WBE-certified consulting firm offering expert services in AI strategy, IT roadmaps, ERP implementations, and business automation. With 15+ years of experie... ",BRONZE_WEB,True,False,,
Nexstar Media Group,"Nexstar Media Group, Inc. produces and distributes engaging local and national news, sports, and entertainment content across its television and digital platforms. Nexstar owns America's largest local...",Aria Hospitality Suites,,,https://www.nexstar.tv/nexstar-abc-affiliates-to-preempt-jimmy-kimmel-live-indefinitely-beginning-tonight/,,,True,Unknown,✅ GOOD,All checks passed.,Skipped - Valid,"Nexstar Media Group, Inc. produces and distributes engaging local and national news, sports, and entertainment content across its television and digital platforms. Nexstar owns America's largest local... ",BRONZE_WEB,True,False,,
"Next Core Technologies, Inc.","Tech startup established as a three-way joint venture in September 2022. Succeeded in press mass production of amorphous laminated cores for the first time in the world, revolutionizing power consump...",10677,,,https://help.nextdoor.com/s/article/The-New-Nextdoor?language=en_US,,,False,Unknown,❌ WRONG,Likely a subpage,Re-searched,"Tech startup established as a three-way joint venture in September 2022. Succeeded in press mass production of amorphous laminated cores for the first time in the world, revolutionizing power consump... ",BRONZE_WEB,True,False,,
NEXTWAVE,"The Internet of Things (IoT) connects people and objects, benefiting from advances in semiconductor, wireless, and software technologies. However, complex integration across hardware, software, and co...",62633,,,https://nextwave.systems/,,,True,Unknown,⚠️ UNCLEAR,1 keyword(s) found,Skipped - Valid,"The Internet of Things (IoT) connects people and objects, benefiting from advances in semiconductor, wireless, and software technologies. However, complex integration across hardware, software, and co... ",BRONZE_WEB,True,False,,
Nexus Patio Tech,"Nexus Patio Tech is the first FUT Tech (Future Urban Technology) platform creating smart ecosystems for restaurants, food courts, shopping centers, hotels, and intelligent buildings. We design and bui...",8231,,,,,,,,,,Re-searched,"Nexus Patio Tech is the first FUT Tech (Future Urban Technology) platform creating smart ecosystems for restaurants, food courts, shopping centers, hotels, and intelligent buildings. We design and bui... ",COPPER,False,False,,
Nexxen,"Nexxen empowers advertisers, agencies, publishers, and broadcasters worldwide to leverage video and CTV through a unified technology stack. With a DSP, SSP, ad server, and DMP, Nexxen offers advanced ...",Aria Hospitality Suites,,,https://investors.nexxen.com/news-releases/news-release-details/nexxen-q1-2024-ir-newsletter,,,True,Unknown,✅ GOOD,All checks passed.,Skipped - Valid,"Nexxen empowers advertisers, agencies, publishers, and broadcasters worldwide to leverage video and CTV through a unified technology stack. With a DSP, SSP, ad server, and DMP, Nexxen offers advanced ... ",BRONZE_WEB,True,False,,
Nichicon America,Nichicon is a world leader in the manufacture of aluminum electrolytic capacitors of any and all types. We are showcasing our Lithium Titanate Oxide (LTO) Battery that gives greater flexibility over ...,9662,,,https://www.nichicon.com/en-us/,,,True,Unknown,✅ GOOD,All checks passed.,Re-searched,Nichicon is a world leader in the manufacture of aluminum electrolytic capacitors of any and all types. We are showcasing our Lithium Titanate Oxide (LTO) Battery that gives greater flexibility over ... ,BRONZE_WEB,True,False,,
NielsenIQ,,Aria Hospitality Suites,,,https://nielseniq.com/global/en/careers/careers-in-india/,,,,,,,Re-searched, ,INSUFFICIENT,False,False,,No website found via search
Nimap infotech,,9479,,,,,,,,,,Re-searched, ,INSUFFICIENT,False,False,,No website found via search
NL. Durobo Holding B.V.,"NL.Durobo B.V. was founded in the Netherlands, where e-ink technology began to develop and make its way into the market. Inspired by this rich legacy of innovation, we are dedicated to making smart an...",22014,,,,,,,,,,Re-searched,"NL.Durobo B.V. was founded in the Netherlands, where e-ink technology began to develop and make its way into the market. Inspired by this rich legacy of innovation, we are dedicated to making smart an... ",COPPER,False,False,,
NODI,"Beautiful, smart products for kids that deliver the perks of smartphones - minus the risks.",60653,,,https://nodi3d.com/,,,True,Unknown,⚠️ UNCLEAR,0 keyword(s) found,Skipped - Valid,"Beautiful, smart products for kids that deliver the perks of smartphones - minus the risks. ",BRONZE_WEB,True,False,,
Noise,"Noise, the 3rd largest smartwatch brand in world, has a single-minded focus on democratizing technology for all. The recent strategic investment from Bose exhibits a massive validation of our capabili...",55623,,,,,,,,,,Re-searched,"Noise, the 3rd largest smartwatch brand in world, has a single-minded focus on democratizing technology for all. The recent strategic investment from Bose exhibits a massive validation of our capabili... ",COPPER,False,False,,
Nordic Semiconductor,"Nordic is a fabless semiconductor company specializing in wireless technology that powers the IoT. Our award-winning Bluetooth Low Energy solutions have made us market leader, complemented by ANT+, Th...",52039,,,https://www.nordicsemi.com/About-us,,,True,Unknown,✅ GOOD,All checks passed.,Skipped - Valid,"Nordic is a fabless semiconductor company specializing in wireless technology that powers the IoT. Our award-winning Bluetooth Low Energy solutions have made us market leader, complemented by ANT+, Th... ",COPPER,False,False,,
Northwest Innovative LLC,,8273,,,,,,,,,,Re-searched, ,INSUFFICIENT,False,False,,No website found via search
Novatek Microelectronics Corp.,,8371,,,,,,,,,,Re-searched, ,INSUFFICIENT,False,False,,No website found via search
NOVELIC,"NOVELIC is the home of automotive short-range radar - with our industry-leading in-cabin monitoring systems, and radar-based park assist solutions, we provide solutions for connected, safe, and softwa...",7230,,,https://www.novelic.com/,,,True,Unknown,✅ GOOD,All checks passed.,Skipped - Valid,"NOVELIC is the home of automotive short-range radar - with our industry-leading in-cabin monitoring systems, and radar-based park assist solutions, we provide solutions for connected, safe, and softwa... ",COPPER,False,False,,
NovoViz SA,"NovoViz is a Swiss fabless semiconductor innovator advancing computational single-photon imaging. We deliver scalable, high‑performance SPAD sensor solutions for machine vision, industrial automation,...",61220,,,https://novoviz.com/,,,True,Unknown,✅ GOOD,All checks passed.,Re-searched,"NovoViz is a Swiss fabless semiconductor innovator advancing computational single-photon imaging. We deliver scalable, high‑performance SPAD sensor solutions for machine vision, industrial automation,... ",COPPER,False,False,,
Novum Tech,,60711,,,,,,,,,,Re-searched, ,INSUFFICIENT,False,False,,No website found via search
NuCurrent,"NuCurrent delivers proven wireless power and data technology used in over 500 million devices worldwide. With patented inductive, resonant, and hybrid solutions, NuCurrent partners with leading brands...",Venetian Palazzo Hospitality Suites,,,https://www.nucurrent.com/,,,True,Unknown,✅ GOOD,All checks passed.,Skipped - Valid,"NuCurrent delivers proven wireless power and data technology used in over 500 million devices worldwide. With patented inductive, resonant, and hybrid solutions, NuCurrent partners with leading brands... ",BRONZE_WEB,True,False,,
Nuon LLC,"Nuon Medical stands as a testament to innovation and the pursuit of excellence in the realm of cosmetic enhancement. With over 18 years of expertise in the medical technology sector, we have been at t...",56154,,,https://www.nuonmedical.com/,,,True,Unknown,✅ GOOD,All checks passed.,Re-searched,"Nuon Medical stands as a testament to innovation and the pursuit of excellence in the realm of cosmetic enhancement. With over 18 years of expertise in the medical technology sector, we have been at t... ",BRONZE_WEB,True,False,,
Nutrix AG,"Nutrix's gSense, a digital health platform, uses AI and remote monitoring to enhance care and manage chronic conditions. In 2025, Nutrix unveils CortiSense, Switzerland's first non-invasive stress hor...",51239,,,https://www.nutrix.tech/,,,True,Unknown,✅ GOOD,All checks passed.,Re-searched,"Nutrix's gSense, a digital health platform, uses AI and remote monitoring to enhance care and manage chronic conditions. In 2025, Nutrix unveils CortiSense, Switzerland's first non-invasive stress hor... ",BRONZE_WEB,True,False,,
NXP Semiconductors,"NXP Semiconductors is the trusted partner for innovative solutions in the automotive, industrial & IoT, mobile, and communications infrastructure markets. NXP's \""Brighter Together\"" approach combines...",CP134,,,,,,,,,,Re-searched,"NXP Semiconductors is the trusted partner for innovative solutions in the automotive, industrial & IoT, mobile, and communications infrastructure markets. NXP's \""Brighter Together\"" approach combines... ",COPPER,False,False,,
NZero Inc.,,62801,,,,,,,,,,Re-searched, ,INSUFFICIENT,False,False,,No website found via search
"O2Micro, Inc","Founded in April 1995, O2Micro is dedicated to the design, development and markets of power and battery management systems for consumer, industrial, automotive and other fields. O2Micro has fast time-...",35639,,,,,,,,,,Re-searched,"Founded in April 1995, O2Micro is dedicated to the design, development and markets of power and battery management systems for consumer, industrial, automotive and other fields. O2Micro has fast time-... ",COPPER,False,False,,
OCALIS,"OCALIS develops werable tech to support human limbs against repetitive physical tasks. OCALIS offers shoulder/upper arm support, back support and neck support exoskeletons, also AI based ergonomics to...",63432,,,,,,,,,,Re-searched,"OCALIS develops werable tech to support human limbs against repetitive physical tasks. OCALIS offers shoulder/upper arm support, back support and neck support exoskeletons, also AI based ergonomics to... ",COPPER,False,False,,
ODINN,,9445,,,,,,,,,,Re-searched, ,INSUFFICIENT,False,False,,No website found via search
ODK Media,"Since 2011, ODK Media, Inc. has connected North American audiences with premium international content through its OTT platforms, including OnDemandKorea, OnDemandChina, and Amasian. The company provid...",Aria Hospitality Suites,,,,,,,,,,Re-searched,"Since 2011, ODK Media, Inc. has connected North American audiences with premium international content through its OTT platforms, including OnDemandKorea, OnDemandChina, and Amasian. The company provid... ",COPPER,False,False,,
Offspend S.A.S.,,60832,,,,,,,,,,Re-searched, ,INSUFFICIENT,False,False,,No website found via search
Ofilm Group,,11023,,,,,,,,,,Re-searched, ,INSUFFICIENT,False,False,,No website found via search
Ogury Ltd,"Ogury is a global adtech company that delivers Personified Advertising solutions grounded in privacy to brands, agencies and publishers by focusing on targeting personas, not people. We deliver rel...",Aria Hospitality Suites,,,https://ogury.com/ogury-advertising-privacy-policy/,,,True,Unknown,✅ GOOD,All checks passed.,Skipped - Valid,"Ogury is a global adtech company that delivers Personified Advertising solutions grounded in privacy to brands, agencies and publishers by focusing on targeting personas, not people. We deliver rel... ",BRONZE_WEB,True,False,,
Ohdoki Inc.,"The Handy merges cutting-edge digital technology with innovative design to redefine sexual experiences. We empower individuals and couples to explore new realms of pleasure with customizable, user-dri...",55023,,,,,,,,,,Re-searched,"The Handy merges cutting-edge digital technology with innovative design to redefine sexual experiences. We empower individuals and couples to explore new realms of pleasure with customizable, user-dri... ",COPPER,False,False,,
OHOM Inc,"OHOM is a Los Angeles–based design studio creating products that blend beauty, function, and technology. Known for its ceramic self-heating mugs and wellness-inspired designs, OHOM focuses on sustaina...",54469,,,https://ohom.com/,,,True,Unknown,✅ GOOD,All checks passed.,Skipped - Valid,"OHOM is a Los Angeles–based design studio creating products that blend beauty, function, and technology. Known for its ceramic self-heating mugs and wellness-inspired designs, OHOM focuses on sustaina... ",BRONZE_WEB,True,False,,
"ohSnap, Inc.","ohsnap! makes an impossibly thin (2.5mm) disc that mounts to the back of any smartphone and provides a comfortable, rotating grip, a portrait or landscape stand, and a powerful magnet that is also 100...",31223,,,https://ohsnap.com/pages/legal,,,True,Unknown,✅ GOOD,All checks passed.,Skipped - Valid,"ohsnap! makes an impossibly thin (2.5mm) disc that mounts to the back of any smartphone and provides a comfortable, rotating grip, a portrait or landscape stand, and a powerful magnet that is also 100... ",BRONZE_WEB,True,False,,
Olive Corp.,,60509,,,https://www.olivegarden.com/home,,,,,,,Re-searched, ,BRONZE_WEB,True,False,,
Omedus,,61253,,,,,,,,,,Re-searched, ,INSUFFICIENT,False,False,,No website found via search
OmniCoat,,61453,,,,,,,,,,Re-searched, ,INSUFFICIENT,False,False,,No website found via search
Omnicom Media Group,"In a world with less available attention, where flexibility is the new scale, Omnicom Media Group transforms experiences connecting best-in-class capabilities that enable our agencies to build audien...","Bellavista, Condesa 3, Condesa 4 + 5 more",,,https://www.omnicomgroup.com/,,,True,Unknown,✅ GOOD,All checks passed.,Re-searched,"In a world with less available attention, where flexibility is the new scale, Omnicom Media Group transforms experiences connecting best-in-class capabilities that enable our agencies to build audien... ",COPPER,False,False,,
"Ontario, Canada delegation","Ontario is Canada's top business and tech jurisdiction and one of North America's largest jurisdictions. The Ontario delegation to CES is comprised of 20 tech companies offering innovations in AI, co...",50755,,,https://www.ontario.ca/,,,True,Unknown,✅ GOOD,All checks passed.,Skipped - Valid,"Ontario is Canada's top business and tech jurisdiction and one of North America's largest jurisdictions. The Ontario delegation to CES is comprised of 20 tech companies offering innovations in AI, co... ",BRONZE_WEB,True,False,,
ONYL ROCKS (Vigidomaine),,60711,,,,,,,,,,Re-searched, ,INSUFFICIENT,False,False,,No website found via search
OpenWorkspace®,OpenWorkspace® is redefining the desktop experience with proprietary technology that automates window management and extends the classic 'desktop' graphical user interface (GUI)—bringing new efficienc...,18734,,,https://openworkspace.com/about/,,,True,Unknown,✅ GOOD,All checks passed.,Skipped - Valid,OpenWorkspace® is redefining the desktop experience with proprietary technology that automates window management and extends the classic 'desktop' graphical user interface (GUI)—bringing new efficienc... ,BRONZE_WEB,True,False,,
OpenX,,Cosmopolitan Hospitality Suites,,,,,,,,,,Re-searched, ,INSUFFICIENT,False,False,,No website found via search
OPmobility,"OPmobility, a world leading partner for all mobility players with innovative tech for more sustainable & connected mobility. €11.4b sales/152 plants/40 R&D centers/40,300 emp. Our mission: Driving a N...",Fontainebleau Hospitality Suites,,,https://www.opmobility.com/wp-content/uploads/documents/opmobility-vibes-202505-en/7/,,,True,Unknown,✅ GOOD,All checks passed.,Skipped - Valid,"OPmobility, a world leading partner for all mobility players with innovative tech for more sustainable & connected mobility. €11.4b sales/152 plants/40 R&D centers/40,300 emp. Our mission: Driving a N... ",BRONZE_WEB,True,False,,
Opticwash,Opticwash is the world’s first and only self-serve kiosk dedicated to the cleaning of eyewear and jewelry. Opticwash uses forward looking technology that gives a consumer a healthier and safer alterna...,54600,,,https://opticwashmini.com/,,,True,Unknown,✅ GOOD,All checks passed.,Skipped - Valid,Opticwash is the world’s first and only self-serve kiosk dedicated to the cleaning of eyewear and jewelry. Opticwash uses forward looking technology that gives a consumer a healthier and safer alterna... ,BRONZE_WEB,True,False,,
Orbiba Robotics,"Orbiba Robotics develops affordable, AI-powered modular farm robots that enable small and organic farmers to manage weeds, monitor biodiversity, and optimize yields sustainably. Combining robotics, AI...",63432,,,,,,,,,,Re-searched,"Orbiba Robotics develops affordable, AI-powered modular farm robots that enable small and organic farmers to manage weeds, monitor biodiversity, and optimize yields sustainably. Combining robotics, AI... ",COPPER,False,False,,
Origin,"Origin is transforming WiFi with its pioneering WiFi Sensing technology. We leverage advanced AI to offer verified human presence solutions for smart homes, health, and well-being. Our patented, award...","Suite 29-115, Suite 29-117",,,https://www.originwakeboard.com/,,,True,Unknown,⚠️ UNCLEAR,1 keyword(s) found,Skipped - Valid,"Origin is transforming WiFi with its pioneering WiFi Sensing technology. We leverage advanced AI to offer verified human presence solutions for smart homes, health, and well-being. Our patented, award... ",COPPER,False,False,,
OrthoFoodie,"Revolutionizing entire Food Chain with Science-based insights into optimal Nutritional content of Foods fostering healthier lifestyles & addressing global health crises like obesity, chronic diseases ...",62100,,,https://orthofoodie.app/,,,True,Unknown,✅ GOOD,All checks passed.,Skipped - Valid,"Revolutionizing entire Food Chain with Science-based insights into optimal Nutritional content of Foods fostering healthier lifestyles & addressing global health crises like obesity, chronic diseases ... ",BRONZE_WEB,True,False,,
Osteoboost Health,,53423,,,,,,,,,,Re-searched, ,INSUFFICIENT,False,False,,No website found via search
OTO Fertility,,53432u,,,,,,,,,,Re-searched, ,INSUFFICIENT,False,False,,No website found via search
Ottawa Infotainment Inc.,"Automotive Infotainment Innovation From 1-off Concept Cars to Production Infotainment Solutions, our innovations have been featured in a number of autoshows and cars on the road today. Our expertise...",6577,,,https://ottawainfotainment.com/,,,True,Unknown,✅ GOOD,All checks passed.,Re-searched,"Automotive Infotainment Innovation From 1-off Concept Cars to Production Infotainment Solutions, our innovations have been featured in a number of autoshows and cars on the road today. Our expertise... ",BRONZE_WEB,True,False,,
"Otter Products, LLC","From humble beginnings in a Fort Collins, Colo. garage, OtterBox has spent over 25 years mastering the art of protection, delivering durable yet stylish phone cases that can go anywhere, do anything, ...","MMC 10, MMC 8, MMC 9",,,https://otter.ai/?msockid=346dde9f619c66ce39afc83260e76790,,,True,Unknown,⚠️ UNCLEAR,0 keyword(s) found,Re-searched,"From humble beginnings in a Fort Collins, Colo. garage, OtterBox has spent over 25 years mastering the art of protection, delivering durable yet stylish phone cases that can go anywhere, do anything, ... ",BRONZE_WEB,True,False,,
Ouraring Inc.,,Wynn Encore Hospitality Suites,,,,,,,,,,Re-searched, ,INSUFFICIENT,False,False,,No website found via search
Outer Rim Exploration,,62801,,,https://liveouter.com/,,,,,,,Re-searched, ,BRONZE_WEB,True,False,,
Outin Inc.,"Founded in Denver, Colorado, OutIn Inc. seeks to bring the comfort of home to all your journeys by providing reliable coffee-making solutions on the go. We want everyone to be able to enjoy the perfec...",53968,,,https://outinshop.com/pages/about-us,,,True,Unknown,✅ GOOD,All checks passed.,Skipped - Valid,"Founded in Denver, Colorado, OutIn Inc. seeks to bring the comfort of home to all your journeys by providing reliable coffee-making solutions on the go. We want everyone to be able to enjoy the perfec... ",BRONZE_WEB,True,False,,
Overvak,,60636,,,,,,,,,,Re-searched, ,INSUFFICIENT,False,False,,No website found via search
Ovomind SA,"Ovomind pioneers Emotional AI that understands and responds to human emotions in real time. By combining neuroscience, biometrics, and artificial intelligence, we create technology that bridges humans...",61220,,,,,,,,,,Re-searched,"Ovomind pioneers Emotional AI that understands and responds to human emotions in real time. By combining neuroscience, biometrics, and artificial intelligence, we create technology that bridges humans... ",COPPER,False,False,,
P3 labs inc,"P3 Labs AI creates interactive, emotionally intelligent digital human avatars that bring storytelling, education, and brand experiences to life. Using advanced AI, real-time 3D animation, and holograp...",60833,,,https://p3labs.ai/,,,True,Unknown,✅ GOOD,All checks passed.,Re-searched,"P3 Labs AI creates interactive, emotionally intelligent digital human avatars that bring storytelling, education, and brand experiences to life. Using advanced AI, real-time 3D animation, and holograp... ",BRONZE_WEB,True,False,,
Pacvue,"Pacvue's commerce acceleration platform unifies retail media, commerce management and robust measurement tools into one solution, powering a winning omnichannel strategy across 90+ marketplaces",Aria Hospitality Suites,,,https://pacvue.com/,,,True,Unknown,✅ GOOD,All checks passed.,Skipped - Valid,"Pacvue's commerce acceleration platform unifies retail media, commerce management and robust measurement tools into one solution, powering a winning omnichannel strategy across 90+ marketplaces ",BRONZE_WEB,True,False,,
PAIRFS,"PAIRFS develops wearables for sport, health and wellness applications based on breath analysis",60711,,,https://www.pairfs.com/en,,,True,Unknown,✅ GOOD,All checks passed.,Re-searched,"PAIRFS develops wearables for sport, health and wellness applications based on breath analysis ",BRONZE_WEB,True,False,,
Panasonic,"Panasonic is building a smarter, more sustainable world through human-centric innovation. Guided by our values and powered by advanced technologies like AI, we create solutions that improve lives, emp...","16605, N245, N246 + 1 more",,,https://news.panasonic.com/global/socialmedia/linkedin,,,False,Unknown,❌ WRONG,Junk domain,Re-searched,"Panasonic is building a smarter, more sustainable world through human-centric innovation. Guided by our values and powered by advanced technologies like AI, we create solutions that improve lives, emp... ",BRONZE_WEB,True,False,,
Pandag Tech,,8031,,,,,,,,,,Re-searched, ,INSUFFICIENT,False,False,,No website found via search
Parallel Domain,"Parallel Domain accelerates the path to safe autonomy with high-fidelity digital twins from customer data that bridge simulation and reality. Our sensor simulation platform (camera, lidar, radar) supp...",6673,,,https://paralleldomain.com/,,,True,Unknown,✅ GOOD,All checks passed.,Re-searched,"Parallel Domain accelerates the path to safe autonomy with high-fidelity digital twins from customer data that bridge simulation and reality. Our sensor simulation platform (camera, lidar, radar) supp... ",BRONZE_WEB,True,False,,
Partner Philippines,"PARTNERPhilippines is the country’s flagship program that positions the Philippines as a global business hub, providing opportunities in the areas of commerce, trade, and investment. It is a testa...",50024,,,,,,,,,,Re-searched,"PARTNERPhilippines is the country’s flagship program that positions the Philippines as a global business hub, providing opportunities in the areas of commerce, trade, and investment. It is a testa... ",COPPER,False,False,,
PATTERNOX,"I am Dr. Ofir. Motivated by my mother's battle with skin cancer, I invented the PatScope scanner, an innovative imager, to detect lesion deformities (abnormalities) for Cosmetics and Skin Cancer. Pa...",61701,,,,,,,,,,Re-searched,"I am Dr. Ofir. Motivated by my mother's battle with skin cancer, I invented the PatScope scanner, an innovative imager, to detect lesion deformities (abnormalities) for Cosmetics and Skin Cancer. Pa... ",COPPER,False,False,,
Pawkeyland LLC,,60465,,,,,,,,,,Re-searched, ,INSUFFICIENT,False,False,,No website found via search
Pawport,"Pawport is a smart, secure pet door that mounts onto any pet door frame in seconds. Pawport enables remote access, curfew and other scheduling functionality, voice control, and pet-specific tracking a...",52762,,,https://pawport.com/,,,True,Unknown,✅ GOOD,All checks passed.,Skipped - Valid,"Pawport is a smart, secure pet door that mounts onto any pet door frame in seconds. Pawport enables remote access, curfew and other scheduling functionality, voice control, and pet-specific tracking a... ",BRONZE_WEB,True,False,,
"Pawzmedi Inc.,",,50123,,,,,,,,,,Re-searched, ,INSUFFICIENT,False,False,,No website found via search
PayPal,"PayPal has remained at the forefront of the digital payment revolution for more than 20 years. By leveraging technology to make financial services and commerce more convenient, affordable and secure, ...",Aria Hospitality Suites,,,https://www.paypal.com/tf/webapps/mpp/home?locale.x=en_US,,,True,Unknown,✅ GOOD,All checks passed.,Skipped - Valid,"PayPal has remained at the forefront of the digital payment revolution for more than 20 years. By leveraging technology to make financial services and commerce more convenient, affordable and secure, ... ",BRONZE_WEB,True,False,,
Pegmatis Inc.,,50755,,,,,,,,,,Re-searched, ,INSUFFICIENT,False,False,,No website found via search
Pelsee US Inc,"Pelsee is redefining the future of driving through intelligent technology. From advanced Mirror Dash Cams to next-generation Dash Cams, we integrate AI-powered driving assistance with full-color night...",21436,,,https://www.pelsee.com/,,,True,Unknown,✅ GOOD,All checks passed.,Re-searched,"Pelsee is redefining the future of driving through intelligent technology. From advanced Mirror Dash Cams to next-generation Dash Cams, we integrate AI-powered driving assistance with full-color night... ",BRONZE_WEB,True,False,,
Penske Media Corporation,"Since 2004, Penske Media Corporation (PMC) has launched, acquired and partnered with some of the most iconic global brands shaping culture today across digital media & live events. PMC's portfolio of ...",Aria Hospitality Suites,,,,,,,,,,Re-searched,"Since 2004, Penske Media Corporation (PMC) has launched, acquired and partnered with some of the most iconic global brands shaping culture today across digital media & live events. PMC's portfolio of ... ",COPPER,False,False,,
PERCIVAI,"Expensive sensors like LiDAR drive up costs for automated vehicles and robots. At Perciv AI, we cut these expenses by replacing LiDAR with our AI-driven perception, which uses radars or radar-camera f...",62100,,,,,,,,,,Re-searched,"Expensive sensors like LiDAR drive up costs for automated vehicles and robots. At Perciv AI, we cut these expenses by replacing LiDAR with our AI-driven perception, which uses radars or radar-camera f... ",COPPER,False,False,,
Perovskia Solar AG,PEROVSKIA SOLAR AG is a Swiss cleantech startup that provides digitally printed customizable solar cells to OEMs. he solar cells are tailored to seamlessly integrate into electronic devices & sensor...,51239,,,,,,,,,,Re-searched,PEROVSKIA SOLAR AG is a Swiss cleantech startup that provides digitally printed customizable solar cells to OEMs. he solar cells are tailored to seamlessly integrate into electronic devices & sensor... ,COPPER,False,False,,
Petkit Smart Technology Limited,"Founded in 2013, PETKIT redefines pet parenting with innovative solutions, evolving into AI technology trusted by 5 million users across 40+ countries. Our vision is to build a smart pet care ecosyste...",56342,,,,,,,,,,Re-searched,"Founded in 2013, PETKIT redefines pet parenting with innovative solutions, evolving into AI technology trusted by 5 million users across 40+ countries. Our vision is to build a smart pet care ecosyste... ",COPPER,False,False,,
PETO Inc.,,54852,,,,,,,,,,Re-searched, ,INSUFFICIENT,False,False,,No website found via search
Petsnology,,62043,,,,,,,,,,Re-searched, ,INSUFFICIENT,False,False,,No website found via search
PEUTY,,61100,,,,,,,,,,Re-searched, ,INSUFFICIENT,False,False,,No website found via search
Phoenix AI S.A.,Edge on-device AI with Intelligent Video Analytics End-to-end solution (HW+SW) for integrators and partners. Fleet Management System of our edge devices with 100% of services We're active in the Sm...,50752,,,https://www.phoenix-ai.com/contact,,,True,Unknown,⚠️ UNCLEAR,1 keyword(s) found,Skipped - Valid,Edge on-device AI with Intelligent Video Analytics End-to-end solution (HW+SW) for integrators and partners. Fleet Management System of our edge devices with 100% of services We're active in the Sm... ,BRONZE_WEB,True,False,,
PhytoWorks Inc.,"PhytoWorks Nitro unifies precision climate control and multimodal imaging (RGB/thermal/chlorophyll fluorescence) with vision AI for reproducible, non-destructive time-series phenotyping. Our cloud pla...",62643,,,,,,,,,,Re-searched,"PhytoWorks Nitro unifies precision climate control and multimodal imaging (RGB/thermal/chlorophyll fluorescence) with vision AI for reproducible, non-destructive time-series phenotyping. Our cloud pla... ",COPPER,False,False,,
Piano LED,,60401,,,,,,,,,,Re-searched, ,INSUFFICIENT,False,False,,No website found via search
PICO Immersive US Inc.,,"Wynn Encore Hospitality Suites, Wynn Encore Hospitality Suites 2, Wynn Encore Hospitality Suites 3 + 1 more",,,,,,,,,,Re-searched, ,INSUFFICIENT,False,False,,No website found via search
Pila Energy,,51217,,,,,,,,,,Re-searched, ,INSUFFICIENT,False,False,,No website found via search
Pillar Corp,,50816,,,,,,,,,,Re-searched, ,INSUFFICIENT,False,False,,No website found via search
Pimic Inc.,"PIMIC is an AI semiconductor and solution company with patent pending processing-in-memory technology. This architecture can dramatically improve Power, Performance, and Area by 10x. Our solution can ...",9269,,,https://www.pimic.ai/,,,True,Unknown,✅ GOOD,All checks passed.,Re-searched,"PIMIC is an AI semiconductor and solution company with patent pending processing-in-memory technology. This architecture can dramatically improve Power, Performance, and Area by 10x. Our solution can ... ",BRONZE_WEB,True,False,,
Pioneer Electronics (USA) Inc.,"Pioneer Corporation is a preeminent manufacturer of leading-edge technology solutions for the mobile and automotive market. Pioneer will continue to push the boundaries of sound, vision, and inform...",3527,,,https://usa.pioneer/pages/terms-of-service,,,True,Singapore,✅ GOOD,All checks passed.,Skipped - Valid,"Pioneer Corporation is a preeminent manufacturer of leading-edge technology solutions for the mobile and automotive market. Pioneer will continue to push the boundaries of sound, vision, and inform... ",BRONZE_WEB,True,False,,
"PiQuant. Co.,Ltd",,50523,,,,,,,,,,Re-searched, ,INSUFFICIENT,False,False,,No website found via search
Pisco,"Pisco boosts engineering productivity by up to 40%, enabling teams to design and deliver hardware twice as fast. Powered by AI, Pisco helps engineering and supply teams quickly find and manage parts b...",61042,,,https://www.suyopisco.com/,,,True,Unknown,⚠️ UNCLEAR,1 keyword(s) found,Skipped - Valid,"Pisco boosts engineering productivity by up to 40%, enabling teams to design and deliver hardware twice as fast. Powered by AI, Pisco helps engineering and supply teams quickly find and manage parts b... ",BRONZE_WEB,True,False,,
"Pixelro Co.,Ltd",,50017,,,,,,,,,,Re-searched, ,INSUFFICIENT,False,False,,No website found via search
PLACE,PLACE is a family of smart smoke and CO alarms with a room-tailored design developed by Gentex Corporation. We believe in empowering families to take control of their homes from seen and unseen disast...,52752,,,,,,,,,,Re-searched,PLACE is a family of smart smoke and CO alarms with a room-tailored design developed by Gentex Corporation. We believe in empowering families to take control of their homes from seen and unseen disast... ,COPPER,False,False,,
Plantelligence,"Plantelligence is a tech startup making plants easy—and beautiful—to grow with smart hardware, sensors, and AI. Our first product, ARK, is a fully automated terrarium that monitors light, water, airfl...",60442,,,,,,,,,,Re-searched,"Plantelligence is a tech startup making plants easy—and beautiful—to grow with smart hardware, sensors, and AI. Our first product, ARK, is a fully automated terrarium that monitors light, water, airfl... ",COPPER,False,False,,
Plasticvore Chain Limited,,63200,,,,,,,,,,Re-searched, ,INSUFFICIENT,False,False,,No website found via search
Play Lab.,,61445,,,,,,,,,,Re-searched, ,INSUFFICIENT,False,False,,No website found via search
PledgeBox Inc,"PledgeBox helps you manage Kickstarter pledges in one place, upsell for more money, make your backers happy, and you can deliver on time. PledgeBox simplifies the post-campaign fulfillment process by ...",60311,,,https://www.pledgebox.com/,,,True,Unknown,✅ GOOD,All checks passed.,Re-searched,"PledgeBox helps you manage Kickstarter pledges in one place, upsell for more money, make your backers happy, and you can deliver on time. PledgeBox simplifies the post-campaign fulfillment process by ... ",BRONZE_WEB,True,False,,
PNDbotics,"We are a humanoid robot company that committed to building an efficient, end-to-end humanoid robot platform that streamlines the development, simulation, and deployment processes of AI robots, and fu...",8377,,,https://www.pndbotics.com/,,,True,Unknown,✅ GOOD,All checks passed.,Re-searched,"We are a humanoid robot company that committed to building an efficient, end-to-end humanoid robot platform that streamlines the development, simulation, and deployment processes of AI robots, and fu... ",COPPER,False,False,,
PNT INC.,"Based on world-class roll-to-roll converting technology, PNT produces a variety of equipment for secondary batteries, advanced materials, automation, pharmaceuticals, and medical devices, and we provi...",8037,,,,,,,,,,Re-searched,"Based on world-class roll-to-roll converting technology, PNT produces a variety of equipment for secondary batteries, advanced materials, automation, pharmaceuticals, and medical devices, and we provi... ",COPPER,False,False,,
Pocket RD,POCKET RD Inc. is a Tokyo startup creating next-generation communication using avatar and 3D scanning technology. AVATARIUM Portable generates lifelike avatars in one minute for instant digital experi...,62801,,,https://pocket-rd.com/en/,,,True,Unknown,✅ GOOD,All checks passed.,Skipped - Valid,POCKET RD Inc. is a Tokyo startup creating next-generation communication using avatar and 3D scanning technology. AVATARIUM Portable generates lifelike avatars in one minute for instant digital experi... ,BRONZE_WEB,True,False,,
Pohang Technopark Foundation,,36217,,,,,,,,,,Re-searched, ,INSUFFICIENT,False,False,,No website found via search
Polymatech,"Polymatech Electronics proudly stands as India’s first semiconductor chip manufacturer. With a relentless focus on innovation, precision, and quality, we bring advanced Japanese semiconductor technolo...",8600A,,,https://www.polymatech.us/about/,,,True,Singapore,✅ GOOD,All checks passed.,Re-searched,"Polymatech Electronics proudly stands as India’s first semiconductor chip manufacturer. With a relentless focus on innovation, precision, and quality, we bring advanced Japanese semiconductor technolo... ",COPPER,False,False,,
Polymath Robotics,Polymath Robotics makes it easy to add autonomous navigation to any off-highway vehicle.,6367,,,https://askthepolymath.com/what-is-a-polymath/,,,True,Unknown,✅ GOOD,All checks passed.,Re-searched,Polymath Robotics makes it easy to add autonomous navigation to any off-highway vehicle. ,COPPER,False,False,,
POLYN Technology,,61701,,,,,,,,,,Re-searched, ,INSUFFICIENT,False,False,,No website found via search
"Polyphenol Factory Co.,Ltd","Polyphenol Factory, founded in 2023 by KAIST Professor Haeshin Lee, leverages the natural adhesive and browning properties of polyphenols to develop groundbreaking beauty solutions. Its flagship techn...",62633,,,,,,,,,,Re-searched,"Polyphenol Factory, founded in 2023 by KAIST Professor Haeshin Lee, leverages the natural adhesive and browning properties of polyphenols to develop groundbreaking beauty solutions. Its flagship techn... ",COPPER,False,False,,
Pom Gear,"For 24 years POM has brought innovation, newness, & retail programs to mass. We are most well known for having on-hand inventory to meet the fluctuating demands at retail coupled with Just In Time Del...",20025,,,,,,,,,,Re-searched,"For 24 years POM has brought innovation, newness, & retail programs to mass. We are most well known for having on-hand inventory to meet the fluctuating demands at retail coupled with Just In Time Del... ",COPPER,False,False,,
Pongbot Limited,"Pongbot is an innovative high-tech company with expertise in AI algorithms, robotics, and human-machine interaction,with next-generation smart tennis & pingpong mahcine redefining training, education,...",56554,,,,,,,,,,Re-searched,"Pongbot is an innovative high-tech company with expertise in AI algorithms, robotics, and human-machine interaction,with next-generation smart tennis & pingpong mahcine redefining training, education,... ",COPPER,False,False,,
PONS Inc,Making ultrasound accessible to the mass market with AI We believe that mobile ultrasound will become a consumer product. Healthcare is shifting to become highly decentralized and proactive. We are t...,53423,,,https://www.ponstech.co/,,,True,Unknown,✅ GOOD,All checks passed.,Re-searched,Making ultrasound accessible to the mass market with AI We believe that mobile ultrasound will become a consumer product. Healthcare is shifting to become highly decentralized and proactive. We are t... ,BRONZE_WEB,True,False,,
PONTOSENSE,"Pontosense develops privacy-first, contactless sensing technology that enhances lives and protects the vulnerable. By combining wireless engineering with AI, Pontosense transforms everyday spaces into...",53423,,,https://www.pontosense.com/,,,True,Unknown,✅ GOOD,All checks passed.,Re-searched,"Pontosense develops privacy-first, contactless sensing technology that enhances lives and protects the vulnerable. By combining wireless engineering with AI, Pontosense transforms everyday spaces into... ",BRONZE_WEB,True,False,,
PopuMusic Global Inc,,60651,,,,,,,,,,Re-searched, ,INSUFFICIENT,False,False,,No website found via search
Portalgraph Inc.,,62801,,,,,,,,,,Re-searched, ,INSUFFICIENT,False,False,,No website found via search
Power & Performance Depot LLC,,35402,,,,,,,,,,Re-searched, ,INSUFFICIENT,False,False,,No website found via search
Powercast Corporation,"Powercast is your one-stop-shop for all things wireless power and wireless charging, short to long range, microwatts to kilowatts, with the industry's broadest technology & 300+ global patents. Our wi...",51716,,,,,,,,,,Re-searched,"Powercast is your one-stop-shop for all things wireless power and wireless charging, short to long range, microwatts to kilowatts, with the industry's broadest technology & 300+ global patents. Our wi... ",COPPER,False,False,,
"PowerCubeSemi, Inc","Power Cube Semi Co., Ltd. specializes in designing and selling high-efficiency power semiconductor devices , Sensor and heater solutions by combining eco-friendly green IT and power IT.",50328,,,,,,,,,,Re-searched,"Power Cube Semi Co., Ltd. specializes in designing and selling high-efficiency power semiconductor devices , Sensor and heater solutions by combining eco-friendly green IT and power IT. ",COPPER,False,False,,
Powered Living,We provide the latest technology of percussion devices and accessories.,55648,,,https://poweredliving.com/,,,True,Unknown,✅ GOOD,All checks passed.,Re-searched,We provide the latest technology of percussion devices and accessories. ,BRONZE_WEB,True,False,,
Powerquark Inc,"Powerquark is one of the leading analog and embedded chip design companies. We focus on analog and embedded chip design, and our products cover multiple fields such as charging management, battery man...","52271, Suite 29-211",,,https://www.powerquark.com/,,,True,Unknown,✅ GOOD,All checks passed.,Re-searched,"Powerquark is one of the leading analog and embedded chip design companies. We focus on analog and embedded chip design, and our products cover multiple fields such as charging management, battery man... ",BRONZE_WEB,True,False,,
PRECI-DIP,"PRECI-DIP is a leading designer and producer of precision micro-machined electronic contacts, connectors, and interconnects, for MIL/AERO, Medical, Automotive, Industrial, and Consumer market segments...",52952,,,https://precidip.com/,,,True,Unknown,✅ GOOD,All checks passed.,Re-searched,"PRECI-DIP is a leading designer and producer of precision micro-machined electronic contacts, connectors, and interconnects, for MIL/AERO, Medical, Automotive, Industrial, and Consumer market segments... ",BRONZE_WEB,True,False,,
Premier Accessory Group,"Recognized as one of the leading accessories manufacturers in the industry, Premier's prestigious portfolio of licensed and company-owned brand names includes Energizer, Premier, Hi-Tech, Lumin8, Roll...",20204,,,https://promocode.premier.one/,,,True,Unknown,⚠️ UNCLEAR,1 keyword(s) found,Re-searched,"Recognized as one of the leading accessories manufacturers in the industry, Premier's prestigious portfolio of licensed and company-owned brand names includes Energizer, Premier, Hi-Tech, Lumin8, Roll... ",BRONZE_WEB,True,False,,
Presaige,"PRESAIGE™ is a patent-pending AI powered toolset for all creators that objectively and accurately predicts marketing content effectiveness. Know where you stand, and get clear, actionable suggestions ...",17225F,,,,,,,,,,Re-searched,"PRESAIGE™ is a patent-pending AI powered toolset for all creators that objectively and accurately predicts marketing content effectiveness. Know where you stand, and get clear, actionable suggestions ... ",COPPER,False,False,,
Pretika Corporation,"Connected Wound Care Technology: Allowing Clinicians to monitor in Real Time the healing process of Acute and Chronic wounds with a non-invasive Multispectral, Hyperspectral and Digital Imaging Techno...",56126,,,,,,,,,,Re-searched,"Connected Wound Care Technology: Allowing Clinicians to monitor in Real Time the healing process of Acute and Chronic wounds with a non-invasive Multispectral, Hyperspectral and Digital Imaging Techno... ",COPPER,False,False,,
Primech AI,"Primech AI is a leading robotics company dedicated to pushing the boundaries of innovation in technology. With a team of passionate individuals and a commitment to collaboration, Primech AI is poised ...",8935,,,https://primech.ai/,,,True,Unknown,✅ GOOD,All checks passed.,Skipped - Valid,"Primech AI is a leading robotics company dedicated to pushing the boundaries of innovation in technology. With a team of passionate individuals and a commitment to collaboration, Primech AI is poised ... ",BRONZE_WEB,True,False,,
Pro Gamersware USA,"Pro Gamersware, part of Pro Gamers Group, is a global leader in the gaming industry, enhancing the gaming lifestyle through innovative products and services. Operating in Europe, Asia, Australia, and ...","Bassano 2602, Veronese 2501B",,,https://www.gamersware.com/,,,True,Unknown,✅ GOOD,All checks passed.,Skipped - Valid,"Pro Gamersware, part of Pro Gamers Group, is a global leader in the gaming industry, enhancing the gaming lifestyle through innovative products and services. Operating in Europe, Asia, Australia, and ... ",BRONZE_WEB,True,False,,
"Projectbuildup, Inc.","Chiki provides on-site AI photo booth rentals for events. Our service transforms guests into unique AI characters on 4-cut photos in under 30 seconds, maximizing throughput and engagement. Each photo ...",62653,,,,,,,,,,Re-searched,"Chiki provides on-site AI photo booth rentals for events. Our service transforms guests into unique AI characters on 4-cut photos in under 30 seconds, maximizing throughput and engagement. Each photo ... ",COPPER,False,False,,
Prospect Events Productions Inc,,"Aria Hospitality Suites, Aria Hospitality Suites 2, Aria Hospitality Suites 3",,,,,,,,,,Re-searched, ,INSUFFICIENT,False,False,,No website found via search
Protech Electronics & Technology Limited,"Protech Electronics & Technology Limited, branded as Protech is a professional company specializing in the research, development, and application of high-definition audiovisual digital technology.",35511,,,https://www.protechet.com/about,,,True,Unknown,✅ GOOD,All checks passed.,Skipped - Valid,"Protech Electronics & Technology Limited, branded as Protech is a professional company specializing in the research, development, and application of high-definition audiovisual digital technology. ",BRONZE_WEB,True,False,,
ProtectOne Global Ltd,"TICKLESS is a chemical-free tick repellent. Innovative, non-toxic, and 100 % safe for all members of the family. Perfect choice for spending time outdoors, hiking, running, picnics etc.",50359,,,,,,,,,,Re-searched,"TICKLESS is a chemical-free tick repellent. Innovative, non-toxic, and 100 % safe for all members of the family. Perfect choice for spending time outdoors, hiking, running, picnics etc. ",COPPER,False,False,,
Proto Inc.,,53423,,,https://support.protoindustrial.com/hc/en-us,,,,,,,Re-searched, ,INSUFFICIENT,False,False,,No website found via search
Provoke Solutions,"Meet KNOVVA.AI, the future of the software development lifecycle powered by Provoke’s Proprietary IP. Our AI digital co-workers automate testing, quality, and modernization, delivering faster results ...",11035,,,https://provokesolutions.com/,,,True,Unknown,✅ GOOD,All checks passed.,Skipped - Valid,"Meet KNOVVA.AI, the future of the software development lifecycle powered by Provoke’s Proprietary IP. Our AI digital co-workers automate testing, quality, and modernization, delivering faster results ... ",COPPER,False,False,,
PTC,"Companies that make products the world relies on, rely on PTC. From planes to medical devices to wind turbines, our software enables smarter design, manufacturing, and service. At CES 2026, we showcas...",6027,,,,,,,,,,Re-searched,"Companies that make products the world relies on, rely on PTC. From planes to medical devices to wind turbines, our software enables smarter design, manufacturing, and service. At CES 2026, we showcas... ",COPPER,False,False,,
Pura Vida,,54612,,,https://status.trypura.com/history/8,,,,,,,Re-searched, ,BRONZE_WEB,True,False,,
Puwell Technology Inc.,"At Puwell, we're a leading provider of internet camera platform services, offering PaaS, SaaS, and HaaS. We focus on open cloud platforms and OEM collaboration. Our services include comprehensive Andr...",52544,,,https://www.puwell.com/,,,True,Unknown,✅ GOOD,All checks passed.,Re-searched,"At Puwell, we're a leading provider of internet camera platform services, offering PaaS, SaaS, and HaaS. We focus on open cloud platforms and OEM collaboration. Our services include comprehensive Andr... ",BRONZE_WEB,True,False,,
PV Circonomy,"We specialize in zero-waste PV panel recycling, integrating cutting-edge technology and localized UPcycling to reduce waste and reintegrate materials into the supply chain, ensuring a sustainable futu...",62201,,,,,,,,,,Re-searched,"We specialize in zero-waste PV panel recycling, integrating cutting-edge technology and localized UPcycling to reduce waste and reintegrate materials into the supply chain, ensuring a sustainable futu... ",COPPER,False,False,,
PwC,"The PwC Experience Lounge is in The Venetian South Tower Level 10 in Wedding Chapel. With a vision for the future and a human-led, tech-powered approach, PwC combines cutting-edge tech with razor-s...","C102, C103",,,,,,,,,,Re-searched,"The PwC Experience Lounge is in The Venetian South Tower Level 10 in Wedding Chapel. With a vision for the future and a human-led, tech-powered approach, PwC combines cutting-edge tech with razor-s... ",COPPER,False,False,,
Qlay Technologies,,62801,,,,,,,,,,Re-searched, ,INSUFFICIENT,False,False,,No website found via search
"Quadric, Inc.",Quadric® is a semiconductor IP licensing company offering unified hardware/software architecture for efficient on-device AI and DSP processing. Its Chimera™ GPNPU merges the strengths of NPUs and DSPs...,Bassano 2705,,,https://quadric.io/about/,,,True,Unknown,✅ GOOD,All checks passed.,Skipped - Valid,Quadric® is a semiconductor IP licensing company offering unified hardware/software architecture for efficient on-device AI and DSP processing. Its Chimera™ GPNPU merges the strengths of NPUs and DSPs... ,BRONZE_WEB,True,False,,
"QUANDO, Inc.",,62801,,,,,,,,,,Re-searched, ,INSUFFICIENT,False,False,,No website found via search
Quanovate Tech dba Mira,Mira is a San Francisco-based hormonal health company providing integrative care and hormonal testing. Mira was founded in late 2015 with a mission to develop data-driven hormonal health solutions to ...,54298,,,https://techround.co.uk/startups/6-mira-quanovate/,,,True,Unknown,✅ GOOD,All checks passed.,Skipped - Valid,Mira is a San Francisco-based hormonal health company providing integrative care and hormonal testing. Mira was founded in late 2015 with a mission to develop data-driven hormonal health solutions to ... ,BRONZE_WEB,True,False,,
QUATERNION Inc,,50816,,,,,,,,,,Re-searched, ,INSUFFICIENT,False,False,,No website found via search
Quest USA Corp (Quest Basics),,21614,,,,,,,,,,Re-searched, ,INSUFFICIENT,False,False,,No website found via search
Quickplay,"Quickplay is leading cloud transformations of OTT and in-home experiences for pay-TV, telcos, and MVPDs. Our cloud-native platform leverages a Gen5 architecture for unparalleled performance in deliver...",Aria Hospitality Suites,,,,,,,,,,Re-searched,"Quickplay is leading cloud transformations of OTT and in-home experiences for pay-TV, telcos, and MVPDs. Our cloud-native platform leverages a Gen5 architecture for unparalleled performance in deliver... ",COPPER,False,False,,
Quintauris España S.L.,"Quintauris is a global provider of RISC-V-based products. Founded in 2023, Quintauris develops profiles, reference architectures and software components which enable compatibility and help establish R...",N106,,,,,,,,,,Re-searched,"Quintauris is a global provider of RISC-V-based products. Founded in 2023, Quintauris develops profiles, reference architectures and software components which enable compatibility and help establish R... ",COPPER,False,False,,
R&D eLynceus Inc.,Web portal providing innovative solutions for businesses and homes: - Speech Recognition for automatic calls to emergency services and registered contacts when you cannot reach your phone to call -...,9578,,,,,,,,,,Re-searched,Web portal providing innovative solutions for businesses and homes: - Speech Recognition for automatic calls to emergency services and registered contacts when you cannot reach your phone to call -... ,COPPER,False,False,,
Radioshack USA LLC,"Established in 1921, RadioShack is an iconic American chain of consumer electronics. It is a one-stop tech shop for electronics, gaming devices, portable chargers, batteries, audio products, cables, a...",30825,,,https://www.radioshack.com/,,,True,Unknown,✅ GOOD,All checks passed.,Skipped - Valid,"Established in 1921, RadioShack is an iconic American chain of consumer electronics. It is a one-stop tech shop for electronics, gaming devices, portable chargers, batteries, audio products, cables, a... ",BRONZE_WEB,True,False,,
RaDoTech Health Technologies,"RaDoTech - multifunctional essential health tracker. Reliable, mobile, FDA registered. Get report on 12 vital organs with easy 2 minutes test. Optimize your dieting, sports, supplements, sleep, daily ...",55630,,,,,,,,,,Re-searched,"RaDoTech - multifunctional essential health tracker. Reliable, mobile, FDA registered. Get report on 12 vital organs with easy 2 minutes test. Optimize your dieting, sports, supplements, sleep, daily ... ",COPPER,False,False,,
RAM Mounts,"RAM® Mounts is a leading manufacturer in rugged, durable mounting systems and docking stations for mobile electronics. RAM® Mounts utilizes a patented ball and socket mounting system that allows you t...",4170,,,https://ocmounts.com/,,,True,Unknown,✅ GOOD,All checks passed.,Re-searched,"RAM® Mounts is a leading manufacturer in rugged, durable mounting systems and docking stations for mobile electronics. RAM® Mounts utilizes a patented ball and socket mounting system that allows you t... ",BRONZE_WEB,True,False,,
Ranictek Inc.,,62201,,,,,,,,,,Re-searched, ,INSUFFICIENT,False,False,,No website found via search
Rapidus Corporation,"Rapidus 2nm foundry & advanced packaging center in Hokkaido, Japan, will start volume operations in 2027. Named IIM for ""Innovative Integration for Manufacturing"", Rapicus aims to build energy-effici...",Venetian Palazzo Hospitality Suites,,,https://www.rapidus.inc/en/,,,True,Unknown,✅ GOOD,All checks passed.,Skipped - Valid,"Rapidus 2nm foundry & advanced packaging center in Hokkaido, Japan, will start volume operations in 2027. Named IIM for ""Innovative Integration for Manufacturing"", Rapicus aims to build energy-effici... ",BRONZE_WEB,True,False,,
Razer USA Ltd,Razer is the world's leading lifestyle brand for gamers.,"Bellini 2101A, Bellini 2101B, Bellini 2102 + 1 more",,,https://www.razer.com/,,,True,Unknown,✅ GOOD,All checks passed.,Re-searched,Razer is the world's leading lifestyle brand for gamers. ,COPPER,False,False,,
RCA,"RCA is an iconic brand that has endured from generation-to-generation. Its timeless logo and technological advances have permeated worldwide culture as a symbol of quality and reliability. Today, R...","15827, 16227",,,,,,,,,,Re-searched,"RCA is an iconic brand that has endured from generation-to-generation. Its timeless logo and technological advances have permeated worldwide culture as a symbol of quality and reliability. Today, R... ",COPPER,False,False,,
Rdod Corporation,,62633,,,,,,,,,,Re-searched, ,INSUFFICIENT,False,False,,No website found via search
Real-Time Innovations (RTI),"RTI delivers the real-time data communication that powers the next generation of Software Defined Vehicles (SDVs). RTI is the safety-certified communication framework leader for SDVs, trusted by OEMs ...",4662,,,,,,,,,,Re-searched,"RTI delivers the real-time data communication that powers the next generation of Software Defined Vehicles (SDVs). RTI is the safety-certified communication framework leader for SDVs, trusted by OEMs ... ",COPPER,False,False,,
Realbotix,"Realbotix can replicate a historical figure, a celebrity or bring to life a client's vision for a humanoid robot. Our clients choose what robot they want and customize the details and aesthetics of th...",9566,,,https://www.realbotix.ai/,,,True,Unknown,✅ GOOD,All checks passed.,Skipped - Valid,"Realbotix can replicate a historical figure, a celebrity or bring to life a client's vision for a humanoid robot. Our clients choose what robot they want and customize the details and aesthetics of th... ",BRONZE_WEB,True,False,,
Realfiction Lab ApS,,22036,,,https://www.realfiction.com/,,,,,,,Re-searched, ,BRONZE_WEB,True,False,,
Realhand Inc.,Realhand is redefining the future of human-machine interaction through next-generation AI-powered robotic hands. Our mission is to bridge the gap between artificial intelligence and physical dexterity...,8119,,,https://www.realhand.com/,,,True,Unknown,✅ GOOD,All checks passed.,Skipped - Valid,Realhand is redefining the future of human-machine interaction through next-generation AI-powered robotic hands. Our mission is to bridge the gap between artificial intelligence and physical dexterity... ,BRONZE_WEB,True,False,,
RECONCEPT,"Reconcept develops cognitive and physiological regeneration capsules inspired by zero-gravity and neuroscience. An immersive technology that reduces stress, restores inner balance, and activates the b...",60711,,,https://www.reconcept.ca/,,,True,Unknown,⚠️ UNCLEAR,1 keyword(s) found,Skipped - Valid,"Reconcept develops cognitive and physiological regeneration capsules inspired by zero-gravity and neuroscience. An immersive technology that reduces stress, restores inner balance, and activates the b... ",BRONZE_WEB,True,False,,
Reconlabs,,50523,,,https://www.reconlabs.ai/,,,,,,,Re-searched, ,INSUFFICIENT,False,False,,No website found via search
"Red Hat, Inc","Red Hat is the world’s leading provider of enterprise open source software solutions, using a community-powered approach to deliver reliable and high-performing Linux, hybrid cloud, container, and Kub...",3277,,,,,,,,,,Re-searched,"Red Hat is the world’s leading provider of enterprise open source software solutions, using a community-powered approach to deliver reliable and high-performing Linux, hybrid cloud, container, and Kub... ",COPPER,False,False,,
Redblox.ai,"Redblox.ai is a next-generation AI Workflow Orchestration Platform designed to automate complex business processes across chat, voice, and data systems. It allows companies to rapidly create, deploy...",62236,,,https://www.redblox.io/,,,True,Unknown,✅ GOOD,All checks passed.,Re-searched,"Redblox.ai is a next-generation AI Workflow Orchestration Platform designed to automate complex business processes across chat, voice, and data systems. It allows companies to rapidly create, deploy... ",BRONZE_WEB,True,False,,
Reddit Inc.,"Reddit is the place for people to dive into anything through experiences built around passions and interests. From pets to parenting, there’s a community for everybody on Reddit, and it’s home to the ...","East Veranda, Primrose 3",,,https://redditinc.com/,,,False,Unknown,❌ WRONG,Junk domain,Re-searched,"Reddit is the place for people to dive into anything through experiences built around passions and interests. From pets to parenting, there’s a community for everybody on Reddit, and it’s home to the ... ",BRONZE_WEB,True,False,,
Reed AI,"Part communication decoder ring, part sensory learning coach: Reed AI is like Duolingo for learning from daily life. Created to bridge language & literacy therapy gains with everyday life for millions...",60459,,,https://reed.ai/,,,True,Unknown,⚠️ UNCLEAR,1 keyword(s) found,Skipped - Valid,"Part communication decoder ring, part sensory learning coach: Reed AI is like Duolingo for learning from daily life. Created to bridge language & literacy therapy gains with everyday life for millions... ",BRONZE_WEB,True,False,,
Reflective AI,,60261,,,,,,,,,,Re-searched, ,INSUFFICIENT,False,False,,No website found via search
Remarkable,,61053,,,,,,,,,,Re-searched, ,INSUFFICIENT,False,False,,No website found via search
Remento,Remento's voice-powered memory books transform memories of the past into a book of stories for the future - all without writing a word.,53423,,,https://www.remento.co/,,,True,Unknown,✅ GOOD,All checks passed.,Skipped - Valid,Remento's voice-powered memory books transform memories of the past into a book of stories for the future - all without writing a word. ,BRONZE_WEB,True,False,,
REMORA,Remora Technology is a company that offers innovative solutions in the maritime sector. They are particularly notable for their unmanned underwater robots that they have developed in the field of unde...,63432,,,https://remora.com/,,,True,Unknown,⚠️ UNCLEAR,1 keyword(s) found,Re-searched,Remora Technology is a company that offers innovative solutions in the maritime sector. They are particularly notable for their unmanned underwater robots that they have developed in the field of unde... ,COPPER,False,False,,
Renaissance Hospitality Suites,,Renaissance Hospitality Suites,,,,,,,,,,Re-searched, ,INSUFFICIENT,False,False,,No website found via search
Rendora LLC,,8105,,,,,,,,,,Re-searched, ,INSUFFICIENT,False,False,,No website found via search
"Renesas Electronics America, Inc.","A global leader in microcontrollers, analog, power, and SoC products, Renesas Electronics Corporation provides comprehensive solutions for a broad range of automotive, industrial, home electronics, of...",31950,,,,,,,,,,Re-searched,"A global leader in microcontrollers, analog, power, and SoC products, Renesas Electronics Corporation provides comprehensive solutions for a broad range of automotive, industrial, home electronics, of... ",COPPER,False,False,,
Renew System,Renew System offers cutting-edge chemical recycling technologies that transform waste plastic and textiles into high-quality raw materials. An innovative pre-treatment process for mixed textiles compl...,8600,,,https://www.renewrelationshipcounseling.com/the-renew-system,,,True,Unknown,✅ GOOD,All checks passed.,Skipped - Valid,Renew System offers cutting-edge chemical recycling technologies that transform waste plastic and textiles into high-quality raw materials. An innovative pre-treatment process for mixed textiles compl... ,BRONZE_WEB,True,False,,
Renpho,"RENPHO is a leading smart health company that provides a growing ecosystem of smart lifestyle products. Through our accessible and technologically advanced solutions, we shine a light on people’s ...",53611,,,https://renpho.troupon.com/,,,True,Unknown,✅ GOOD,All checks passed.,Skipped - Valid,"RENPHO is a leading smart health company that provides a growing ecosystem of smart lifestyle products. Through our accessible and technologically advanced solutions, we shine a light on people’s ... ",COPPER,False,False,,
Reolink Innovation Inc,"Founded in 2009, Reolink is an innovative leader in intelligent visual technology for the home, dedicated to transforming home security with advanced, reliable, and user-centric solutions that empower...",52817,,,,,,,,,,Re-searched,"Founded in 2009, Reolink is an innovative leader in intelligent visual technology for the home, dedicated to transforming home security with advanced, reliable, and user-centric solutions that empower... ",COPPER,False,False,,
ReSaTech Limited,,50732,,,,,,,,,,Re-searched, ,INSUFFICIENT,False,False,,No website found via search
Resideo,"Resideo is a leading global manufacturer and developer of technology-driven products and services that deliver comfort, energy efficiency, safety, and security. Through our trusted brands—Honeywell Ho...",Titian 2201B,,,https://www.resideo.com/us/en/,,,True,Unknown,✅ GOOD,All checks passed.,Skipped - Valid,"Resideo is a leading global manufacturer and developer of technology-driven products and services that deliver comfort, energy efficiency, safety, and security. Through our trusted brands—Honeywell Ho... ",BRONZE_WEB,True,False,,
Resorts World Hospitality Suites,,Resorts World Hospitality Suites,,,,,,,,,,Re-searched, ,INSUFFICIENT,False,False,,No website found via search
Restful,Restful designs lighting solutions for quality sleep and wakefulness. Our evidence-based technology supports your circadian rhythm by automatically adjusting blue and infrared light exposure throughou...,60448,,,,,,,,,,Re-searched,Restful designs lighting solutions for quality sleep and wakefulness. Our evidence-based technology supports your circadian rhythm by automatically adjusting blue and infrared light exposure throughou... ,COPPER,False,False,,
Rexing Inc.,"We are striving to become the leading brand in dash cams by pursuing innovative strategies, and maintaining a strong commitment to our customers, and we are thankful for everyone who supports us.",3308,,,https://rexing.com/,,,True,Unknown,✅ GOOD,All checks passed.,Re-searched,"We are striving to become the leading brand in dash cams by pursuing innovative strategies, and maintaining a strong commitment to our customers, and we are thankful for everyone who supports us. ",BRONZE_WEB,True,False,,
RheoFit,"Founded in Shenzhen in 2023, RheoFit stands as a pioneering enterprise at the intersection of robotics technology and musculoskeletal recovery, dedicated to redefining the future of physical wellness ...",62919,,,,,,,,,,Re-searched,"Founded in Shenzhen in 2023, RheoFit stands as a pioneering enterprise at the intersection of robotics technology and musculoskeletal recovery, dedicated to redefining the future of physical wellness ... ",COPPER,False,False,,
Richtech Robotics,"Since 2016, Richtech Robotics has provided collaborative robotic solutions to the service industry, including hospitality, healthcare, and automotive. These cutting-edge solutions enhance the customer...",8447,,,,,,,,,,Re-searched,"Since 2016, Richtech Robotics has provided collaborative robotic solutions to the service industry, including hospitality, healthcare, and automotive. These cutting-edge solutions enhance the customer... ",COPPER,False,False,,
Rinecopo Inc.,"At RINECOPO, we believe that energy should move with you—seamlessly, powerfully, and sustainably. As a global trailblazer in portable power and fast-charging solutions, we combine cutting-edge design ...",35504,,,https://rinecopo.com/pages/about-us,,,True,Unknown,✅ GOOD,All checks passed.,Re-searched,"At RINECOPO, we believe that energy should move with you—seamlessly, powerfully, and sustainably. As a global trailblazer in portable power and fast-charging solutions, we combine cutting-edge design ... ",BRONZE_WEB,True,False,,
RingConn LLC,"RingConn's mission is to provide innovative products and services that improve people's understanding of themselves, while combining technology, healthcare and interdisciplinarity to make these produc...",55535,,,https://ringconn.com/,,,True,Unknown,✅ GOOD,All checks passed.,Re-searched,"RingConn's mission is to provide innovative products and services that improve people's understanding of themselves, while combining technology, healthcare and interdisciplinarity to make these produc... ",BRONZE_WEB,True,False,,
RiseLink,"RiseLink is a top global producer of AIoT chipsets, shipping 300M+ units each year. Our ultra-low-power Wi-Fi and Bluetooth LE solutions bring intelligence to everyday products—from toys and robots to...",53117,,,,,,,,,,Re-searched,"RiseLink is a top global producer of AIoT chipsets, shipping 300M+ units each year. Our ultra-low-power Wi-Fi and Bluetooth LE solutions bring intelligence to everyday products—from toys and robots to... ",COPPER,False,False,,
Roam smart tracker,"Roam is a sleek smart tracker with Apple and Android “Find My” integration. Sold in 81 countries at launch, it attaches to anything, includes smart QR recovery with What3words, and needs no app or ext...",60243,,,,,,,,,,Re-searched,"Roam is a sleek smart tracker with Apple and Android “Find My” integration. Sold in 81 countries at launch, it attaches to anything, includes smart QR recovery with What3words, and needs no app or ext... ",COPPER,False,False,,
Robbox Tools,"At ROBBOX, we’ve created the world’s first intelligent power tool platform—merging precision hardware, adaptive software, and real-time data to empower professionals worldwide. Our technology delivers...",8276,,,https://shop.robboxtools.com/,,,True,Unknown,✅ GOOD,All checks passed.,Skipped - Valid,"At ROBBOX, we’ve created the world’s first intelligent power tool platform—merging precision hardware, adaptive software, and real-time data to empower professionals worldwide. Our technology delivers... ",BRONZE_WEB,True,False,,
Roblox Corporation,,Condesa 8,,,https://devforum.roblox.com/t/introducing-creator-rewards-earn-more-by-growing-the-community/3777628,,,,,,,Re-searched, ,BRONZE_WEB,True,False,,
Robotera,"ROBOTERA was founded in August 2023 with a mission to create general-purpose humanoid robotics for the physical world, and deliver adaptive productivity solutions that enable robots to empower a wide ...",9345,,,https://docs.robotera.io/,,,True,Unknown,✅ GOOD,All checks passed.,Skipped - Valid,"ROBOTERA was founded in August 2023 with a mission to create general-purpose humanoid robotics for the physical world, and deliver adaptive productivity solutions that enable robots to empower a wide ... ",BRONZE_WEB,True,False,,
ROBOTIS,"ROBOTIS is a global leader in robotics solutions, specializing in actuators and intelligent platforms. For over 25 years, we have been dedicated to pioneering the field of robotics by developing the i...",8871,,,https://robotis.us/,,,True,Unknown,✅ GOOD,All checks passed.,Skipped - Valid,"ROBOTIS is a global leader in robotics solutions, specializing in actuators and intelligent platforms. For over 25 years, we have been dedicated to pioneering the field of robotics by developing the i... ",BRONZE_WEB,True,False,,
Robros,ROBROS builds intelligent humanoid robots with full-stack in-house technologies—from hardware to AI control. Our algorithms enable real-time motion prediction and adaptation in untrained environments....,8871,,,https://robros.co.kr/,,,True,Unknown,✅ GOOD,All checks passed.,Skipped - Valid,ROBROS builds intelligent humanoid robots with full-stack in-house technologies—from hardware to AI control. Our algorithms enable real-time motion prediction and adaptation in untrained environments.... ,BRONZE_WEB,True,False,,
"Roku, Inc","Our mission is to be the streaming platform that connects and benefits the entire TV ecosystem around the world. We connect users to the streaming content they love, we enable content publishers to bu...","Aria Hospitality Suites, Aria Hospitality Suites 2, Aria Hospitality Suites 3",,,,,,,,,,Re-searched,"Our mission is to be the streaming platform that connects and benefits the entire TV ecosystem around the world. We connect users to the streaming content they love, we enable content publishers to bu... ",COPPER,False,False,,
Rolling Seeds Inc.,"Interactive Edutainment Games for Homes & Schools. RollingSeeds creates tactile play experiences with the 'SEED' interface, seamlessly connected to a tablet PC app for variety of contents.",53959,,,,,,,,,,Re-searched,"Interactive Edutainment Games for Homes & Schools. RollingSeeds creates tactile play experiences with the 'SEED' interface, seamlessly connected to a tablet PC app for variety of contents. ",COPPER,False,False,,
Rolling Square,"Natura Umana creates a natural, voice-first AI ecosystem through NatureOS and HumanPods, liberating users from screen dependency. Rolling Square designs groundbreaking consumer electronics that solve ...",30210,,,https://rollingsquare.com/,,,True,Unknown,✅ GOOD,All checks passed.,Skipped - Valid,"Natura Umana creates a natural, voice-first AI ecosystem through NatureOS and HumanPods, liberating users from screen dependency. Rolling Square designs groundbreaking consumer electronics that solve ... ",BRONZE_WEB,True,False,,
Roundel,,Aria Hospitality Suites,,,,,,,,,,Re-searched, ,INSUFFICIENT,False,False,,No website found via search
Roush,"If you can dream it, we can build it. And design it, model it, engineer it, test it, validate it, manufacture it, and so much more. Whether on the road, the sky, the sea or exploring new frontiers, fo...",5677,,,,,,,,,,Re-searched,"If you can dream it, we can build it. And design it, model it, engineer it, test it, validate it, manufacture it, and so much more. Whether on the road, the sky, the sea or exploring new frontiers, fo... ",COPPER,False,False,,
RoverSense Technologies,"RoverSense Technologies aims to revolutionize electronics for the Recreational Vehicle industry through its diverse products offerings. RoverSense has developed AI-powered liquid level sensors, highly...",6578,,,https://www.roversensetech.com/,,,True,Unknown,✅ GOOD,All checks passed.,Skipped - Valid,"RoverSense Technologies aims to revolutionize electronics for the Recreational Vehicle industry through its diverse products offerings. RoverSense has developed AI-powered liquid level sensors, highly... ",BRONZE_WEB,True,False,,
ROWAIN Inc.,ROWAIN developed a new type of automated vertical farm 'INTELLI-FARM' designed from a robot perspective. INTELLI-FARM is the only future agricultural solution that solves profitability problems by ma...,50523,,,,,,,,,,Re-searched,ROWAIN developed a new type of automated vertical farm 'INTELLI-FARM' designed from a robot perspective. INTELLI-FARM is the only future agricultural solution that solves profitability problems by ma... ,COPPER,False,False,,
Runmefit Inc.,"Founded in 2015, Runmefit aims to bridge the gap between daily health awareness and accessible, advanced fitness tech. Our range of smartwatches and activity trackers are seamlessly connected to the R...",54368,,,,,,,,,,Re-searched,"Founded in 2015, Runmefit aims to bridge the gap between daily health awareness and accessible, advanced fitness tech. Our range of smartwatches and activity trackers are seamlessly connected to the R... ",COPPER,False,False,,
RWM,Laser and red light therapy devices,31701,,,,,,,,,,Re-searched,Laser and red light therapy devices ,COPPER,False,False,,
Sakar International,,16237,,,,,,,,,,Re-searched, ,INSUFFICIENT,False,False,,No website found via search
Sam's Club Member Access Platform,"MAP’s mission is to provide the most valuable and additive ads experience to our member. It's our member-first approach that differentiates us, along with the combination of our platform, our products...",Aria Hospitality Suites,,,https://map.samsclub.com/,,,True,Unknown,✅ GOOD,All checks passed.,Re-searched,"MAP’s mission is to provide the most valuable and additive ads experience to our member. It's our member-first approach that differentiates us, along with the combination of our platform, our products... ",BRONZE_WEB,True,False,,
Samba TV,"Samba TV is the global leader in television technology powering real-time insights and audience targeting. We provide advertisers and media companies a unified view of the entire consumer journey, de...",Aria Hospitality Suites,,,https://www.samba.tv/,,,True,Unknown,✅ GOOD,All checks passed.,Re-searched,"Samba TV is the global leader in television technology powering real-time insights and audience targeting. We provide advertisers and media companies a unified view of the entire consumer journey, de... ",BRONZE_WEB,True,False,,
Samsonic Trading Company Inc.,,19511,,,,,,,,,,Re-searched, ,INSUFFICIENT,False,False,,No website found via search
"Samsung Electronics America, Inc.","Samsung Ads is an advertising ecosystem spanning hundreds of millions of smart devices across TV, mobile, and desktop. Our unrivaled understanding of consumers, powered by exclusive Samsung data and i...",,,,https://www.samsung.com/us/?msockid=13f69bed67d7697a34ca8d40663868b3,,,True,Unknown,✅ GOOD,All checks passed.,Re-searched,"Samsung Ads is an advertising ecosystem spanning hundreds of millions of smart devices across TV, mobile, and desktop. Our unrivaled understanding of consumers, powered by exclusive Samsung data and i... ",BRONZE_WEB,True,False,,
"Samsung Electronics, Inc.","Samsung Electronics Co., Ltd. inspires the world and shapes the future with transformative ideas and technologies. The company is redefining the worlds of TVs, digital signage, smartphones, wearables,...","Lafite, Latour",,,https://www.samsung.com/us/?msockid=039d4430253361983fb2529d24fe60fa,,,True,Unknown,✅ GOOD,All checks passed.,Re-searched,"Samsung Electronics Co., Ltd. inspires the world and shapes the future with transformative ideas and technologies. The company is redefining the worlds of TVs, digital signage, smartphones, wearables,... ",BRONZE_WEB,True,False,,
"SANG GO DAE CO.,LTD",,50523,,,,,,,,,,Re-searched, ,INSUFFICIENT,False,False,,No website found via search
Sanjiang Innovations Inc.,"Vantrue is a leading innovator in premium dash cams, featuring patented imaging technologies, true 4K recording, and AI-assisted safety. Trusted by millions worldwide, Vantrue delivers real performanc...",4577,,,,,,,,,,Re-searched,"Vantrue is a leading innovator in premium dash cams, featuring patented imaging technologies, true 4K recording, and AI-assisted safety. Trusted by millions worldwide, Vantrue delivers real performanc... ",COPPER,False,False,,
Sapphire Stream Technology,"Sapphire Stream Technology (SST) is a global enterprise providing comprehensive end-to-end AI-powered solutions across Automotive, Intelligent IoT, and On-Device AI sectors. We deliver integrated soft...",N235,,,,,,,,,,Re-searched,"Sapphire Stream Technology (SST) is a global enterprise providing comprehensive end-to-end AI-powered solutions across Automotive, Intelligent IoT, and On-Device AI sectors. We deliver integrated soft... ",COPPER,False,False,,
SAS LIZIA,,60415,,,,,,,,,,Re-searched, ,INSUFFICIENT,False,False,,No website found via search
Sasken Technologies Ltd,"At Sasken, we believe that the true potential of IoT is unlocked with purpose-built silicon tailored for specific industry verticals. Our custom silicon solutions have demonstrated their ability to re...",11076,,,https://www.sasken.com/,,,True,Unknown,✅ GOOD,All checks passed.,Re-searched,"At Sasken, we believe that the true potential of IoT is unlocked with purpose-built silicon tailored for specific industry verticals. Our custom silicon solutions have demonstrated their ability to re... ",BRONZE_WEB,True,False,,
Satechi,"Founded in 2005 and headquartered in sunny San Diego, Satechi has quickly grown to become a benchmark brand in offering consumers innovative products. As one of the first consumer electronics companie...",Wynn Encore Hospitality Suites,,,https://satechi.net/,,,True,Unknown,✅ GOOD,All checks passed.,Re-searched,"Founded in 2005 and headquartered in sunny San Diego, Satechi has quickly grown to become a benchmark brand in offering consumers innovative products. As one of the first consumer electronics companie... ",BRONZE_WEB,True,False,,
Savewo Limited,,55951,,,,,,,,,,Re-searched, ,INSUFFICIENT,False,False,,No website found via search
Saxony Trade & Invest,"Saxony Trade & Invest is a state-owned agency of the Federal State of Saxony, which has fostered the development of Saxony's key industries by promoting business setups of innovative, competitive comp...",51242,,,https://visitsaxony.com/about-saxony/saxony-in-a-nutshell,,,True,Unknown,✅ GOOD,All checks passed.,Re-searched,"Saxony Trade & Invest is a state-owned agency of the Federal State of Saxony, which has fostered the development of Saxony's key industries by promoting business setups of innovative, competitive comp... ",BRONZE_WEB,True,False,,
Sba loan group,,21443,,,,,,,,,,Re-searched, ,INSUFFICIENT,False,False,,No website found via search
SBS SPA,"SBS is an international leader in smartphone and tablet accessories, recognized for innovation, design, and consumer focus. With a future-oriented vision, the company combines functionality and style,...",30525,,,,,,,,,,Re-searched,"SBS is an international leader in smartphone and tablet accessories, recognized for innovation, design, and consumer focus. With a future-oriented vision, the company combines functionality and style,... ",COPPER,False,False,,
ScenarioX SA,,61220,,,,,,,,,,Re-searched, ,INSUFFICIENT,False,False,,No website found via search
Scent of Sound,,50123,,,,,,,,,,Re-searched, ,INSUFFICIENT,False,False,,No website found via search
"Schaeffler Group USA, Inc",Schaeffler has been driving forward groundbreaking inventions and developments in the field of motion technology for over 75 years. We manufacture high-precision components and systems for drive train...,7301,,,https://www.schaeffler.us/us/,,,True,Unknown,✅ GOOD,All checks passed.,Re-searched,Schaeffler has been driving forward groundbreaking inventions and developments in the field of motion technology for over 75 years. We manufacture high-precision components and systems for drive train... ,BRONZE_WEB,True,False,,
Schlage Lock Company LLC,"For over a century, Schlage has provided peace of mind to millions of homes with our secure and innovative door hardware and access solutions. Through purposeful design, industry-leading innovation, a...",San Polo 3501B,,,https://www.schlage.com/en/home.html,,,True,Unknown,✅ GOOD,All checks passed.,Re-searched,"For over a century, Schlage has provided peace of mind to millions of homes with our secure and innovative door hardware and access solutions. Through purposeful design, industry-leading innovation, a... ",BRONZE_WEB,True,False,,
"SCHOTT North America, Inc.","As a global specialty glass & material technology group, we are constantly exploring unique and innovative ways to make a difference for businesses and people. We are a highly skilled partner for many...",Venetian Palazzo Hospitality Suites,,,https://www.schott.com/en-us,,,True,Unknown,✅ GOOD,All checks passed.,Re-searched,"As a global specialty glass & material technology group, we are constantly exploring unique and innovative ways to make a difference for businesses and people. We are a highly skilled partner for many... ",BRONZE_WEB,True,False,,
SCIC,,50816,,,,,,,,,,Re-searched, ,INSUFFICIENT,False,False,,No website found via search
Scosche Industries Inc.,"Scosche Industries is a multi-award winning consumer technology accessory company. Family owned and operated in California since 1980, we are dedicated to creating sustainably responsible, world class...","53407, Wynn Encore Hospitality Suites",,,,,,,,,,Re-searched,"Scosche Industries is a multi-award winning consumer technology accessory company. Family owned and operated in California since 1980, we are dedicated to creating sustainably responsible, world class... ",COPPER,False,False,,
SCS Inc.,"With our expertise in advanced Artificial Intelligence algorithms, we provide the best solutions to our client's thermal management problems.",9654,,,,,,,,,,Re-searched,"With our expertise in advanced Artificial Intelligence algorithms, we provide the best solutions to our client's thermal management problems. ",COPPER,False,False,,
SDMC,"As the global leader in the Smart Home ecosystem, SDMC has established end-to-end solution advantages in Android TV devices, Wi-Fi/GPON/Cable Modem devices, OTT/IoT platform, and SaaS cloud services, ...",53562,,,https://en.sdmctech.com/,,,True,Unknown,✅ GOOD,All checks passed.,Re-searched,"As the global leader in the Smart Home ecosystem, SDMC has established end-to-end solution advantages in Android TV devices, Wi-Fi/GPON/Cable Modem devices, OTT/IoT platform, and SaaS cloud services, ... ",BRONZE_WEB,True,False,,
Seagate Technology LLC,"Seagate is a leader in mass-capacity storage, and we’re on a mission to store the world’s data without limits. Over four decades, we’ve delivered more than four billion terabytes of scalable storage, ...","Venetian Palazzo Hospitality Suites, Venetian Palazzo Hospitality Suites 2",,,,,,,,,,Re-searched,"Seagate is a leader in mass-capacity storage, and we’re on a mission to store the world’s data without limits. Over four decades, we’ve delivered more than four billion terabytes of scalable storage, ... ",COPPER,False,False,,
SEANAT,,60412,,,,,,,,,,Re-searched, ,INSUFFICIENT,False,False,,No website found via search
Seastar Corporation,"SEASTAR Corporation AKA Baby Health Care, Inc. specializes in providing the best health care devices to ensure healthy babies. As a pioneer of the home-use nasal aspirator, we offer products of the hi...",56048,,,https://seastarmedical.com/,,,True,Unknown,✅ GOOD,All checks passed.,Re-searched,"SEASTAR Corporation AKA Baby Health Care, Inc. specializes in providing the best health care devices to ensure healthy babies. As a pioneer of the home-use nasal aspirator, we offer products of the hi... ",COPPER,False,False,,
SECO,SECO is a high-tech company that develops and manufactures cutting-edge solutions for the digitalization of industrial products and processes. SECO’s hardware and software offerings enable B2B compani...,8574,,,https://www.seco.com/,,,True,Unknown,✅ GOOD,All checks passed.,Re-searched,SECO is a high-tech company that develops and manufactures cutting-edge solutions for the digitalization of industrial products and processes. SECO’s hardware and software offerings enable B2B compani... ,BRONZE_WEB,True,False,,
Seco-Larm USA Inc.,"For over 55 years, SECO-LARM has delivered innovative security solutions trusted worldwide. Our growing product line empowers distributors and dealers in nearly 100 countries to stay ahead in a fast-c...",52612,,,https://secoenergy.com/,,,True,Unknown,⚠️ UNCLEAR,1 keyword(s) found,Re-searched,"For over 55 years, SECO-LARM has delivered innovative security solutions trusted worldwide. Our growing product line empowers distributors and dealers in nearly 100 countries to stay ahead in a fast-c... ",BRONZE_WEB,True,False,,
"SECURE, INC.",,50263,,,,,,,,,,Re-searched, ,INSUFFICIENT,False,False,,No website found via search
Seeing Machines Limited,,Westgate Hospitality Suites,,,,,,,,,,Re-searched, ,INSUFFICIENT,False,False,,No website found via search
Segments.ai,"Spend less time on labeling and more time building, running, and optimizing your ML algorithms. Segments.ai’s multi-sensor labeling platform lets you combine your 3D point cloud data and 2D image data...",5366,,,,,,,,,,Re-searched,"Spend less time on labeling and more time building, running, and optimizing your ML algorithms. Segments.ai’s multi-sensor labeling platform lets you combine your 3D point cloud data and 2D image data... ",COPPER,False,False,,
Segway-Ninebot,,9615,,,,,,,,,,Re-searched, ,INSUFFICIENT,False,False,,No website found via search
SEHOMARINE SOLUTIONS,"We specialize in eco-friendly ship technology, with expertise in LNG dual-fuel design, electric and hybrid propulsion, hydrogen systems, and autonomous operation. With over 40 engineering ship project...",50523,,,,,,,,,,Re-searched,"We specialize in eco-friendly ship technology, with expertise in LNG dual-fuel design, electric and hybrid propulsion, hydrogen systems, and autonomous operation. With over 40 engineering ship project... ",COPPER,False,False,,
SEI Robotics,SEI Robotics is a Smart Hardware company and a Global ODM/OEM leader in developing and manufacturing Google-certified Android TV and AloT devices. We have a broad experience in the Set-top box industr...,Suite 35-209,,,,,,,,,,Re-searched,SEI Robotics is a Smart Hardware company and a Global ODM/OEM leader in developing and manufacturing Google-certified Android TV and AloT devices. We have a broad experience in the Set-top box industr... ,COPPER,False,False,,
SelectFlorida,,50555,,,,,,,,,,Re-searched, ,INSUFFICIENT,False,False,,No website found via search
Semtech Corporation,"Semtech Corporation is a high-performance semiconductor, IoT systems and Cloud connectivity service provider dedicated to delivering high quality technology solutions that enable a smarter, more conne...",Murano 3201A,,,https://www.semtech.com/,,,True,Unknown,✅ GOOD,All checks passed.,Re-searched,"Semtech Corporation is a high-performance semiconductor, IoT systems and Cloud connectivity service provider dedicated to delivering high quality technology solutions that enable a smarter, more conne... ",BRONZE_WEB,True,False,,
Sencure,"Developer of an Analog Front-end IC, optimized for Medical-Grade Consumer Health Tracking Wearables and Medical Devices, measuring Heart (ECG), Brain (EEG) and Muscle activity (EMG). High Signal Quali...",53432r,,,,,,,,,,Re-searched,"Developer of an Analog Front-end IC, optimized for Medical-Grade Consumer Health Tracking Wearables and Medical Devices, measuring Heart (ECG), Brain (EEG) and Muscle activity (EMG). High Signal Quali... ",COPPER,False,False,,
Sensate,"Sensate is an accessible wellness tool. Non-invasive, no experience or training needed. The Sensate pebble and companion app use sound and vibration designed to soothe the nervous system; regulating t...",53423,,,,,,,,,,Re-searched,"Sensate is an accessible wellness tool. Non-invasive, no experience or training needed. The Sensate pebble and companion app use sound and vibration designed to soothe the nervous system; regulating t... ",COPPER,False,False,,
Sensereo Limited,"Sensereo is a startup advancing spatial and artificial intelligence by merging air sensing with AI-driven IoT technology. Our portfolio spans Matter-Thread sensing devices, certified fire safety alarm...",51271,,,,,,,,,,Re-searched,"Sensereo is a startup advancing spatial and artificial intelligence by merging air sensing with AI-driven IoT technology. Our portfolio spans Matter-Thread sensing devices, certified fire safety alarm... ",COPPER,False,False,,
Sensforge Inc,"Sensforge is dedicated to creating innovative, AI-driven security solutions that protect our loved ones while capturing life’s beautiful moments.",51868,,,https://www.sensforge.com/,,,True,Unknown,✅ GOOD,All checks passed.,Re-searched,"Sensforge is dedicated to creating innovative, AI-driven security solutions that protect our loved ones while capturing life’s beautiful moments. ",BRONZE_WEB,True,False,,
Sensura Pte Ltd,"Headquartered in Singapore, Sensura is a medical technology company dedicated to transforming diagnostics through non-invasive optical sensing. Leveraging proprietary sensor architecture, advanced...",35301,,,http://www.sensura.com.sg/,,,True,Unknown,✅ GOOD,All checks passed.,Re-searched,"Headquartered in Singapore, Sensura is a medical technology company dedicated to transforming diagnostics through non-invasive optical sensing. Leveraging proprietary sensor architecture, advanced... ",BRONZE_WEB,True,False,,
senswave,,62659,,,,,,,,,,Re-searched, ,INSUFFICIENT,False,False,,No website found via search
SENTIGENT TECHNOLOGY,"Founded in April 2024, Sentigent Technology is headquartered in Suzhou Bay Center Plaza. We are committed to advancing embodied intelligence breakthroughs in complex dynamic environments, continuousl...",54641,,,,,,,,,,Re-searched,"Founded in April 2024, Sentigent Technology is headquartered in Suzhou Bay Center Plaza. We are committed to advancing embodied intelligence breakthroughs in complex dynamic environments, continuousl... ",COPPER,False,False,,
Sentry Industries Inc.,Sentry Industries Inc. is a family business that has been supplying the world with consumer electronics since 1968. We specialize in offering quality items for every budget. We carry a large inventory...,20817,,,https://sentry.com/customers/retirement-participants,,,True,Unknown,✅ GOOD,All checks passed.,Re-searched,Sentry Industries Inc. is a family business that has been supplying the world with consumer electronics since 1968. We specialize in offering quality items for every budget. We carry a large inventory... ,BRONZE_WEB,True,False,,
Serafim Gaming,,62201,,,,,,,,,,Re-searched, ,INSUFFICIENT,False,False,,No website found via search
Sercomm USA Inc.,"Founded in 1992, Sercomm is a global leader in providing integrated networking and telecom solutions. Partnering with the world’s top service providers, system integrators, and technology companies, S...",Venetian Palazzo Hospitality Suites,,,,,,,,,,Re-searched,"Founded in 1992, Sercomm is a global leader in providing integrated networking and telecom solutions. Partnering with the world’s top service providers, system integrators, and technology companies, S... ",COPPER,False,False,,
SEVENPOINTONE,"We are developing solutions for aging society including AlzWIN, an FDA-registered AI dementia screener using 1-minute voice data. The AI solution uses semantic and lexical speech analysis for early, a...",53423,,,,,,,,,,Re-searched,"We are developing solutions for aging society including AlzWIN, an FDA-registered AI dementia screener using 1-minute voice data. The AI solution uses semantic and lexical speech analysis for early, a... ",COPPER,False,False,,
Seyond,"Seyond, headquartered in California, is a global leader in high fidelity LiDAR solutions, powering a safer, smarter and more mobile world across automotive, intelligent transportation, robotics and in...",6059,,,,,,,,,,Re-searched,"Seyond, headquartered in California, is a global leader in high fidelity LiDAR solutions, powering a safer, smarter and more mobile world across automotive, intelligent transportation, robotics and in... ",COPPER,False,False,,
SGS North America Inc.,"We are SGS – the world's leading testing, inspection and certification company. Our global connectivity services include wireless and electrical and electronics testing, inspection and certification ...",10377,,,,,,,,,,Re-searched,"We are SGS – the world's leading testing, inspection and certification company. Our global connectivity services include wireless and electrical and electronics testing, inspection and certification ... ",COPPER,False,False,,
Shalbaf LLC dba Parktel USA,Unnecto goes beyond smartphones by making wireless technology accessible to all in order to empower communities. We have consistently taken the lead in bringing flagship features without the premium p...,21832,,,https://parktelusa.com/,,,True,Unknown,✅ GOOD,All checks passed.,Re-searched,Unnecto goes beyond smartphones by making wireless technology accessible to all in order to empower communities. We have consistently taken the lead in bringing flagship features without the premium p... ,COPPER,False,False,,
Sharp Audio,"Mizari is a globally recognized importer/exporter distributor and manufacturer of consumer electronics, mobile & gaming accessories, Ebikes, e-scooters, go carts and power. We manage many categories ...",15816,,,https://sharpaudio.com/,,,True,Unknown,⚠️ UNCLEAR,1 keyword(s) found,Re-searched,"Mizari is a globally recognized importer/exporter distributor and manufacturer of consumer electronics, mobile & gaming accessories, Ebikes, e-scooters, go carts and power. We manage many categories ... ",BRONZE_WEB,True,False,,
Sharp Electronics Corp.,"Sharp Corporation is a Japanese multinational electronics corporation that designs, manufactures, and sells a wide range of consumer and professional electronics, including televisions, displays, audi...",N111,,,https://www.sharpusa.com/,,,True,Unknown,✅ GOOD,All checks passed.,Re-searched,"Sharp Corporation is a Japanese multinational electronics corporation that designs, manufactures, and sells a wide range of consumer and professional electronics, including televisions, displays, audi... ",BRONZE_WEB,True,False,,
Sharpa,"Founded in 2025, Sharpa is a robotics company. Sharpa’ s mission is to build robots that assist, not replace, humans—freeing people from repetitive and strenuous work so they can pursue more meaningfu...",9251,,,,,,,,,,Re-searched,"Founded in 2025, Sharpa is a robotics company. Sharpa’ s mission is to build robots that assist, not replace, humans—freeing people from repetitive and strenuous work so they can pursue more meaningfu... ",COPPER,False,False,,
Sheba Microsystems Inc.,"Sheba is a manufacturer of Silicon micro electrostatic actuators to achieve autofocus and optical image stabilization in digital cameras with a special focus on cameras used in automotive, AR/VR/AI gl...",50755,,,https://shebamicrosystems.com/,,,True,Unknown,✅ GOOD,All checks passed.,Re-searched,"Sheba is a manufacturer of Silicon micro electrostatic actuators to achieve autofocus and optical image stabilization in digital cameras with a special focus on cameras used in automotive, AR/VR/AI gl... ",BRONZE_WEB,True,False,,
Sheeva.AI,Sheeva.AI has developed an in-car payments and commerce solution that introduces vehicle location-based services to monetize the driver experience. Sheeva's patented precise geolocation technology ...,6978,,,https://www.sheeva.ai/,,,True,Unknown,✅ GOOD,All checks passed.,Re-searched,Sheeva.AI has developed an in-car payments and commerce solution that introduces vehicle location-based services to monetize the driver experience. Sheeva's patented precise geolocation technology ... ,BRONZE_WEB,True,False,,
Shell Robotics Inc.,,56345,,,,,,,,,,Re-searched, ,INSUFFICIENT,False,False,,No website found via search
Shift Crypto AG,"BitBox is a privately-held company based in Zurich, Switzerland. Our team of Bitcoin contributors, crypto experts, and security engineers builds products that enable customers to enjoy a stress-free j...",51239,,,https://shift.com/,,,True,Unknown,✅ GOOD,All checks passed.,Skipped - Valid,"BitBox is a privately-held company based in Zurich, Switzerland. Our team of Bitcoin contributors, crypto experts, and security engineers builds products that enable customers to enjoy a stress-free j... ",BRONZE_WEB,True,False,,
Shiftall Inc.,"Shiftall Inc. continues to create VR Metaverse related products that make life in the virtual world more convenient and fun, including VR headsets, full body tracking (FBT) devices, and soundproof mic...",14654,,,https://en.shiftall.net/support,,,True,Unknown,✅ GOOD,All checks passed.,Skipped - Valid,"Shiftall Inc. continues to create VR Metaverse related products that make life in the virtual world more convenient and fun, including VR headsets, full body tracking (FBT) devices, and soundproof mic... ",BRONZE_WEB,True,False,,
SHIN TAE YANG CORP.,,50523,,,,,,,,,,Re-searched, ,INSUFFICIENT,False,False,,No website found via search
Shin-Etsu MicroSi,"Shin-Etsu MicroSi is a driving force in both the semiconductor and microelectronics industries worldwide. By infusing science and chemistry with innovation and collaboration, we create leading-edge so...",54768,,,,,,,,,,Re-searched,"Shin-Etsu MicroSi is a driving force in both the semiconductor and microelectronics industries worldwide. By infusing science and chemistry with innovation and collaboration, we create leading-edge so... ",COPPER,False,False,,
Shokz,"In 2011, Shokz, formerly known as AfterShokz, introduced its patented bone conduction technology, a new way of transmitting sound to consumers, with their unique open-ear headphones. The company conti...",15823,,,https://shokz.com/collections/headphones-accessories,,,True,Unknown,✅ GOOD,All checks passed.,Skipped - Valid,"In 2011, Shokz, formerly known as AfterShokz, introduced its patented bone conduction technology, a new way of transmitting sound to consumers, with their unique open-ear headphones. The company conti... ",BRONZE_WEB,True,False,,
Siemens,"Siemens is a leading technology company focused on industry, infrastructure, transport, and healthcare. From more resource-efficient factories, smarter buildings and grids, to cleaner transportation, ...",8725,,,https://www.siemens.com/global/en.html,,,True,Unknown,✅ GOOD,All checks passed.,Re-searched,"Siemens is a leading technology company focused on industry, infrastructure, transport, and healthcare. From more resource-efficient factories, smarter buildings and grids, to cleaner transportation, ... ",BRONZE_WEB,True,False,,
"Sierra Technologies, Inc.",,Toscana 3803,,,,,,,,,,Re-searched, ,INSUFFICIENT,False,False,,No website found via search
SiFive,SiFive is the founder and leader of RISC-V computing. SiFive’s high performance compute platforms have enabled leading technology companies to deliver the most advanced solutions across every market s...,"Venetian Palazzo Hospitality Suites, Venetian Palazzo Hospitality Suites 2",,,https://www.sifive.com/about,,,True,Unknown,✅ GOOD,All checks passed.,Skipped - Valid,SiFive is the founder and leader of RISC-V computing. SiFive’s high performance compute platforms have enabled leading technology companies to deliver the most advanced solutions across every market s... ,BRONZE_WEB,True,False,,
Silicon Labs,"The leader in silicon, software and solutions for a smarter, more connected world.","Toscana 3604, Toscana 3605, Toscana 3706 + 3 more",,,,,,,,,,Re-searched,"The leader in silicon, software and solutions for a smarter, more connected world. ",COPPER,False,False,,
SILLO,"SILLO Link Glove is a wearable hand sensor that accurately digitizes human hand movements and tactile sensations. It features a total of 41 integrated sensors, including 16 proprietary fiber-based str...",61445,,,https://www.sillobaharinusantara.com/,,,True,Singapore,⚠️ UNCLEAR,1 keyword(s) found,Skipped - Valid,"SILLO Link Glove is a wearable hand sensor that accurately digitizes human hand movements and tactile sensations. It features a total of 41 integrated sensors, including 16 proprietary fiber-based str... ",BRONZE_WEB,True,False,,
Simko,,60635,,,,,,,,,,Re-searched, ,INSUFFICIENT,False,False,,No website found via search
simpleSwitch,"simpleSwitch intelligently manages your home's power, allowing you to add high-power appliances or EV chargers without upgrading your panel or service. UL approved, it provides safe, efficient, and co...",8575,,,https://simpleswitch.io/,,,True,Unknown,✅ GOOD,All checks passed.,Skipped - Valid,"simpleSwitch intelligently manages your home's power, allowing you to add high-power appliances or EV chargers without upgrading your panel or service. UL approved, it provides safe, efficient, and co... ",BRONZE_WEB,True,False,,
SIMSTech,"SIMSTech's surgical instrument tracking and laser marking technology is innovative. The 2mm UDI codes are consistently recognizable, enabling the simultaneous identification of multiple reusable instr...",50123,,,,,,,,,,Re-searched,"SIMSTech's surgical instrument tracking and laser marking technology is innovative. The 2mm UDI codes are consistently recognizable, enabling the simultaneous identification of multiple reusable instr... ",COPPER,False,False,,
"Sinclair, Inc.",,"Wynn Encore Hospitality Suites, Wynn Encore Hospitality Suites 2",,,https://www.sinclair.edu/,,,,,,,Re-searched, ,BRONZE_WEB,True,False,,
Singapore Pavilion - ASME,"The Association of Small & Medium Enterprises (ASME) is a not-for-profit organisation established in 1986 for entrepreneurs, by entrepreneurs. Leading the 4th Singapore pavilion with 10 start ups i...",60213,,,https://asme.org.sg/,,,True,Singapore,✅ GOOD,All checks passed.,Re-searched,"The Association of Small & Medium Enterprises (ASME) is a not-for-profit organisation established in 1986 for entrepreneurs, by entrepreneurs. Leading the 4th Singapore pavilion with 10 start ups i... ",BRONZE_WEB,True,False,,
"SintecMedia, NYC, Inc. D/B/A Operative",,Aria Hospitality Suites,,,,,,,,,,Re-searched, ,INSUFFICIENT,False,False,,No website found via search
SK hynix,,Venetian D,,,,,,,,,,Re-searched, ,INSUFFICIENT,False,False,,No website found via search
SK hynix America Inc.,,"Bassano 2606, Bassano 2804",,,,,,,,,,Re-searched, ,INSUFFICIENT,False,False,,No website found via search
Sker TV Stand Products,,35938,,,,,,,,,,Re-searched, ,INSUFFICIENT,False,False,,No website found via search
SkinMed SAS,,60601,,,,,,,,,,Re-searched, ,INSUFFICIENT,False,False,,No website found via search
Skip Innovations LLC,"Skip makes powered wearables that help people keep moving with joy. MO/GO™, the first in a new class of movewear, gives your legs an assist so you can hike higher, walk farther, and do more of what yo...",53423,,,https://www.skipwithjoy.com/aboutus,,,True,Unknown,✅ GOOD,All checks passed.,Re-searched,"Skip makes powered wearables that help people keep moving with joy. MO/GO™, the first in a new class of movewear, gives your legs an assist so you can hike higher, walk farther, and do more of what yo... ",BRONZE_WEB,True,False,,
SKL Robotics Ltd,,9323,,,,,,,,,,Re-searched, ,INSUFFICIENT,False,False,,No website found via search
Sky-Tech AI,"Sky-Tech AI transforms complex insurance and medical data into structured, actionable intelligence. Our zero-shot AI platform instantly generates DocLists, summaries, insights, and customized reports,...",50755,,,https://vegas.insuretechconnect.com/2025-life-health-benefits-supporter/sky-tech-ai,,,True,Unknown,⚠️ UNCLEAR,1 keyword(s) found,Skipped - Valid,"Sky-Tech AI transforms complex insurance and medical data into structured, actionable intelligence. Our zero-shot AI platform instantly generates DocLists, summaries, insights, and customized reports,... ",BRONZE_WEB,True,False,,
Skyld,,60412,,,,,,,,,,Re-searched, ,INSUFFICIENT,False,False,,No website found via search
Skylink Global,A Complete telecommunications solutions provider.,51965,,,https://www.skylink-global.com/en/,,,True,Unknown,✅ GOOD,All checks passed.,Skipped - Valid,A Complete telecommunications solutions provider. ,BRONZE_WEB,True,False,,
SKYMOD TECHNOLOGY,,63432,,,https://skymods.my/,,,,,,,Re-searched, ,BRONZE_WEB,True,False,,
"Skyworks Solutions, Inc.","Skyworks innovates at the forefront of connectivity, making our lives easier, safer and healthier. With a heritage of solving the most complex challenges, Skyworks is uniquely situated to address all ...","Murano 3304, Suite 29-221",,,,,,,,,,Re-searched,"Skyworks innovates at the forefront of connectivity, making our lives easier, safer and healthier. With a heritage of solving the most complex challenges, Skyworks is uniquely situated to address all ... ",COPPER,False,False,,
Skyworth USA Corporation,,"Suite 34-207, Suite 34-307",,,https://www.skyworthusa.com/,,,,,,,Re-searched, ,BRONZE_WEB,True,False,,
SLASH B SLASH,,50363,,,,,,,,,,Re-searched, ,INSUFFICIENT,False,False,,No website found via search
"Slept, Inc.","CAMA Sleep System by Water Robots is a world-first adaptive sleep platform. Using robotics, sensors, and AI, it transforms static beds into living systems that move and breathe with you - redefining ...",53371,,,,,,,,,,Re-searched,"CAMA Sleep System by Water Robots is a world-first adaptive sleep platform. Using robotics, sensors, and AI, it transforms static beds into living systems that move and breathe with you - redefining ... ",COPPER,False,False,,
Smart Eye AB,"Smart Eye is the global leader in Human Insight AI, technology that understands, supports and predicts human behaviour in complex environments. Bridging the gap between humans and machines to enable d...",3327,,,,,,,,,,Re-searched,"Smart Eye is the global leader in Human Insight AI, technology that understands, supports and predicts human behaviour in complex environments. Bridging the gap between humans and machines to enable d... ",COPPER,False,False,,
Smart Global Governance,"Optivalue.Ai turns compliance into a competitive advantage. Its AI-powered platform, trained on domain-specific expertise, helps global teams answer audits and RFPs 100x faster, with traceable, compli...",60401,,,,,,,,,,Re-searched,"Optivalue.Ai turns compliance into a competitive advantage. Its AI-powered platform, trained on domain-specific expertise, helps global teams answer audits and RFPs 100x faster, with traceable, compli... ",COPPER,False,False,,
Smart Hip Guardian,"Briggs Health Solutions has created a patented, predictive, protective wearable called the Smart Hip Guardian, that can tell the difference between everyday activities and a fall event. In the event ...",61047,,,,,,,,,,Re-searched,"Briggs Health Solutions has created a patented, predictive, protective wearable called the Smart Hip Guardian, that can tell the difference between everyday activities and a fall event. In the event ... ",COPPER,False,False,,
Smart Home Protection LLC - AKA the Timeli brand,,53155,,,,,,,,,,Re-searched, ,INSUFFICIENT,False,False,,No website found via search
Smart Sensum LTD,,61701,,,,,,,,,,Re-searched, ,INSUFFICIENT,False,False,,No website found via search
Smartly,"Smartly is the AI-powered advertising technology company transforming ad experiences for brands and their consumers. Our platform seamlessly integrates media, creative, and intelligence to power more ...",Aria Hospitality Suites,,,,,,,,,,Re-searched,"Smartly is the AI-powered advertising technology company transforming ad experiences for brands and their consumers. Our platform seamlessly integrates media, creative, and intelligence to power more ... ",COPPER,False,False,,
smartmicro,"At smartmicro, we design, develop, and manufacture sensor solutions for traffic management and automotive industries. For more than 27 years we have been the leading specialist in high performance rad...",4153,,,https://www.smartmicro.com/,,,True,Unknown,✅ GOOD,All checks passed.,Re-searched,"At smartmicro, we design, develop, and manufacture sensor solutions for traffic management and automotive industries. For more than 27 years we have been the leading specialist in high performance rad... ",BRONZE_WEB,True,False,,
SmartONE Solutions,"SmartONE created a new product offering called the \""Smart Community\"" by connecting smart homes together over a building network. The solution is bundled with internet and sold through large telecomm...",50755,,,,,,,,,,Re-searched,"SmartONE created a new product offering called the \""Smart Community\"" by connecting smart homes together over a building network. The solution is bundled with internet and sold through large telecomm... ",COPPER,False,False,,
SmartWings Home LLC.,,51762,,,,,,,,,,Re-searched, ,INSUFFICIENT,False,False,,No website found via search
SMK Electronics Corp.,"SMK provides OEM and ODM solutions including electronic components, miniature connectors, automotive-grade modules, wireless integrated sensor units, energy harvesting and radar based technologies.",52348,,,,,,,,,,Re-searched,"SMK provides OEM and ODM solutions including electronic components, miniature connectors, automotive-grade modules, wireless integrated sensor units, energy harvesting and radar based technologies. ",COPPER,False,False,,
Smoothtalker - Mobile Communications Inc.,We are a North American Cellular Signal Booster Manufacturer. In 2001 we designed the first digital mobile amplifier in North America to receive FCC & Industry Canada approval. We continue to lead wit...,8462,,,https://www.smoothtalker.com/about/,,,True,Unknown,✅ GOOD,All checks passed.,Re-searched,We are a North American Cellular Signal Booster Manufacturer. In 2001 we designed the first digital mobile amplifier in North America to receive FCC & Industry Canada approval. We continue to lead wit... ,COPPER,False,False,,
Snap Space,,62659,,,,,,,,,,Re-searched, ,INSUFFICIENT,False,False,,No website found via search
Snowflake Inc.,"Thousands of organizations, including 241 of Fortune 500 companies, mobilize their data with Snowflake's Data Cloud to unite siloed data, discover and securely share data, and execute diverse analytic...",Aria Hospitality Suites,,,https://www.snowflake.com/en/company/overview/about-snowflake/,,,True,Unknown,⚠️ UNCLEAR,Name not in content; 0 keyword(s) found,Re-searched,"Thousands of organizations, including 241 of Fortune 500 companies, mobilize their data with Snowflake's Data Cloud to unite siloed data, discover and securely share data, and execute diverse analytic... ",COPPER,False,False,,
SoC UP301,,62201,,,,,,,,,,Re-searched, ,INSUFFICIENT,False,False,,No website found via search
Social Links NL BV,,62100,,,,,,,,,,Re-searched, ,INSUFFICIENT,False,False,,No website found via search
Society for Information Display,"SID is the only professional organization focused on the electronic display and visual information technology industries, providing a unique platform for industry collaboration, communication and trai...",32432,,,,,,,,,,Re-searched,"SID is the only professional organization focused on the electronic display and visual information technology industries, providing a unique platform for industry collaboration, communication and trai... ",COPPER,False,False,,
Socionext America Inc.,Socionext Inc. is a global SoC (System-on-Chip) supplier and a pioneer of a unique “Solution SoC” business model through decades of industry experience and expertise. Socionext contributes to global i...,"9439, Westgate Hospitality Suites",,,,,,,,,,Re-searched,Socionext Inc. is a global SoC (System-on-Chip) supplier and a pioneer of a unique “Solution SoC” business model through decades of industry experience and expertise. Socionext contributes to global i... ,COPPER,False,False,,
SoftAtHome,"SoftAtHome is an independent software provider with solutions on broadband, Wi-Fi, analytics, QoE monitoring, and a gateway app store. Our solutions power over 30 million connected homes globally. Wit...",Suite 29-209,,,https://www.softathome.com/,,,True,Unknown,✅ GOOD,All checks passed.,Re-searched,"SoftAtHome is an independent software provider with solutions on broadband, Wi-Fi, analytics, QoE monitoring, and a gateway app store. Our solutions power over 30 million connected homes globally. Wit... ",BRONZE_WEB,True,False,,
SOLIUS,"SOLIUS Labs is pioneering light-based health with SOLIUS PRO, a precision sunlight therapy system that safely delivers the proven benefits of natural sunlight through a connected, app-controlled devic...",60659,,,,,,,,,,Re-searched,"SOLIUS Labs is pioneering light-based health with SOLIUS PRO, a precision sunlight therapy system that safely delivers the proven benefits of natural sunlight through a connected, app-controlled devic... ",COPPER,False,False,,
Solos Technology Limited,"solos is developing the world's most advanced AI SmartGlasses technology with a human-first approach. Born out of Kopin Corporation (NASDAQ:KOPN) with MIT engineers in 2019, Solos combines industry le...",50732,,,,,,,,,,Re-searched,"solos is developing the world's most advanced AI SmartGlasses technology with a human-first approach. Born out of Kopin Corporation (NASDAQ:KOPN) with MIT engineers in 2019, Solos combines industry le... ",COPPER,False,False,,
Solum Advanced Materials,,50123,,,,,,,,,,Re-searched, ,INSUFFICIENT,False,False,,No website found via search
Solver,,60401,,,,,,,,,,Re-searched, ,INSUFFICIENT,False,False,,No website found via search
"Somos, Inc.","Building Stronger Connections between Consumers, Brands and Communities. Somos is committed to helping organizations protect their IoT devices from potential security threats. As a leading authorit...",10970,,,https://www.somos.com/,,,True,Unknown,✅ GOOD,All checks passed.,Skipped - Valid,"Building Stronger Connections between Consumers, Brands and Communities. Somos is committed to helping organizations protect their IoT devices from potential security threats. As a leading authorit... ",BRONZE_WEB,True,False,,
Sonaide,,60801,,,,,,,,,,Re-searched, ,INSUFFICIENT,False,False,,No website found via search
Sonatus,"Sonatus is driving the evolution toward AI-driven, software-defined vehicles that are intelligent, adaptive, and continuously optimized. We enable automakers to harness vehicle data, derive insights, ...",5439,,,https://www.sonatus.com/use-cases/,,,True,Unknown,✅ GOOD,All checks passed.,Skipped - Valid,"Sonatus is driving the evolution toward AI-driven, software-defined vehicles that are intelligent, adaptive, and continuously optimized. We enable automakers to harness vehicle data, derive insights, ... ",BRONZE_WEB,True,False,,
Songs Wireless Inc,,35519,,,,,,,,,,Re-searched, ,INSUFFICIENT,False,False,,No website found via search
Sony Honda Mobility Inc.,"Sony Honda Mobility Inc. is a Japanese joint venture mobility tech company established by Sony Group Corporation and Honda Motor Co., Ltd. in 2022. By combining Sony’s technological prowess and Honda’...",20800,,,https://electronics.sony.com/,,,True,Unknown,✅ GOOD,All checks passed.,Skipped - Valid,"Sony Honda Mobility Inc. is a Japanese joint venture mobility tech company established by Sony Group Corporation and Honda Motor Co., Ltd. in 2022. By combining Sony’s technological prowess and Honda’... ",COPPER,False,False,,
SOOCAS LLC,"At Soocas, we call the traditional way of brushing your teeth “SingleClean”, which only reaches 60% of your oral area. In contrast, we champion “MultiClean”as a holistic approach, cleaning both tooth ...",54142,,,https://soocas.com/,,,True,Unknown,✅ GOOD,All checks passed.,Skipped - Valid,"At Soocas, we call the traditional way of brushing your teeth “SingleClean”, which only reaches 60% of your oral area. In contrast, we champion “MultiClean”as a holistic approach, cleaning both tooth ... ",BRONZE_WEB,True,False,,
Sorv,,62833,,,,,,,,,,Re-searched, ,INSUFFICIENT,False,False,,No website found via search
Soteria Battery Innovation Group,,9620,,,,,,,,,,Re-searched, ,INSUFFICIENT,False,False,,No website found via search
Sound United,Luxury Audio,"Suite 29-333, Suite 29-335",,,,,,,,,,Re-searched,Luxury Audio ,COPPER,False,False,,
SoundHound AI,"SoundHound AI, a global leader in voice and conversational AI, helps businesses create better customer experiences. Our proprietary technology and AI agent platform automate natural conversations in m...",5867,,,https://www.soundhound.com/soundhound,,,True,Unknown,✅ GOOD,All checks passed.,Re-searched,"SoundHound AI, a global leader in voice and conversational AI, helps businesses create better customer experiences. Our proprietary technology and AI agent platform automate natural conversations in m... ",COPPER,False,False,,
SoundNodes,,61711,,,,,,,,,,Re-searched, ,INSUFFICIENT,False,False,,No website found via search
Sounteco Inc,,35348,,,,,,,,,,Re-searched, ,INSUFFICIENT,False,False,,No website found via search
Southern Telecom,,20810,,,,,,,,,,Re-searched, ,INSUFFICIENT,False,False,,No website found via search
Spacebank Inc.,,50017,,,,,,,,,,Re-searched, ,INSUFFICIENT,False,False,,No website found via search
Spacemap Inc.,SpaceMap offers a real-time or near-real-time decision-making platform for the best-possible solutions in order to maximize safety and efficiency in space missions. This includes: 1) Real-time conj...,8923,,,,,,,,,,Re-searched,SpaceMap offers a real-time or near-real-time decision-making platform for the best-possible solutions in order to maximize safety and efficiency in space missions. This includes: 1) Real-time conj... ,COPPER,False,False,,
Specialty Coating Systems,"SCS is a world leader in Parylene, liquid, plasma, ALD and multilayer conformal coating services and technologies with 21 worldwide locations and over 50 years of experience. SCS conformal coatings of...",8775,,,https://scscoatings.com/,,,True,Singapore,✅ GOOD,All checks passed.,Skipped - Valid,"SCS is a world leader in Parylene, liquid, plasma, ALD and multilayer conformal coating services and technologies with 21 worldwide locations and over 50 years of experience. SCS conformal coatings of... ",BRONZE_WEB,True,False,,
Spectricity NV,"Founded in 2018 as a spin-off from Imec and headquartered in Belgium, Spectricity is a fabless semiconductor company specializing in the development and manufacturing of spectral sensing. Spectricity ...",Venetian Palazzo Hospitality Suites,,,https://spectricity.com/about-us/,,,True,Unknown,✅ GOOD,All checks passed.,Re-searched,"Founded in 2018 as a spin-off from Imec and headquartered in Belgium, Spectricity is a fabless semiconductor company specializing in the development and manufacturing of spectral sensing. Spectricity ... ",BRONZE_WEB,True,False,,
Speechmatics,"Speechmatics is a global leader in Speech Technology, offering enterprise-grade Speech-to-Text and Voice AI powered by Foundational Speech Technology. With best-in-market accuracy, low latency, and br...",21529,,,https://www.speechmatics.com/,,,True,Unknown,✅ GOOD,All checks passed.,Re-searched,"Speechmatics is a global leader in Speech Technology, offering enterprise-grade Speech-to-Text and Voice AI powered by Foundational Speech Technology. With best-in-market accuracy, low latency, and br... ",BRONZE_WEB,True,False,,
Spider Factory,,35410,,,,,,,,,,Re-searched, ,INSUFFICIENT,False,False,,No website found via search
SPILab Corporation,"Raypann Drone is a self-adaptive AI drone platform that thinks about its own decisions. By combining a self-model with physics-based rules, it scores and explains each prediction, honestly signals whe...",50523,,,https://spilab.com/,,,True,Unknown,⚠️ UNCLEAR,1 keyword(s) found,Skipped - Valid,"Raypann Drone is a self-adaptive AI drone platform that thinks about its own decisions. By combining a self-model with physics-based rules, it scores and explains each prediction, honestly signals whe... ",COPPER,False,False,,
SpineX Inc.,,61039,,,,,,,,,,Re-searched, ,INSUFFICIENT,False,False,,No website found via search
SpiNNcloud,"SpiNNcloud offers brain-inspired supercomputing technology for complex, AI-driven systems. The SpiNNaker2 architecture supports dynamic sparsity in AI applications with superior energy efficiency. As ...",51242,,,https://spinncloud.com/platform/,,,True,Unknown,✅ GOOD,All checks passed.,Skipped - Valid,"SpiNNcloud offers brain-inspired supercomputing technology for complex, AI-driven systems. The SpiNNaker2 architecture supports dynamic sparsity in AI applications with superior energy efficiency. As ... ",COPPER,False,False,,
Splendo Health B.V.,,62100,,,,,,,,,,Re-searched, ,INSUFFICIENT,False,False,,No website found via search
SPOG Trailers,,10015,,,,,,,,,,Re-searched, ,INSUFFICIENT,False,False,,No website found via search
SpotOn GPS Fence,"SpotOn GPS Fence is the original and most accurate GPS dog fence, combining cutting-edge True Location™ technology with award-winning design for precise, wire-free virtual containment. Portable and re...",51571,,,https://spotonfence.com/,,,True,Unknown,✅ GOOD,All checks passed.,Skipped - Valid,"SpotOn GPS Fence is the original and most accurate GPS dog fence, combining cutting-edge True Location™ technology with award-winning design for precise, wire-free virtual containment. Portable and re... ",BRONZE_WEB,True,False,,
SQ-MOTORS,,60415,,,,,,,,,,Re-searched, ,INSUFFICIENT,False,False,,No website found via search
SRK Techtronics,"SRK Techtronics (SRKTT) is an Electronics System Design and Manufacturing company offering a wide spectrum capability for Design, Prototype Development, and Build-to-Print/Build-to-Spec manufacturing ...",6410,,,https://www.srktechtronics.com/index.html,,,True,Unknown,✅ GOOD,All checks passed.,Skipped - Valid,"SRK Techtronics (SRKTT) is an Electronics System Design and Manufacturing company offering a wide spectrum capability for Design, Prototype Development, and Build-to-Print/Build-to-Spec manufacturing ... ",BRONZE_WEB,True,False,,
SSI Computer Corp.,,36325,,,,,,,,,,Re-searched, ,INSUFFICIENT,False,False,,No website found via search
SSK Corporation,,31400,,,,,,,,,,Re-searched, ,INSUFFICIENT,False,False,,No website found via search
ST-Labs,"ST-Labs, founded in 2021, develops short wave infrared (SWIR) spectrum analysis and AI solutions. With innovative, cost-effective technologies, the company drives sustainability through plastic analys...",50816,,,,,,,,,,Re-searched,"ST-Labs, founded in 2021, develops short wave infrared (SWIR) spectrum analysis and AI solutions. With innovative, cost-effective technologies, the company drives sustainability through plastic analys... ",COPPER,False,False,,
Stagwell Global LLC,"Stagwell is a digital-first marketing company built to drive results for the most ambitious B2C, B2B, and DTC brands in the world. With 13,000+ specialists in 34+ countries, we harness the power of cu...",L2-P2,,,https://stagwellgroup.com/stagwell-acquires-control-of-caa-marketing/,,,True,Unknown,✅ GOOD,All checks passed.,Skipped - Valid,"Stagwell is a digital-first marketing company built to drive results for the most ambitious B2C, B2B, and DTC brands in the world. With 13,000+ specialists in 34+ countries, we harness the power of cu... ",COPPER,False,False,,
Star,,51242,,,,,,,,,,Re-searched, ,INSUFFICIENT,False,False,,No website found via search
StarBot Inc,"StarBot creates AI-powered humanoid robots for service industries. Designed for restaurants, hotels, and logistics, our wheeled humanoid delivers safe, energy-efficient, and cost-effective automation,...",60648,,,https://starbotusa.com/,,,True,Unknown,✅ GOOD,All checks passed.,Skipped - Valid,"StarBot creates AI-powered humanoid robots for service industries. Designed for restaurants, hotels, and logistics, our wheeled humanoid delivers safe, energy-efficient, and cost-effective automation,... ",BRONZE_WEB,True,False,,
Stardust Echo,,61463,,,,,,,,,,Re-searched, ,INSUFFICIENT,False,False,,No website found via search
Starling Medical,"Starling, a Y Combinator backed company, has built the first medical device capable of tracking your risk of urinary tract infections every time you go to the bathroom and may be sensitive to health c...",61249,,,https://starlingmedical.com/,,,True,Unknown,✅ GOOD,All checks passed.,Skipped - Valid,"Starling, a Y Combinator backed company, has built the first medical device capable of tracking your risk of urinary tract infections every time you go to the bathroom and may be sensitive to health c... ",BRONZE_WEB,True,False,,
Starlink,"Starlink delivers high-speed, low-latency internet to users all over the world. As the world's first and largest satellite constellation using a low Earth orbit, Starlink delivers broadband internet c...","Suite 29-201, Suite 29-203, Suite 29-212",,,https://starlink.com/,,,True,Unknown,✅ GOOD,All checks passed.,Skipped - Valid,"Starlink delivers high-speed, low-latency internet to users all over the world. As the world's first and largest satellite constellation using a low Earth orbit, Starlink delivers broadband internet c... ",BRONZE_WEB,True,False,,
Stellarvision Inc.,Stellarvision Inc. specializes in SAR (Synthetic Aperture Radar) satellite data analytics. With proprietary technologies such as SAR-to-EO (Electro-Optical) image colorization and SAR-AIS dark vessel ...,62833,,,,,,,,,,Re-searched,Stellarvision Inc. specializes in SAR (Synthetic Aperture Radar) satellite data analytics. With proprietary technologies such as SAR-to-EO (Electro-Optical) image colorization and SAR-AIS dark vessel ... ,COPPER,False,False,,
Stingray Music USA inc.,"Welcome to Stingray Group Inc. (formerly known as Stingray Digital Group) where our people are at the heart of everything we do. We are driven by a team of music-loving experts, creative professionals...",18927,,,https://www.stingrayforums.com/threads/infotainment-screen-flashing-and-going-out.83922/,,,False,Unknown,❌ WRONG,Junk domain,Re-searched,"Welcome to Stingray Group Inc. (formerly known as Stingray Digital Group) where our people are at the heart of everything we do. We are driven by a team of music-loving experts, creative professionals... ",BRONZE_WEB,True,False,,
STM Brands,"Creating smarter accessories for Apple and Microsoft users, including the award-winning rugged Dux case for iPad & Surface, the innovative Dux Backpack, and the conveniently compact 3-1 ChargeTree cha...",20734,,,,,,,,,,Re-searched,"Creating smarter accessories for Apple and Microsoft users, including the award-winning rugged Dux case for iPad & Surface, the innovative Dux Backpack, and the conveniently compact 3-1 ChargeTree cha... ",COPPER,False,False,,
"STMicroelectronics, Inc.","At ST, we are creators and makers of semiconductor technologies. An integrated device manufacturer, we work with customers and partners to design and build products, solutions, and ecosystems that add...","Bandol 1, Krug, Moet + 1 more",,,,,,,,,,Re-searched,"At ST, we are creators and makers of semiconductor technologies. An integrated device manufacturer, we work with customers and partners to design and build products, solutions, and ecosystems that add... ",COPPER,False,False,,
Stratacache,,Aria Hospitality Suites,,,,,,,,,,Re-searched, ,INSUFFICIENT,False,False,,No website found via search
StreamUnlimited Engineering Gmbh,"StreamUnlimited is a supplier of software and hardware modules for connected audio and IoT offering its own IP and engineering services. We work with a global cross-section of high-end audio, CEDIA-ch...",Venetian Palazzo Hospitality Suites,,,,,,,,,,Re-searched,"StreamUnlimited is a supplier of software and hardware modules for connected audio and IoT offering its own IP and engineering services. We work with a global cross-section of high-end audio, CEDIA-ch... ",COPPER,False,False,,
Streetleaf,,8205,,,,,,,,,,Re-searched, ,INSUFFICIENT,False,False,,No website found via search
Stromberg Technologies LLC,"At Stromberg, we design quality portable speakers, headphones, and earbuds for modern lifestyles. With over 30 years of experience, we blend innovative design and powerful sound to create mid-range au...",31746,,,,,,,,,,Re-searched,"At Stromberg, we design quality portable speakers, headphones, and earbuds for modern lifestyles. With over 30 years of experience, we blend innovative design and powerful sound to create mid-range au... ",COPPER,False,False,,
Strong-Wave Radio Technology Inc.,"SWaRT as expertise of antenna design house who focus on mmWave, SatCom and phased array design. SWaRT provide cost-effective buy high performance solution for any high frequency and high gain applica...",62201,,,,,,,,,,Re-searched,"SWaRT as expertise of antenna design house who focus on mmWave, SatCom and phased array design. SWaRT provide cost-effective buy high performance solution for any high frequency and high gain applica... ",COPPER,False,False,,
Strutt,"At Strutt, we create intelligent and people-centred means of mobility. By developing purpose-built technologies from the ground up, we seek to help people live more fulfilling lives.",53413,,,,,,,,,,Re-searched,"At Strutt, we create intelligent and people-centred means of mobility. By developing purpose-built technologies from the ground up, we seek to help people live more fulfilling lives. ",COPPER,False,False,,
Stryten Energy,"Stryten Energy helps solve the world’s most pressing energy challenges with a broad range of energy storage solutions across the Essential Power, Motive Power, Transportation, Military and Government ...","3076, 6929",,,,,,,,,,Re-searched,"Stryten Energy helps solve the world’s most pressing energy challenges with a broad range of energy storage solutions across the Essential Power, Motive Power, Transportation, Military and Government ... ",COPPER,False,False,,
StudAgent,,60401,,,,,,,,,,Re-searched, ,INSUFFICIENT,False,False,,No website found via search
Subtle Computing,"Subtle is the world’s first voice computing device built for how we actually live and work – in motion, in public, in silence, in noise. Where other voice tools fail. Talk to your tools, your notes...",60852,,,,,,,,,,Re-searched,"Subtle is the world’s first voice computing device built for how we actually live and work – in motion, in public, in silence, in noise. Where other voice tools fail. Talk to your tools, your notes... ",COPPER,False,False,,
SUITX by Ottobock / Ottobock SE & Co. KGaA,"SUITX – Empowering Human Performance Through Weaable Robotics: SUITX (by Ottobock) is a pioneering leader in the design, development, and deployment of advanced exoskeleton systems that augment human ...",51242,,,https://www.suitx.com/en/about-suitx,,,True,Unknown,✅ GOOD,All checks passed.,Re-searched,"SUITX – Empowering Human Performance Through Weaable Robotics: SUITX (by Ottobock) is a pioneering leader in the design, development, and deployment of advanced exoskeleton systems that augment human ... ",BRONZE_WEB,True,False,,
Sumbu Innovations,,61247,,,,,,,,,,Re-searched, ,INSUFFICIENT,False,False,,No website found via search
Suncall Corporation,,6379,,,,,,,,,,Re-searched, ,INSUFFICIENT,False,False,,No website found via search
Sungkyunkwan University,,62665,,,,,,,,,,Re-searched, ,INSUFFICIENT,False,False,,No website found via search
SunLED Life Science B.V.,"We bring healthy sunlight indoors with patented near-infrared light technology. SunLED breakthrough technology improves physical health, enhances mood, energizes people and boosts immunity. Seeking to...",62100,,,,,,,,,,Re-searched,"We bring healthy sunlight indoors with patented near-infrared light technology. SunLED breakthrough technology improves physical health, enhances mood, energizes people and boosts immunity. Seeking to... ",COPPER,False,False,,
SunnyWhale Inc,"SunnyWhale is a Bay Area tech company dedicated to ""Less maintenance, More moments"". We bring peace of mind to families through technology. Starting with pools, we eliminate tedious maintenance, givin...",56354,,,,,,,,,,Re-searched,"SunnyWhale is a Bay Area tech company dedicated to ""Less maintenance, More moments"". We bring peace of mind to families through technology. Starting with pools, we eliminate tedious maintenance, givin... ",COPPER,False,False,,
Superheat,"Superheat is reimagining the home appliance as a smart, income-generating asset. Our flagship product, the Superheat H1, is a high-efficiency water heater that not only provides hot water but also min...",10076,,,https://www.superheat.com/,,,True,Unknown,✅ GOOD,All checks passed.,Skipped - Valid,"Superheat is reimagining the home appliance as a smart, income-generating asset. Our flagship product, the Superheat H1, is a high-efficiency water heater that not only provides hot water but also min... ",BRONZE_WEB,True,False,,
"Surplus Giant, Inc.","Surplus Giant Inc. is a wholesale-liquidation distributor of branded tech accessories for cellphones, computers, portable devices & home networking categories. We Specialize in closeout products, exce...",30925,,,https://www.surplusgiant.com/,,,True,Unknown,✅ GOOD,All checks passed.,Re-searched,"Surplus Giant Inc. is a wholesale-liquidation distributor of branded tech accessories for cellphones, computers, portable devices & home networking categories. We Specialize in closeout products, exce... ",BRONZE_WEB,True,False,,
SurReal Nexus Technology INC.,,62919,,,,,,,,,,Re-searched, ,INSUFFICIENT,False,False,,No website found via search
Sustainable Energy Research Division,,62643,,,,,,,,,,Re-searched, ,INSUFFICIENT,False,False,,No website found via search
SVS,"Headquartered in Youngstown, Ohio, SVS manufacturers high-performance subwoofers, speakers and audio accessories that deliver thrilling and immersive audio experiences and unmatched performance for th...",15810,,,,,,,,,,Re-searched,"Headquartered in Youngstown, Ohio, SVS manufacturers high-performance subwoofers, speakers and audio accessories that deliver thrilling and immersive audio experiences and unmatched performance for th... ",COPPER,False,False,,
Swan Softweb Solutions,"We automate business by AI driven custom software solutions and help increase profits, performance and potential. We enable owners to work less hours and earn more. We are a team of passionate soft...",9273,,,https://swansoftweb.com/,,,True,Unknown,✅ GOOD,All checks passed.,Skipped - Valid,"We automate business by AI driven custom software solutions and help increase profits, performance and potential. We enable owners to work less hours and earn more. We are a team of passionate soft... ",BRONZE_WEB,True,False,,
Swave Photonics,"Swave's Holographic eXtended Reality (HXR) is the first Spatial Compute display technology, delivering lifelike, high-resolution 3D images indistinguishable from reality. Most importantly, the HXR chi...",Venetian Palazzo Hospitality Suites,,,,,,,,,,Re-searched,"Swave's Holographic eXtended Reality (HXR) is the first Spatial Compute display technology, delivering lifelike, high-resolution 3D images indistinguishable from reality. Most importantly, the HXR chi... ",COPPER,False,False,,
Swayfish Technology,"Swayfish Technology develops IoT solutions for smart agriculture. Our flagship product, the Lykyn Smart Mushroom Grow Chamber, uses sensors and automation to create ideal growing conditions, combining...",63432,,,https://swayfish.com/,,,True,Unknown,✅ GOOD,All checks passed.,Skipped - Valid,"Swayfish Technology develops IoT solutions for smart agriculture. Our flagship product, the Lykyn Smart Mushroom Grow Chamber, uses sensors and automation to create ideal growing conditions, combining... ",BRONZE_WEB,True,False,,
SWIIFT Imaging,,60711,,,,,,,,,,Re-searched, ,INSUFFICIENT,False,False,,No website found via search
swisstech Pavilion,"Discover Swiss excellence at the swisstech Pavilion! From groundbreaking AI and medtech to next-gen energy and mobility, 23 visionary start-ups and global leaders showcase how Switzerland drives innov...","51239, 61220",,,,,,,,,,Re-searched,"Discover Swiss excellence at the swisstech Pavilion! From groundbreaking AI and medtech to next-gen energy and mobility, 23 visionary start-ups and global leaders showcase how Switzerland drives innov... ",COPPER,False,False,,
SwitchBot. Inc.,,52655,,,,,,,,,,Re-searched, ,INSUFFICIENT,False,False,,No website found via search
Swoop,"Swoop is a leading provider of precision AI-driven healthcare omnichannel solutions dedicated to protecting consumer privacy. By prioritizing privacy and compliance, Swoop ensures the highest standard...",Aria Hospitality Suites,,,https://swoop.com/,,,True,Unknown,✅ GOOD,All checks passed.,Skipped - Valid,"Swoop is a leading provider of precision AI-driven healthcare omnichannel solutions dedicated to protecting consumer privacy. By prioritizing privacy and compliance, Swoop ensures the highest standard... ",COPPER,False,False,,
SYM Healthcare,"SYM Healthcare builds 4DEYE an AI musculoskeletal platform unifying screening, diagnosis, treatment, and assessment. We detect early joint dysfunction and deliver AI-guided digital therapeutics, enabl...",62643,,,,,,,,,,Re-searched,"SYM Healthcare builds 4DEYE an AI musculoskeletal platform unifying screening, diagnosis, treatment, and assessment. We detect early joint dysfunction and deliver AI-guided digital therapeutics, enabl... ",COPPER,False,False,,
Symage by Geisel Software,"Meet Symage—the synthetic data platform built for real results. Leveraging Geisel Software’s expertise in AI, robotics, and machine learning, Symage redefines data generation. Skip the manual labeling...",8675,,,https://www.symage.ai/,,,True,Unknown,✅ GOOD,All checks passed.,Re-searched,"Meet Symage—the synthetic data platform built for real results. Leveraging Geisel Software’s expertise in AI, robotics, and machine learning, Symage redefines data generation. Skip the manual labeling... ",BRONZE_WEB,True,False,,
SYMX.AI,,50755,,,,,,,,,,Re-searched, ,INSUFFICIENT,False,False,,No website found via search
SYNC,,62919,,,,,,,,,,Re-searched, ,INSUFFICIENT,False,False,,No website found via search
"Synopsys, Inc.",Synopsys delivers leading silicon to systems design solutions that maximize our customers’ R&D capability and productivity. Companies trust Synopsys to pioneer new technologies getting them to market ...,Venetian Palazzo Hospitality Suites,,,https://www.synopsys.com/,,,True,Unknown,✅ GOOD,All checks passed.,Re-searched,Synopsys delivers leading silicon to systems design solutions that maximize our customers’ R&D capability and productivity. Companies trust Synopsys to pioneer new technologies getting them to market ... ,BRONZE_WEB,True,False,,
Syntiant Corp.,"Syntiant® delivers highly efficient processor, sensor, and software solutions. With more than 100 million purpose-built silicon and ML models deployed, along with billions of MEMS microphones and sens...","Toscana 3805, Toscana 3806",,,https://www.syntiant.com/,,,True,Unknown,✅ GOOD,All checks passed.,Skipped - Valid,"Syntiant® delivers highly efficient processor, sensor, and software solutions. With more than 100 million purpose-built silicon and ML models deployed, along with billions of MEMS microphones and sens... ",BRONZE_WEB,True,False,,
Syston Cable Technology corporation,"Syston Cable Technology is an established American corporation that designs, manufactures, and sells high-speed electronic cables and low voltage cables primarily used in DataComm, A/V, Security, and ...",35805,,,https://www.systoncable.com/,,,True,Unknown,✅ GOOD,All checks passed.,Skipped - Valid,"Syston Cable Technology is an established American corporation that designs, manufactures, and sells high-speed electronic cables and low voltage cables primarily used in DataComm, A/V, Security, and ... ",BRONZE_WEB,True,False,,
"T-Mobile USA, Inc",,"Aria Hospitality Suites, Aria Hospitality Suites 2, Joshua 1 + 4 more",,,,,,,,,,Re-searched, ,INSUFFICIENT,False,False,,No website found via search
TAB Co. Ltd,We invented the first Cap-type UV sterilzer called LADIS This product has been distributed to many countries. And it is solving many drinking water sanitation problems. The invention and distribution ...,50523,,,,,,,,,,Re-searched,We invented the first Cap-type UV sterilzer called LADIS This product has been distributed to many countries. And it is solving many drinking water sanitation problems. The invention and distribution ... ,COPPER,False,False,,
"Taboola, Inc.","Taboola empowers businesses to grow through performance advertising technology that delivers measurable outcomes at scale. Taboola works with thousands of businesses who advertise directly on Realize,...",Aria Hospitality Suites,,,https://www.taboola.com/,,,True,Unknown,✅ GOOD,All checks passed.,Skipped - Valid,"Taboola empowers businesses to grow through performance advertising technology that delivers measurable outcomes at scale. Taboola works with thousands of businesses who advertise directly on Realize,... ",BRONZE_WEB,True,False,,
Tactotek,"TactoTek® develops and licenses In-Mold Structural Electronics (IMSE®) technology that combines electronics and mechanics into ultra-thin, lightweight, and functional surface structures. From automoti...",Venetian Palazzo Hospitality Suites,,,,,,,,,,Re-searched,"TactoTek® develops and licenses In-Mold Structural Electronics (IMSE®) technology that combines electronics and mechanics into ultra-thin, lightweight, and functional surface structures. From automoti... ",COPPER,False,False,,
TAL Education Group,"Think Academy, a subsidiary of TAL Education Group (NYSE: TAL), has been a leader in education innovation for over 20 years, reaching 5M+ K-12 students across 10+ countries. By blending technology wit...",56139,,,,,,,,,,Re-searched,"Think Academy, a subsidiary of TAL Education Group (NYSE: TAL), has been a leader in education innovation for over 20 years, reaching 5M+ K-12 students across 10+ countries. By blending technology wit... ",COPPER,False,False,,
TanE AIOT Corporation,,62201,,,,,,,,,,Re-searched, ,INSUFFICIENT,False,False,,No website found via search
Tanlink Corporation,"Manufacturer of dash cameras, mirror cameras, and battery jumpers.",3469,,,https://tanlinkcorp.com/,,,True,Unknown,✅ GOOD,All checks passed.,Skipped - Valid,"Manufacturer of dash cameras, mirror cameras, and battery jumpers. ",BRONZE_WEB,True,False,,
Taoglas,"Taoglas delivers trusted technology for a smarter world. Our solutions include advanced components and technologies and help OEMs, enterprises, and communities to resolve the complexities of bringing ...",Venetian Palazzo Hospitality Suites,,,,,,,,,,Re-searched,"Taoglas delivers trusted technology for a smarter world. Our solutions include advanced components and technologies and help OEMs, enterprises, and communities to resolve the complexities of bringing ... ",COPPER,False,False,,
Target Darts,Target Darts - the leading Dart brand in the world now enters the technology space with two new products Omni (auto-scoring) & Virt (Video sharing) connecting to the best selling dart app Dartcounter ...,56135,,,https://www.target.com/,,,True,Unknown,⚠️ UNCLEAR,1 keyword(s) found,Skipped - Valid,Target Darts - the leading Dart brand in the world now enters the technology space with two new products Omni (auto-scoring) & Virt (Video sharing) connecting to the best selling dart app Dartcounter ... ,BRONZE_WEB,True,False,,
Targus,"Technology is evolving at a crazy pace – yet one thing that’s remained constant is the inherent need to carry, connect, and protect it all. Regardless of which technologies come and go, Targus helps y...",Suite 35-106,,,https://us.targus.com/,,,True,Unknown,✅ GOOD,All checks passed.,Skipped - Valid,"Technology is evolving at a crazy pace – yet one thing that’s remained constant is the inherent need to carry, connect, and protect it all. Regardless of which technologies come and go, Targus helps y... ",BRONZE_WEB,True,False,,
TCL Corporation,,18604,,,,,,,,,,Re-searched, ,INSUFFICIENT,False,False,,No website found via search
TDK Corporation,"“In Everything, Better” – TDK is everywhere, inside end consumer products, the invisible force enabling devices, applications, and technologies. We create impact from within from the latest advancemen...",15803,,,,,,,,,,Re-searched,"“In Everything, Better” – TDK is everywhere, inside end consumer products, the invisible force enabling devices, applications, and technologies. We create impact from within from the latest advancemen... ",COPPER,False,False,,
Teads Holding Co.,"Teads Holding Co. (“Teads”) (Nasdaq: TEAD) is the omnichannel outcomes platform for the Open Internet, driving full-funnel results for marketers across premium media.",Aria Hospitality Suites,,,https://www.teads.com/,,,True,Unknown,✅ GOOD,All checks passed.,Re-searched,"Teads Holding Co. (“Teads”) (Nasdaq: TEAD) is the omnichannel outcomes platform for the Open Internet, driving full-funnel results for marketers across premium media. ",COPPER,False,False,,
TeamViewer GMBH,,51242,,,https://community.teamviewer.com/portuguese/,,,,,,,Re-searched, ,INSUFFICIENT,False,False,,No website found via search
TEAMWAY,,60415,,,,,,,,,,Re-searched, ,INSUFFICIENT,False,False,,No website found via search
Tech2Biology,"Tech2Biology develops AI- and IoT-powered smart beehive systems that protect pollinators, ensure honey purity, and increase yield. Through AirBee and RoboHive devices, we enable early disease detectio...",63432,,,,,,,,,,Re-searched,"Tech2Biology develops AI- and IoT-powered smart beehive systems that protect pollinators, ensure honey purity, and increase yield. Through AirBee and RoboHive devices, we enable early disease detectio... ",COPPER,False,False,,
Technocité,,50752,,,,,,,,,,Re-searched, ,INSUFFICIENT,False,False,,No website found via search
Tectonic Audio Labs,,Suite 29-320,,,https://audioxpress.com/article/ces-2022-audio-highlights-10-companies-we-want-to-see-and-hear-again,,,,,,,Re-searched, ,BRONZE_WEB,True,False,,
Teendow Inc,,51272,,,,,,,,,,Re-searched, ,INSUFFICIENT,False,False,,No website found via search
Tekstart LLC,"The TekStart® Group is a privately held firm that funds, builds, and scales advanced technologies. Through its ChipStart® business, it delivers custom ASIC design and operations. Its latest innovation...",50755,,,,,,,,,,Re-searched,"The TekStart® Group is a privately held firm that funds, builds, and scales advanced technologies. Through its ChipStart® business, it delivers custom ASIC design and operations. Its latest innovation... ",COPPER,False,False,,
Telechips,,Venetian Palazzo Hospitality Suites,,,,,,,,,,Re-searched, ,INSUFFICIENT,False,False,,No website found via search
Telementum,"We are a leading developer of global, multi-channel tech accessory brands. Our portfolio of companies deliver iconic consumer products, innovative carrier services and an unrivaled distribution ecosys...",15833,,,https://telementum.com/,,,True,Unknown,✅ GOOD,All checks passed.,Skipped - Valid,"We are a leading developer of global, multi-channel tech accessory brands. Our portfolio of companies deliver iconic consumer products, innovative carrier services and an unrivaled distribution ecosys... ",BRONZE_WEB,True,False,,
Televisaunivision,"TelevisaUnivision, the world’s leading Spanish-language media company, produces top original content in Spanish spanning news, sports and entertainment. Our multiplatform portfolio includes market-lea...",Aria Hospitality Suites,,,https://corporate.televisaunivision.com/,,,True,Unknown,✅ GOOD,All checks passed.,Skipped - Valid,"TelevisaUnivision, the world’s leading Spanish-language media company, produces top original content in Spanish spanning news, sports and entertainment. Our multiplatform portfolio includes market-lea... ",BRONZE_WEB,True,False,,
Telit Cinterion,"Telit Cinterion is a leading IoT enabler offering end-to-end solutions, from connected devices and wireless modules to MVNO connectivity, edge-cloud software and IoT platforms. As the largest western ...",10662,,,https://www.telit.com/,,,True,Unknown,✅ GOOD,All checks passed.,Skipped - Valid,"Telit Cinterion is a leading IoT enabler offering end-to-end solutions, from connected devices and wireless modules to MVNO connectivity, edge-cloud software and IoT platforms. As the largest western ... ",COPPER,False,False,,
Tembo Health,"Tembo Health guides patients and caregivers living with dementia in their care, goals, and overall quality of life. Utilizing telehealth care teams, vital sign sensors, and in-home diagnostics, we are...",53423,,,https://www.tembo.health/,,,True,Unknown,✅ GOOD,All checks passed.,Re-searched,"Tembo Health guides patients and caregivers living with dementia in their care, goals, and overall quality of life. Utilizing telehealth care teams, vital sign sensors, and in-home diagnostics, we are... ",BRONZE_WEB,True,False,,
Tensor Auto Inc.,"Tensor is an American AI company building personal agentic products. Our flagship Tensor Robocar is the world’s first level 4 fully autonomous vehicle designed for private ownership, featuring a ""Dual...",5701,,,https://www.tensor.auto/,,,True,Unknown,✅ GOOD,All checks passed.,Re-searched,"Tensor is an American AI company building personal agentic products. Our flagship Tensor Robocar is the world’s first level 4 fully autonomous vehicle designed for private ownership, featuring a ""Dual... ",BRONZE_WEB,True,False,,
Tensorblock,,8073,,,,,,,,,,Re-searched, ,INSUFFICIENT,False,False,,No website found via search
Tenstorrent,"At Tenstorrent, we build computers for AI, and for the developers shaping its future.","Zeno 4702, Zeno 4703",,,https://tenstorrent.com/trademarks,,,True,Unknown,⚠️ UNCLEAR,1 keyword(s) found,Skipped - Valid,"At Tenstorrent, we build computers for AI, and for the developers shaping its future. ",BRONZE_WEB,True,False,,
TeroAI,"TeroAI is the world’s only AI-powered geospatial intelligence company built for a general audience. Our patented technology offers powerful applications for a range of verticals including retail, real...",60650,,,https://teroai.co/,,,True,Unknown,✅ GOOD,All checks passed.,Skipped - Valid,"TeroAI is the world’s only AI-powered geospatial intelligence company built for a general audience. Our patented technology offers powerful applications for a range of verticals including retail, real... ",BRONZE_WEB,True,False,,
Tessa AI,,61046,,,https://www.tessacs.org/,,,,,,,Re-searched, ,INSUFFICIENT,False,False,,No website found via search
TetherIA Inc.,,60440,,,,,,,,,,Re-searched, ,INSUFFICIENT,False,False,,No website found via search
TetraMem Inc,"Founded in 2018 by a team of world-class experts, TetraMem is poised to deliver the industry’s most disruptive in-memory computing (IMC) technology for edge applications. Our team brings together comp...",8874,,,https://tetramem.com/privacy-policy/,,,True,Unknown,✅ GOOD,All checks passed.,Skipped - Valid,"Founded in 2018 by a team of world-class experts, TetraMem is poised to deliver the industry’s most disruptive in-memory computing (IMC) technology for edge applications. Our team brings together comp... ",COPPER,False,False,,
Texas Instruments,"Texas Instruments has been making progress possible for decades. We are a global semiconductor company that designs, manufactures, tests and sells analog and embedded processing chips. Our products he...","N115, N116, N117 + 1 more",,,,,,,,,,Re-searched,"Texas Instruments has been making progress possible for decades. We are a global semiconductor company that designs, manufactures, tests and sells analog and embedded processing chips. Our products he... ",COPPER,False,False,,
thaasa Inc.,,60454,,,,,,,,,,Re-searched, ,INSUFFICIENT,False,False,,No website found via search
Thales DIS France SAS,"Thales, a global leader in advanced technologies, drives innovation in IoT connectivity and security, through eSIM for IoT. Our dedicated solutions are designed to address the unique challenges of th...",10177,,,https://www.thalesgroup.com/en/worldwide/france,,,True,Singapore,✅ GOOD,All checks passed.,Skipped - Valid,"Thales, a global leader in advanced technologies, drives innovation in IoT connectivity and security, through eSIM for IoT. Our dedicated solutions are designed to address the unique challenges of th... ",BRONZE_WEB,True,False,,
The Digital Medicine Society (DiMe),"DiMe is a global non-profit and the professional home for digital medicine. We bring together the many, diverse perspectives essential to achieving a vision of better health powered by digital innovat...",54301,,,https://dimesociety.org/,,,True,Unknown,✅ GOOD,All checks passed.,Skipped - Valid,"DiMe is a global non-profit and the professional home for digital medicine. We bring together the many, diverse perspectives essential to achieving a vision of better health powered by digital innovat... ",BRONZE_WEB,True,False,,
The DiSTI Corporation,The world’s leading automotive manufacturers and OEMS rely on DiSTI to future-proof their User Interfaces and improve their training through DiSTI’s virtual solutions. DiSTI products are currently pow...,4762,,,https://www.disti.com/,,,True,Unknown,✅ GOOD,All checks passed.,Skipped - Valid,The world’s leading automotive manufacturers and OEMS rely on DiSTI to future-proof their User Interfaces and improve their training through DiSTI’s virtual solutions. DiSTI products are currently pow... ,BRONZE_WEB,True,False,,
The Haptics Company,,60263,,,,,,,,,,Re-searched, ,INSUFFICIENT,False,False,,No website found via search
The Master Lock Company,"Combining legacy and innovation, Master Lock, Yale, and August provide smart residential security solutions that protect homes with cutting-edge technology and proven reliability.",Suite 35-110,,,https://www.masterlock.com/,,,True,Unknown,✅ GOOD,All checks passed.,Skipped - Valid,"Combining legacy and innovation, Master Lock, Yale, and August provide smart residential security solutions that protect homes with cutting-edge technology and proven reliability. ",BRONZE_WEB,True,False,,
The Netherlands,CES Las Vegas is the world's most influential tech show and will focus on ‘Tech for a Better Tomorrow’ - a tagline that could not be more apt for the Dutch mission. With its ambition to solve global c...,62100,,,,,,,,,,Re-searched,CES Las Vegas is the world's most influential tech show and will focus on ‘Tech for a Better Tomorrow’ - a tagline that could not be more apt for the Dutch mission. With its ambition to solve global c... ,COPPER,False,False,,
The Singing Machine Co. Inc.,,18927,,,,,,,,,,Re-searched, ,INSUFFICIENT,False,False,,No website found via search
"The Trade Desk, Inc.",,"Aria Hospitality Suites, Aria Hospitality Suites 2, Aria Hospitality Suites 3 + 1 more",,,,,,,,,,Re-searched, ,INSUFFICIENT,False,False,,No website found via search
"The Weather Company, LLC",,L2-P3,,,,,,,,,,Re-searched, ,INSUFFICIENT,False,False,,No website found via search
The Zoo Company,,50763,,,,,,,,,,Re-searched, ,INSUFFICIENT,False,False,,No website found via search
"Thermaltake, Inc.","Thermaltake was established in 1999 and has been marketed to the world under the Thermaltake brand name ever since. With the mission to “Deliver the perfect user experience”, Thermaltake has since bec...",Veronese 2402,,,https://help.thermaltakeusa.com/,,,True,Unknown,✅ GOOD,All checks passed.,Skipped - Valid,"Thermaltake was established in 1999 and has been marketed to the world under the Thermaltake brand name ever since. With the mission to “Deliver the perfect user experience”, Thermaltake has since bec... ",COPPER,False,False,,
Thermoeye Inc,"Thermoeye Inc specializes in thermal imaging solutions and AI technologies. It develops advanced temperature analysis algorithms, distance recognition systems, and thermal cameras for industries like ...",50523,,,,,,,,,,Re-searched,"Thermoeye Inc specializes in thermal imaging solutions and AI technologies. It develops advanced temperature analysis algorithms, distance recognition systems, and thermal cameras for industries like ... ",COPPER,False,False,,
TheyeQ,"TheEye System is designed to identify defects within the production line with its flexible AI driven system. It is trained to visualise, verify, and validate within <0.4 msec any defect on any produc...",60711,,,,,,,,,,Re-searched,"TheEye System is designed to identify defects within the production line with its flexible AI driven system. It is trained to visualise, verify, and validate within <0.4 msec any defect on any produc... ",COPPER,False,False,,
Thinca Vision,,61415,,,,,,,,,,Re-searched, ,INSUFFICIENT,False,False,,No website found via search
ThinkAnalytics,"ThinkAnalytics is the World Leader in TV Content Discovery, Viewer Data Insights, and Targeted Advertising. The Think360 product suite enables video service providers, studios, broadcasters, and media...",Aria Hospitality Suites,,,https://thinkanalytics.com/,,,True,Unknown,✅ GOOD,All checks passed.,Re-searched,"ThinkAnalytics is the World Leader in TV Content Discovery, Viewer Data Insights, and Targeted Advertising. The Think360 product suite enables video service providers, studios, broadcasters, and media... ",COPPER,False,False,,
ThinLight Technologies Corporation,"ThinLight’s LED panels are thin, customizable, and bright light sources fit for many illumination applications. Using a combination of optically clear laser engraved acrylic and some of the brightest ...",53765,,,,,,,,,,Re-searched,"ThinLight’s LED panels are thin, customizable, and bright light sources fit for many illumination applications. Using a combination of optically clear laser engraved acrylic and some of the brightest ... ",COPPER,False,False,,
"Third Reality, Inc.","THIRDREALITY is a pioneering smart home company specializing in innovative devices like sensors, smart lighting, and hubs. We enhance daily life with seamless integration across platforms like Apple H...",52162,,,https://3reality.com/,,,True,Unknown,✅ GOOD,All checks passed.,Skipped - Valid,"THIRDREALITY is a pioneering smart home company specializing in innovative devices like sensors, smart lighting, and hubs. We enhance daily life with seamless integration across platforms like Apple H... ",BRONZE_WEB,True,False,,
Throne,,61255,,,,,,,,,,Re-searched, ,INSUFFICIENT,False,False,,No website found via search
Tiami Networks,,62232,,,,,,,,,,Re-searched, ,INSUFFICIENT,False,False,,No website found via search
"TIER IV, Inc.","TIER IV pioneers Autoware, open-source software for autonomous driving. With platforms and services built on Autoware, TIER IV supports software development, vehicle procurement, and operations. Throu...",6050,,,https://tiermaker.com/,,,True,Unknown,⚠️ UNCLEAR,0 keyword(s) found,Skipped - Valid,"TIER IV pioneers Autoware, open-source software for autonomous driving. With platforms and services built on Autoware, TIER IV supports software development, vehicle procurement, and operations. Throu... ",COPPER,False,False,,
Tiiny AI Inc,,35638,,,https://tiiny.host/,,,,,,,Re-searched, ,BRONZE_WEB,True,False,,
Tilta Inc.,,18831,,,https://tilta.com/,,,,,,,Re-searched, ,INSUFFICIENT,False,False,,No website found via search
TIMi,"Machine Learning, AI and Big Data is WHAT WE DO! TIMi covers all your advanced analytics needs and far more... 100% LOW CODE, our disruptive solution is 20X more efficient and practical, to extrac...",50752,,,https://timi.org/,,,True,Unknown,⚠️ UNCLEAR,0 keyword(s) found,Skipped - Valid,"Machine Learning, AI and Big Data is WHAT WE DO! TIMi covers all your advanced analytics needs and far more... 100% LOW CODE, our disruptive solution is 20X more efficient and practical, to extrac... ",BRONZE_WEB,True,False,,
Tiposi,"The Tiposi Brain Health Scanner is a game-changing device that combines RF microwave technology with a smart antenna and AI to measure brain tissue properties in just 2 minutes. Designed for mobility,...",54003,,,,,,,,,,Re-searched,"The Tiposi Brain Health Scanner is a game-changing device that combines RF microwave technology with a smart antenna and AI to measure brain tissue properties in just 2 minutes. Designed for mobility,... ",COPPER,False,False,,
Togi Teknoloji,"We deliver advanced battery management systems (BMS) for lithium batteries, combining innovative hardware, intelligent firmware, powerful algorithms, intuitive configuration tools, remote monitoring, ...",50759,,,https://togitek.com/,,,True,Unknown,⚠️ UNCLEAR,0 keyword(s) found,Skipped - Valid,"We deliver advanced battery management systems (BMS) for lithium batteries, combining innovative hardware, intelligent firmware, powerful algorithms, intuitive configuration tools, remote monitoring, ... ",BRONZE_WEB,True,False,,
Toi Labs,,53423,,,,,,,,,,Re-searched, ,INSUFFICIENT,False,False,,No website found via search
ToICoS Inc.,"ToICoS provides Home Leak Guardian service for managing users' leaks using 1-hour remote water metering data. Service users include local government water utility companies, building facility manageme...",62833,,,,,,,,,,Re-searched,"ToICoS provides Home Leak Guardian service for managing users' leaks using 1-hour remote water metering data. Service users include local government water utility companies, building facility manageme... ",COPPER,False,False,,
Tokoshie Inc.,,62801,,,,,,,,,,Re-searched, ,INSUFFICIENT,False,False,,No website found via search
"Tokyo Broadcasting System Television, Inc.",,50339,,,,,,,,,,Re-searched, ,INSUFFICIENT,False,False,,No website found via search
"Tombot, Inc.","Tombot specializes in robotic animal and digital health technology. Their first product, a puppy, was designed to transform the lives of those facing health adversities by creating an affordable, FDA-...",61033,,,https://tombot.com/pages/privacy-policy,,,True,Unknown,✅ GOOD,All checks passed.,Skipped - Valid,"Tombot specializes in robotic animal and digital health technology. Their first product, a puppy, was designed to transform the lives of those facing health adversities by creating an affordable, FDA-... ",BRONZE_WEB,True,False,,
Tommoro Robotics,Tommoro Robotics brings thinking robots and moving intelligence to life. Be a pioneer in the era of Physical AI. We are building a new kind of AI that the world has never seen before.,8871,,,,,,,,,,Re-searched,Tommoro Robotics brings thinking robots and moving intelligence to life. Be a pioneer in the era of Physical AI. We are building a new kind of AI that the world has never seen before. ,COPPER,False,False,,
TomTom,Billions of data points. Millions of sources. Thousands of communities. We are the mapmaker bringing it all together to build the world’s smartest map. We provide location data and technology to drive...,"W311, W312",,,,,,,,,,Re-searched,Billions of data points. Millions of sources. Thousands of communities. We are the mapmaker bringing it all together to build the world’s smartest map. We provide location data and technology to drive... ,COPPER,False,False,,
tonies,tonies® is the world’s largest interactive audio platform for children with more than 9 million Tonieboxes and 100 million Tonies sold. The intuitive and award-winning audio system boosts independence...,54152,,,https://us.tonies.com/,,,True,Unknown,✅ GOOD,All checks passed.,Re-searched,tonies® is the world’s largest interactive audio platform for children with more than 9 million Tonieboxes and 100 million Tonies sold. The intuitive and award-winning audio system boosts independence... ,BRONZE_WEB,True,False,,
Tonomia,,61711,,,,,,,,,,Re-searched, ,INSUFFICIENT,False,False,,No website found via search
Toonsquare,"Toonsquare is an AI-based tech and content startup developing next-generation webtoon creation software. Originating from Samsung Electronics’ C-Lab and spun off in 2019, it provides platforms that le...",62738,,,,,,,,,,Re-searched,"Toonsquare is an AI-based tech and content startup developing next-generation webtoon creation software. Originating from Samsung Electronics’ C-Lab and spun off in 2019, it provides platforms that le... ",COPPER,False,False,,
"Toshiba America Electronic Components, Inc.","Toshiba offers a broad range of enabling technology solutions that allow OEMs, ODMs, and CMs to develop advanced integrated products for smartphones, tablets, ebooks, digital cameras, head mounted dev...","Suite 29-309, Suite 29-311",,,https://toshiba.semicon-storage.com/us/company/taec.html,,,True,Unknown,✅ GOOD,All checks passed.,Skipped - Valid,"Toshiba offers a broad range of enabling technology solutions that allow OEMs, ODMs, and CMs to develop advanced integrated products for smartphones, tablets, ebooks, digital cameras, head mounted dev... ",BRONZE_WEB,True,False,,
Total Sonics,Superior sound enhancement technology from world-leading consumer audio experts. 来自于音频设备专家的卓越音效强化技术，是世界最先进的音频技术开创者之一。,Westgate Hospitality Suites,,,https://totalsonics.com/,,,True,Unknown,✅ GOOD,All checks passed.,Skipped - Valid,Superior sound enhancement technology from world-leading consumer audio experts. 来自于音频设备专家的卓越音效强化技术，是世界最先进的音频技术开创者之一。 ,BRONZE_WEB,True,False,,
TOTO USA,,Suite 29-112,,,,,,,,,,Re-searched, ,INSUFFICIENT,False,False,,No website found via search
TPV-USA Corp,,Venetian Palazzo Hospitality Suites,,,,,,,,,,Re-searched, ,INSUFFICIENT,False,False,,No website found via search
"TraceTronic, Inc","TraceTronic is the leader for universal software test automation across all stages of development. ecu.test includes automation for MiL, SiL, HiL, ViL, Displays, Audio, Voice, and User Inputs. Create ...",6967,,,,,,,,,,Re-searched,"TraceTronic is the leader for universal software test automation across all stages of development. ecu.test includes automation for MiL, SiL, HiL, ViL, Displays, Audio, Voice, and User Inputs. Create ... ",COPPER,False,False,,
Trackt00,,60711,,,,,,,,,,Re-searched, ,INSUFFICIENT,False,False,,No website found via search
TRAICK AI,,63432,,,,,,,,,,Re-searched, ,INSUFFICIENT,False,False,,No website found via search
Trans Union LLC,TransUnion is a global information and insights company with a leading presence in more than 30 countries across 5 continents. We make trust possible in the modern economy by providing an actionable p...,"Aria Hospitality Suites, Aria Hospitality Suites 2",,,https://www.transunion.com/,,,True,Unknown,✅ GOOD,All checks passed.,Re-searched,TransUnion is a global information and insights company with a leading presence in more than 30 countries across 5 continents. We make trust possible in the modern economy by providing an actionable p... ,COPPER,False,False,,
TransAI,"TransAI serves over 3 million users worldwide with AI-powered hardware and applications that enhance global communication. From calls to meetings, our products deliver real-time, context-aware transla...",9550,,,https://www.transai.com/en,,,True,Unknown,✅ GOOD,All checks passed.,Skipped - Valid,"TransAI serves over 3 million users worldwide with AI-powered hardware and applications that enhance global communication. From calls to meetings, our products deliver real-time, context-aware transla... ",BRONZE_WEB,True,False,,
Transense Technologies plc,"Transense Technologies has two divisions that develop and supply world-leading sensor tech and measurement solutions: SAWsense offers wireless, SAW sensors for torque, temp, force, and pressure in dem...",8077,,,https://www.transense.com/company/about,,,True,Unknown,✅ GOOD,All checks passed.,Skipped - Valid,"Transense Technologies has two divisions that develop and supply world-leading sensor tech and measurement solutions: SAWsense offers wireless, SAW sensors for torque, temp, force, and pressure in dem... ",BRONZE_WEB,True,False,,
Trasna,,Westgate Hospitality Suites,,,,,,,,,,Re-searched, ,INSUFFICIENT,False,False,,No website found via search
Treble Technologies,"Treble Technologies delivers the next generation of audio simulation. With the Treble SDK, companies can generate synthetic audio data, virtually prototype products, and train advanced ML models, acce...",21641,,,https://www.treble.tech/,,,True,Unknown,✅ GOOD,All checks passed.,Skipped - Valid,"Treble Technologies delivers the next generation of audio simulation. With the Treble SDK, companies can generate synthetic audio data, virtually prototype products, and train advanced ML models, acce... ",BRONZE_WEB,True,False,,
Tribe App Pte Ltd,"TribeApp is a Singapore-based technology start-up, dedicated to revolutionising the health and wellness space with innovative, transformative solutions especially for elderly care.",60213,,,https://www.tribeapp.sg/,,,True,Singapore,✅ GOOD,All checks passed.,Re-searched,"TribeApp is a Singapore-based technology start-up, dedicated to revolutionising the health and wellness space with innovative, transformative solutions especially for elderly care. ",BRONZE_WEB,True,False,,
trinamiX GmbH,"trinamiX GmbH, a subsidiary of BASF, presents innovative applications, such as vital signs monitoring and blood alcohol detection for consumer electronics, as well as biomarker measurements with smart...",4565,,,https://trinamixsensing.com/about-trinamix/,,,True,Unknown,✅ GOOD,All checks passed.,Skipped - Valid,"trinamiX GmbH, a subsidiary of BASF, presents innovative applications, such as vital signs monitoring and blood alcohol detection for consumer electronics, as well as biomarker measurements with smart... ",BRONZE_WEB,True,False,,
TRINEAR INC.,,62801,,,,,,,,,,Re-searched, ,INSUFFICIENT,False,False,,No website found via search
"TripleLift, Inc.",,Aria Hospitality Suites,,,,,,,,,,Re-searched, ,INSUFFICIENT,False,False,,No website found via search
Truffoire,,31235,,,,,,,,,,Re-searched, ,INSUFFICIENT,False,False,,No website found via search
Truly,,30800,,,,,,,,,,Re-searched, ,INSUFFICIENT,False,False,,No website found via search
"Tubi, Inc.","Tubi, a division of FOX Entertainment, is an ad-supported VOD service with over 48K movies & TV shows, including Tubi Originals, 200+ local & live news, sports & entertainment channels. Tubi gives fan...",,,,https://tubitv.com/,,,True,Unknown,⚠️ UNCLEAR,1 keyword(s) found,Re-searched,"Tubi, a division of FOX Entertainment, is an ad-supported VOD service with over 48K movies & TV shows, including Tubi Originals, 200+ local & live news, sports & entertainment channels. Tubi gives fan... ",BRONZE_WEB,True,False,,
"TuneIn, Inc.","TuneIn empowers people to hear exactly what they love the moment they want it and discover a universe of audio, all in one place.","Aria Hospitality Suites, Aria Hospitality Suites 2",,,https://tunein.com/about/,,,True,Unknown,✅ GOOD,All checks passed.,Re-searched,"TuneIn empowers people to hear exactly what they love the moment they want it and discover a universe of audio, all in one place. ",BRONZE_WEB,True,False,,
Tunoptix,"Tunoptix is pioneering next-generation imaging through wafer-scale meta-optics that bring spectral intelligence to mobile and edge devices. Our technology enables high-performance narrowband, broadban...",35546,,,https://www.tunoptix.com/,,,True,Unknown,✅ GOOD,All checks passed.,Skipped - Valid,"Tunoptix is pioneering next-generation imaging through wafer-scale meta-optics that bring spectral intelligence to mobile and edge devices. Our technology enables high-performance narrowband, broadban... ",BRONZE_WEB,True,False,,
TW Culture,Teeth Whitening,55055,,,https://www.teethculture.com/,,,True,Unknown,✅ GOOD,All checks passed.,Re-searched,Teeth Whitening ,BRONZE_WEB,True,False,,
TYMO Beauty Inc.,,54647,,,,,,,,,,Re-searched, ,INSUFFICIENT,False,False,,No website found via search
Tymor Technologies Inc.,,9455,,,,,,,,,,Re-searched, ,INSUFFICIENT,False,False,,No website found via search
Tymphany,,"7330, Venetian Palazzo Hospitality Suites",,,,,,,,,,Re-searched, ,INSUFFICIENT,False,False,,No website found via search
Trkiye Turcorn Pavilion,"Explore Türkiye's Startup Scene at CES2026: Dive into dynamic tech landscapes and limitless investment opportunities. Meet 35 top Turkish startups, backed by the Ministry of Industry and Technology an...",63432,,,https://www.turcorn.gov.tr/,,,True,Unknown,✅ GOOD,All checks passed.,Re-searched,"Explore Türkiye's Startup Scene at CES2026: Dive into dynamic tech landscapes and limitless investment opportunities. Meet 35 top Turkish startups, backed by the Ministry of Industry and Technology an... ",COPPER,False,False,,
Uber,,Aria Hospitality Suites,,,https://www.uber.com/,,,,,,,Re-searched, ,INSUFFICIENT,False,False,,No website found via search
Ubicept,Ubicept revolutionizes how machines perceive the world by combining next-generation image sensors with advanced computer vision algorithms.,11115,,,https://www.ubicept.com/,,,True,Unknown,✅ GOOD,All checks passed.,Re-searched,Ubicept revolutionizes how machines perceive the world by combining next-generation image sensors with advanced computer vision algorithms. ,BRONZE_WEB,True,False,,
UbiquiTech Innovations Limited,,63200,,,,,,,,,,Re-searched, ,INSUFFICIENT,False,False,,No website found via search
uHoo Pte Ltd,"uHoo is the world’s most comprehensive environmental intelligence platform for indoor health and sustainability. It tracks nine key air quality factors: temperature, humidity, air pressure, CO₂, CO, T...",60213,,,https://getuhoo.com/,,,True,Unknown,✅ GOOD,All checks passed.,Re-searched,"uHoo is the world’s most comprehensive environmental intelligence platform for indoor health and sustainability. It tracks nine key air quality factors: temperature, humidity, air pressure, CO₂, CO, T... ",COPPER,False,False,,
Ukrainian Pavilion,"The Ukrainian Pavilion showcases the vibrant Ukrainian tech ecosystem, highlighting innovations in robotics, AI, green energy, and more. It represents Ukraine’s resilience, creativity, and leadership,...",50352,,,https://www.ukrainianpavilion.org/,,,True,Unknown,✅ GOOD,All checks passed.,Skipped - Valid,"The Ukrainian Pavilion showcases the vibrant Ukrainian tech ecosystem, highlighting innovations in robotics, AI, green energy, and more. It represents Ukraine’s resilience, creativity, and leadership,... ",BRONZE_WEB,True,False,,
UL Solutions,"UL Solutions is the world's leading independent benchmark developer. Benchmarks developed by UL Solutions enable people to measure and understand the performance of tablets, smartphones, and computer ...",9477,,,,,,,,,,Re-searched,"UL Solutions is the world's leading independent benchmark developer. Benchmarks developed by UL Solutions enable people to measure and understand the performance of tablets, smartphones, and computer ... ",COPPER,False,False,,
Ultracker Technology Co & women's guard biotech co,"Ultracker Technology specializes in hardware imaging solutions and is an expert in multi-image processing which released high-end 360-degree cameras WOMEN'S GUARD BIOMEDICAL TECHNOLOGY, AI Kegel Musc...",36426,,,,,,,,,,Re-searched,"Ultracker Technology specializes in hardware imaging solutions and is an expert in multi-image processing which released high-end 360-degree cameras WOMEN'S GUARD BIOMEDICAL TECHNOLOGY, AI Kegel Musc... ",COPPER,False,False,,
Ultrahuman Healthcare Private Limited,"Ultrahuman is the world's most comprehensive self-quantification platform. Ultrahuman's products include the Ultrahuman Ring AIR, world's lightest sleep-tracking wearable, Ultrahuman M1, a continuous ...",54106,,,https://www.ultrahuman.com/,,,True,Unknown,✅ GOOD,All checks passed.,Skipped - Valid,"Ultrahuman is the world's most comprehensive self-quantification platform. Ultrahuman's products include the Ultrahuman Ring AIR, world's lightest sleep-tracking wearable, Ultrahuman M1, a continuous ... ",BRONZE_WEB,True,False,,
UltraSense Systems,"UltraSense Systems elevates the automotive touch experience with its HMI Controllers IC's and InPlane Sensing module solutions, enabling multi-mode touch sensing, backlighting, haptics feedback and pr...",3353,,,https://ultrasensesys.com/,,,True,Unknown,✅ GOOD,All checks passed.,Skipped - Valid,"UltraSense Systems elevates the automotive touch experience with its HMI Controllers IC's and InPlane Sensing module solutions, enabling multi-mode touch sensing, backlighting, haptics feedback and pr... ",COPPER,False,False,,
Undermilli Inc.,,50123,,,,,,,,,,Re-searched, ,INSUFFICIENT,False,False,,No website found via search
Undugu LLC,,60640,,,,,,,,,,Re-searched, ,INSUFFICIENT,False,False,,No website found via search
Unicompany Corporation,"Unicompany Co., Ltd. is a people-centered technology company that aims to improve the quality of human life and supplies the best products in various fields such as eco-friendly technology products an...",50335,,,,,,,,,,Re-searched,"Unicompany Co., Ltd. is a people-centered technology company that aims to improve the quality of human life and supplies the best products in various fields such as eco-friendly technology products an... ",COPPER,False,False,,
"UNIS Co.,Ltd",,50363,,,,,,,,,,Re-searched, ,INSUFFICIENT,False,False,,No website found via search
Unit Connection Technology limited,,35850,,,https://forum.unity.com/forums/physics.78/page-146,,,,,,,Re-searched, ,BRONZE_WEB,True,False,,
United One (Group) America Inc,"We’ve developed the world first Black Diamond Carbon & Nano Silver technology. United One Group healthcare products help improve circulation, support immune function, and enhance joint and muscle perf...",56227,,,,,,,,,,Re-searched,"We’ve developed the world first Black Diamond Carbon & Nano Silver technology. United One Group healthcare products help improve circulation, support immune function, and enhance joint and muscle perf... ",COPPER,False,False,,
United Robotics Group,,51242,,,,,,,,,,Re-searched, ,INSUFFICIENT,False,False,,No website found via search
United States Global University,"United States Global University (USGU) is an innovative institution offering career-focused programs in AI, robotics, business, and digital innovation. USGU empowers students with future-ready skills,...",50262,,,https://usglobaluniversity.com/,,,True,Unknown,✅ GOOD,All checks passed.,Re-searched,"United States Global University (USGU) is an innovative institution offering career-focused programs in AI, robotics, business, and digital innovation. USGU empowers students with future-ready skills,... ",COPPER,False,False,,
Unity,,Fontainebleau Hospitality Suites,,,,,,,,,,Re-searched, ,INSUFFICIENT,False,False,,No website found via search
Universal Electronics Inc.,"UEI is the global leader in wireless universal control solutions for home entertainment and smart home devices; smart thermostats, it designs, develops, manufactures, ships and supports hardware and s...",53023,,,,,,,,,,Re-searched,"UEI is the global leader in wireless universal control solutions for home entertainment and smart home devices; smart thermostats, it designs, develops, manufactures, ships and supports hardware and s... ",COPPER,False,False,,
UniX AI,"UniX AI, established in 2024 by Dr. Yang Fengyu of Yale, is a pioneering company in embodied intelligence. With a global presence, UniX AI specializes in the R&D, product, and sales of versatile human...",10815,,,,,,,,,,Re-searched,"UniX AI, established in 2024 by Dr. Yang Fengyu of Yale, is a pioneering company in embodied intelligence. With a global presence, UniX AI specializes in the R&D, product, and sales of versatile human... ",COPPER,False,False,,
UnoVins Inc.,"UnoVins develops and commercializes the UNOCARE platform, which analyzes stress and autonomic nervous system activity using PPG and EEG signals. Our wellness solutions quantify brain and autonomic hea...",54000,,,,,,,,,,Re-searched,"UnoVins develops and commercializes the UNOCARE platform, which analyzes stress and autonomic nervous system activity using PPG and EEG signals. Our wellness solutions quantify brain and autonomic hea... ",COPPER,False,False,,
"Urban Armor Gear, LLC","Driven by design and engineered for adventure, Urban Armor Gear's assortment of protective cases for handsets, laptops, and tablets will protect your gear from the rigors of an active lifestyle. Rugg...",Wynn Encore Hospitality Suites,,,,,,,,,,Re-searched,"Driven by design and engineered for adventure, Urban Armor Gear's assortment of protective cases for handsets, laptops, and tablets will protect your gear from the rigors of an active lifestyle. Rugg... ",COPPER,False,False,,
USA Rare Earth,"USA Rare Earth is committed to delivering a secure, US controlled and vertically integrated supply of rare earth materials and magnets, ensuring customers receive high-performance, ethically produced ...",3669,,,,,,,,,,Re-searched,"USA Rare Earth is committed to delivering a secure, US controlled and vertically integrated supply of rare earth materials and magnets, ensuring customers receive high-performance, ethically produced ... ",COPPER,False,False,,
USound GmbH,"USound is a fast-growing MEMS loudspeaker company enabling customers to bring new revolutionary audio products to the market. USound's unique selling proposition is based on radical miniaturization, p...",Suite 29-325,,,https://usound.com/,,,True,Unknown,✅ GOOD,All checks passed.,Re-searched,"USound is a fast-growing MEMS loudspeaker company enabling customers to bring new revolutionary audio products to the market. USound's unique selling proposition is based on radical miniaturization, p... ",BRONZE_WEB,True,False,,
Ustation Inc.,Ustation Inc. is a specialist in developing and manufacturing AIoT medical devices (portable electrocardiographs and blood pressure monitors) and biosensors. We are reinforcing our competitive edge in...,50123,,,,,,,,,,Re-searched,Ustation Inc. is a specialist in developing and manufacturing AIoT medical devices (portable electrocardiographs and blood pressure monitors) and biosensors. We are reinforcing our competitive edge in... ,COPPER,False,False,,
Valens Semiconductor,,N231,,,,,,,,,,Re-searched, ,INSUFFICIENT,False,False,,No website found via search
Validit.ai,,61701,,,,,,,,,,Re-searched, ,INSUFFICIENT,False,False,,No website found via search
VAMOS Ecosystem,"VAMOS Ecosystem is an innovation cluster that focuses on autonomous mobility in smart spaces. It brings together companies that jointly collaborate, compete, and create solutions based on smart spaces...",4665,,,https://vamosecosystem.fi/,,,True,Unknown,✅ GOOD,All checks passed.,Skipped - Valid,"VAMOS Ecosystem is an innovation cluster that focuses on autonomous mobility in smart spaces. It brings together companies that jointly collaborate, compete, and create solutions based on smart spaces... ",BRONZE_WEB,True,False,,
Vaonis,"Vaonis designs and manufactures innovative smart telescopes that make astronomy accessible to everyone. By combining advanced optics, high-end mechanics and elegant design, Vaonis allows users to expl...",60415,,,https://vaonis.com/,,,True,Unknown,✅ GOOD,All checks passed.,Skipped - Valid,"Vaonis designs and manufactures innovative smart telescopes that make astronomy accessible to everyone. By combining advanced optics, high-end mechanics and elegant design, Vaonis allows users to expl... ",BRONZE_WEB,True,False,,
Vasco Electronics,"Vasco Electronics is the leader in translating solutions industry. Our goal is to make communication easier for people around the world. With our AI translators, you understand even up to 108 language...",9677,,,https://vasco-translator.com/,,,True,Unknown,✅ GOOD,All checks passed.,Skipped - Valid,"Vasco Electronics is the leader in translating solutions industry. Our goal is to make communication easier for people around the world. With our AI translators, you understand even up to 108 language... ",BRONZE_WEB,True,False,,
VCarSystem Technology USA Corp,"VCARSYSTEM is dedicated to the development of embedded system R&D testing toolchains, serving industries such as automotive, education, rail transportation, and aerospace.",5767,,,http://www.vcarsystem.com/aboutUs,,,True,Unknown,✅ GOOD,All checks passed.,Skipped - Valid,"VCARSYSTEM is dedicated to the development of embedded system R&D testing toolchains, serving industries such as automotive, education, rail transportation, and aerospace. ",COPPER,False,False,,
Vdara Hospitality Suites,,Vdara Hospitality Suites,,,,,,,,,,Re-searched, ,INSUFFICIENT,False,False,,No website found via search
Vector,"Vector enriches software and electronics development with innovative products, especially in the field of Software-Defined Vehicles (SDV). More than 4,000 employees worldwide simplify the technology d...",Wynn Encore Hospitality Suites,,,,,,,,,,Re-searched,"Vector enriches software and electronics development with innovative products, especially in the field of Software-Defined Vehicles (SDV). More than 4,000 employees worldwide simplify the technology d... ",COPPER,False,False,,
Veintree SAS,,60711,,,,,,,,,,Re-searched, ,INSUFFICIENT,False,False,,No website found via search
velavu,"The Velavu ecosystem is a simple, yet powerful experience to oversee your assets, inventory, and processes through customised solutions and exceptionally crafted software and devices. Our devices inte...",9545,,,https://www.velavu.com/,,,True,Unknown,✅ GOOD,All checks passed.,Skipped - Valid,"The Velavu ecosystem is a simple, yet powerful experience to oversee your assets, inventory, and processes through customised solutions and exceptionally crafted software and devices. Our devices inte... ",BRONZE_WEB,True,False,,
Venetian / Palazzo Hospitality Suites,,Venetian Palazzo Hospitality Suites,,,,,,,,,,Re-searched, ,INSUFFICIENT,False,False,,No website found via search
VenHub Global,"VenHub designs and builds autonomous Smart Stores that operate 24/7 without on-site staff. Each store combines robotic automation, real-time inventory tracking, and mobile-based checkout to provide se...",8863,,,https://www.venhub.com/,,,True,Unknown,✅ GOOD,All checks passed.,Skipped - Valid,"VenHub designs and builds autonomous Smart Stores that operate 24/7 without on-site staff. Each store combines robotic automation, real-time inventory tracking, and mobile-based checkout to provide se... ",BRONZE_WEB,True,False,,
Verbix.ai,"Verbix.ai is an AI-powered call analytics platform for contact centers and CX teams. It analyzes calls for keywords, sentiment, compliance, and coaching scores, providing real-time insights to improve...",60841,,,http://www.verbix.ai/,,,True,Unknown,✅ GOOD,All checks passed.,Skipped - Valid,"Verbix.ai is an AI-powered call analytics platform for contact centers and CX teams. It analyzes calls for keywords, sentiment, compliance, and coaching scores, providing real-time insights to improve... ",BRONZE_WEB,True,False,,
Verge Next,,5658,,,,,,,,,,Re-searched, ,INSUFFICIENT,False,False,,No website found via search
VeriSilicon Inc.,"VeriSilicon is committed to providing customers with platform-based, all-around, one-stop custom silicon services and semiconductor IP licensing services leveraging its in-house semiconductor IP.","Bassano 2701, Bassano 2702",,,,,,,,,,Re-searched,"VeriSilicon is committed to providing customers with platform-based, all-around, one-stop custom silicon services and semiconductor IP licensing services leveraging its in-house semiconductor IP. ",COPPER,False,False,,
Verisk Marketing Solutions,"Verisk Marketing Solutions empowers marketers with data-driven insights to personalize every consumer interaction. Our best-in-class identity resolution, attribute enrichment, and in-market data enabl...",Aria Hospitality Suites,,,https://marketing.verisk.com/event/vic-verisk-insurance-conference-2025/,,,True,Unknown,✅ GOOD,All checks passed.,Skipped - Valid,"Verisk Marketing Solutions empowers marketers with data-driven insights to personalize every consumer interaction. Our best-in-class identity resolution, attribute enrichment, and in-market data enabl... ",COPPER,False,False,,
Verizon Business,,"3069, 3077",,,,,,,,,,Re-searched, ,INSUFFICIENT,False,False,,No website found via search
Verne Technologies Inc.,,62801,,,,,,,,,,Re-searched, ,INSUFFICIENT,False,False,,No website found via search
VESA DisplayPort,"VESA standards provide the highest video perf. on PCs, smart devices & displays. Supported on USB-C, USB4, Thunderbolt & native interfaces, DisplayPort enables 8K & beyond res as well as HDR & high-re...",Venetian Palazzo Hospitality Suites,,,https://vesa.org/,,,True,Unknown,✅ GOOD,All checks passed.,Skipped - Valid,"VESA standards provide the highest video perf. on PCs, smart devices & displays. Supported on USB-C, USB4, Thunderbolt & native interfaces, DisplayPort enables 8K & beyond res as well as HDR & high-re... ",BRONZE_WEB,True,False,,
Vesica AI,"Transforming Urology with AI that visualizes and maps Bladder Cancer in real time, supporting physicians with data-driven diagnosis and reducing the high recurrence rate that makes bladder cancer the ...",62801,,,https://www.vesica-ai.com/,,,True,Unknown,✅ GOOD,All checks passed.,Skipped - Valid,"Transforming Urology with AI that visualizes and maps Bladder Cancer in real time, supporting physicians with data-driven diagnosis and reducing the high recurrence rate that makes bladder cancer the ... ",COPPER,False,False,,
Viaim,,22029,,,,,,,,,,Re-searched, ,INSUFFICIENT,False,False,,No website found via search
Viant Technology,"Viant Technology is a leader in AI-powered programmatic advertising, dedicated to driving innovation in digital marketing. Our omnichannel platform allows marketers to plan, execute and measure their ...",Mariposa 7-8,,,,,,,,,,Re-searched,"Viant Technology is a leader in AI-powered programmatic advertising, dedicated to driving innovation in digital marketing. Our omnichannel platform allows marketers to plan, execute and measure their ... ",COPPER,False,False,,
Victrola,Victrola has been bringing music into homes since 1906 and has grown into a global company with a mission of bringing lifelong music memories to everyone. Victrola continues to deliver innovative turn...,Suite 29-321,,,https://victrola.tenereteam.com/coupons,,,True,Unknown,✅ GOOD,All checks passed.,Skipped - Valid,Victrola has been bringing music into homes since 1906 and has grown into a global company with a mission of bringing lifelong music memories to everyone. Victrola continues to deliver innovative turn... ,COPPER,False,False,,
Vina International Holdings Limited,"V I N A is committed to building strong , lasting relationships with its customers, offering a wide range of products and services to meet their specific needs. Whether you are looking for a...",35418,,,https://vina.scripps.edu/,,,True,Unknown,✅ GOOD,All checks passed.,Skipped - Valid,"V I N A is committed to building strong , lasting relationships with its customers, offering a wide range of products and services to meet their specific needs. Whether you are looking for a... ",COPPER,False,False,,
Virinco Americas Inc.,"Collect and visualize all your test and repair data in one place. WATS gives OEMs, CMs, and EMS real-time insight into yield issues, failures, and test gaps, across all sites. Scalable, fast to deploy...",9521,,,https://virinco.com/,,,True,Unknown,✅ GOOD,All checks passed.,Skipped - Valid,"Collect and visualize all your test and repair data in one place. WATS gives OEMs, CMs, and EMS real-time insight into yield issues, failures, and test gaps, across all sites. Scalable, fast to deploy... ",BRONZE_WEB,True,False,,
VISEMO SA,,51239,,,,,,,,,,Re-searched, ,INSUFFICIENT,False,False,,No website found via search
Viseur AI,,63432,,,,,,,,,,Re-searched, ,INSUFFICIENT,False,False,,No website found via search
VisioLab,"From grab to go in seconds – Turn the point of sale into a winning experience with VisioLab’s iPad-based self-checkout. AI recognizes every item instantly, guests pay their way: Card, QR, or FacePay. ...",8062,,,https://www.visiolab.io/en,,,True,Unknown,✅ GOOD,All checks passed.,Skipped - Valid,"From grab to go in seconds – Turn the point of sale into a winning experience with VisioLab’s iPad-based self-checkout. AI recognizes every item instantly, guests pay their way: Card, QR, or FacePay. ... ",BRONZE_WEB,True,False,,
VISION TECH Corporation,"VisionTech is a disaster-safety technology company that prevents electric shock and power outages through leakage current limiting technology, applied across multiple electrical products to enhance sa...",50363,,,https://www.visiontechnologies.com/,,,True,Unknown,✅ GOOD,All checks passed.,Skipped - Valid,"VisionTech is a disaster-safety technology company that prevents electric shock and power outages through leakage current limiting technology, applied across multiple electrical products to enhance sa... ",BRONZE_WEB,True,False,,
Visionary.ai,"Listed in the 100 Most Promising AI Startups of 2023, Visionary.ai empowers cameras to capture state-of-the-art video quality in extreme low light and HDR. The software uses edge AI to deliver result...",61701,,,https://www.visionary.ai/,,,True,Unknown,✅ GOOD,All checks passed.,Re-searched,"Listed in the 100 Most Promising AI Startups of 2023, Visionary.ai empowers cameras to capture state-of-the-art video quality in extreme low light and HDR. The software uses edge AI to deliver result... ",BRONZE_WEB,True,False,,
Visionox Technology Inc.,,N223,,,,,,,,,,Re-searched, ,INSUFFICIENT,False,False,,No website found via search
VISIOON,,60601,,,,,,,,,,Re-searched, ,INSUFFICIENT,False,False,,No website found via search
VISIT Inc.,,50123,,,,,,,,,,Re-searched, ,INSUFFICIENT,False,False,,No website found via search
Vista Innotech Limited,"Vista Innotech (VIT) invents and provides anti-shaking camera module technology and turnkey solutions, including patented mechanical designs and advanced software, for various Micro Gimbal Stabilizer ...",50732,,,,,,,,,,Re-searched,"Vista Innotech (VIT) invents and provides anti-shaking camera module technology and turnkey solutions, including patented mechanical designs and advanced software, for various Micro Gimbal Stabilizer ... ",COPPER,False,False,,
Visteon Corp.,"Visteon is a global technology leader accelerating the software-defined transformation of mobility. With pioneering work in digital cockpit electronics, EV systems, and AI-driven innovation, Visteon l...","W301, W303, W304",,,,,,,,,,Re-searched,"Visteon is a global technology leader accelerating the software-defined transformation of mobility. With pioneering work in digital cockpit electronics, EV systems, and AI-driven innovation, Visteon l... ",COPPER,False,False,,
Viture,,Toscana 3702,,,,,,,,,,Re-searched, ,INSUFFICIENT,False,False,,No website found via search
Vivarise Inc,,61044,,,,,,,,,,Re-searched, ,INSUFFICIENT,False,False,,No website found via search
Vivibit Inc.,"VIVIBIT focuses on next-gen edge data infrastructure for global edge computing (explosive data growth). It has full-stack optimization and proprietary tech, solving storage, computing, and transmissio...",60834,,,https://www.vivibit.com/,,,True,Unknown,⚠️ UNCLEAR,Name not in content; 0 keyword(s) found,Skipped - Valid,"VIVIBIT focuses on next-gen edge data infrastructure for global edge computing (explosive data growth). It has full-stack optimization and proprietary tech, solving storage, computing, and transmissio... ",BRONZE_WEB,True,False,,
Vizio,"Based in Irvine, CA, VIZIO has spent over 20 years manufacturing products that are the center of the connected home. We are driving the future of cutting-edge Smart TVs, cultivating an elevated soundb...","Aria Hospitality Suites, Aria Hospitality Suites 2",,,https://www.vizio.com/en/about-vizio,,,True,Unknown,✅ GOOD,All checks passed.,Re-searched,"Based in Irvine, CA, VIZIO has spent over 20 years manufacturing products that are the center of the connected home. We are driving the future of cutting-edge Smart TVs, cultivating an elevated soundb... ",BRONZE_WEB,True,False,,
VMS ELEKTRONIK,"VMS was founded by Mustafa Dayanıklı, an electronics engineer and the company's founder.Today, VMS, which is on a “technology journey” together with its customers and staff, continues its efforts to d...",63432,,,https://www.vmselektronik.com/en/,,,True,Unknown,✅ GOOD,All checks passed.,Skipped - Valid,"VMS was founded by Mustafa Dayanıklı, an electronics engineer and the company's founder.Today, VMS, which is on a “technology journey” together with its customers and staff, continues its efforts to d... ",BRONZE_WEB,True,False,,
Vobble,"Vobble is an AI-powered interactive audio player for kids that reimagines how they listen and create. Recognized as a Webby Honoree, SXSW 2025 Finalist, and a Signal Award Winner, Vobble brings be...",60842,,,https://vobble.us/,,,True,Unknown,✅ GOOD,All checks passed.,Skipped - Valid,"Vobble is an AI-powered interactive audio player for kids that reimagines how they listen and create. Recognized as a Webby Honoree, SXSW 2025 Finalist, and a Signal Award Winner, Vobble brings be... ",BRONZE_WEB,True,False,,
Vodafone Group Services Limited,"Vodafone IoT is a global leader in managed IoT connectivity services. With over 215 million devices connected across more than 180 countries, we provide businesses with reliable and secure IoT solutio...",10071,,,,,,,,,,Re-searched,"Vodafone IoT is a global leader in managed IoT connectivity services. With over 215 million devices connected across more than 180 countries, we provide businesses with reliable and secure IoT solutio... ",COPPER,False,False,,
Voltie Kft.,,50359,,,,,,,,,,Re-searched, ,INSUFFICIENT,False,False,,No website found via search
Voltron Technology,"Voltron Technology is redefining what’s possible in compute and simulation. Our advanced hardware powers Edge Data Centers and immersive simulators that bring AI, training, and digital transformation ...",9863,,,https://www.voltrontechnology.com/,,,True,Unknown,✅ GOOD,All checks passed.,Skipped - Valid,"Voltron Technology is redefining what’s possible in compute and simulation. Our advanced hardware powers Edge Data Centers and immersive simulators that bring AI, training, and digital transformation ... ",BRONZE_WEB,True,False,,
VoltSkin,,60253,,,,,,,,,,Re-searched, ,INSUFFICIENT,False,False,,No website found via search
Vox AI,"NextGen & Easy-to-deploy voice-AI solution for Streamlining & Automating order-taking process of Quick Service Restaurants in 85+ languages, boosting Efficiency & Accuracy to enhance Customer Experien...",62100,,,,,,,,,,Re-searched,"NextGen & Easy-to-deploy voice-AI solution for Streamlining & Automating order-taking process of Quick Service Restaurants in 85+ languages, boosting Efficiency & Accuracy to enhance Customer Experien... ",COPPER,False,False,,
Vox Media,,Aria Hospitality Suites,,,,,,,,,,Re-searched, ,INSUFFICIENT,False,False,,No website found via search
VOXX By Gentex Corporation,"VOXX By Gentex Corporation has been driving innovation for over 60 years, supplying Automotive and Consumer Electronics on a global basis. We have a broad range of products sold under a portfolio of m...",17204,,,https://www.voxxelectronics.com/,,,True,Unknown,✅ GOOD,All checks passed.,Skipped - Valid,"VOXX By Gentex Corporation has been driving innovation for over 60 years, supplying Automotive and Consumer Electronics on a global basis. We have a broad range of products sold under a portfolio of m... ",BRONZE_WEB,True,False,,
VOY Glasses,VOY Glasses makes tunable lens for XR spatial and eyewear. We created the world’s first adjustable lens inserts that allows myopic or hyperopic users to see VR or MR headset images clearly without wea...,15257,,,https://voyglasses.com/,,,True,Unknown,✅ GOOD,All checks passed.,Skipped - Valid,VOY Glasses makes tunable lens for XR spatial and eyewear. We created the world’s first adjustable lens inserts that allows myopic or hyperopic users to see VR or MR headset images clearly without wea... ,BRONZE_WEB,True,False,,
"Voyant Photonics, Inc.","Voyant designs and manufacturers high-performance FMCW LIDAR imaging systems based on silicon photonics for the lowest size, power, and cost. Our products address both automotive and industrial robot...",4875,,,https://voyantphotonics.com/,,,True,Unknown,✅ GOOD,All checks passed.,Skipped - Valid,"Voyant designs and manufacturers high-performance FMCW LIDAR imaging systems based on silicon photonics for the lowest size, power, and cost. Our products address both automotive and industrial robot... ",BRONZE_WEB,True,False,,
VPI Technology,"VPI Technology is a multi-discipline technology firm, specializing in electronic design services, engineering, prototyping, certification and testing services, and electronics manufacturing. We specia...",10471,,,,,,,,,,Re-searched,"VPI Technology is a multi-discipline technology firm, specializing in electronic design services, engineering, prototyping, certification and testing services, and electronics manufacturing. We specia... ",COPPER,False,False,,
Vrch Limited,,60848,,,,,,,,,,Re-searched, ,INSUFFICIENT,False,False,,No website found via search
VS Technology,,60601,,,,,,,,,,Re-searched, ,INSUFFICIENT,False,False,,No website found via search
VSC LABS INC,,54848,,,,,,,,,,Re-searched, ,INSUFFICIENT,False,False,,No website found via search
VTA +,"VTA Plus is a leading company in the design, development, and integration of technological products into Smart Home. Our international experience allows us to work with distributors, retailers, who...",52132,,,,,,,,,,Re-searched,"VTA Plus is a leading company in the design, development, and integration of technological products into Smart Home. Our international experience allows us to work with distributors, retailers, who... ",COPPER,False,False,,
VueReal Inc.,"VueReal is a Canadian technology company pioneering advanced microLED display solutions. Its proprietary MicroSolid Printing™ platform enables high-efficiency, scalable manufacturing of bright, energy...","50755, Venetian Palazzo Hospitality Suites",,,https://vuereal.com/,,,True,Unknown,✅ GOOD,All checks passed.,Skipped - Valid,"VueReal is a Canadian technology company pioneering advanced microLED display solutions. Its proprietary MicroSolid Printing™ platform enables high-efficiency, scalable manufacturing of bright, energy... ",BRONZE_WEB,True,False,,
VYBE Audio LLC,"TDM. is leading a new era in how we experience music. With a simple twist, our world-first headphones transform into a speaker - blurring the line between personal and social listening. TDM. represent...",60850,,,https://livevibeaudio.com/,,,True,Unknown,✅ GOOD,All checks passed.,Skipped - Valid,"TDM. is leading a new era in how we experience music. With a simple twist, our world-first headphones transform into a speaker - blurring the line between personal and social listening. TDM. represent... ",BRONZE_WEB,True,False,,
wahroto,,62201,,,,,,,,,,Re-searched, ,INSUFFICIENT,False,False,,No website found via search
Wallonia Export-Investment Agency,The Wallonia Export & Investment Agency is the Wallonia Region of Belgium’s government agency in charge of foreign trade promotion and foreign investment attraction. The agency has a worldwide network...,"50752, 61711",,,https://www.wallonia.us/en/wallonia-export-investment-agency,,,True,Unknown,✅ GOOD,All checks passed.,Skipped - Valid,The Wallonia Export & Investment Agency is the Wallonia Region of Belgium’s government agency in charge of foreign trade promotion and foreign investment attraction. The agency has a worldwide network... ,BRONZE_WEB,True,False,,
Walmart Inc. dba Walmart Marketplace,Walmart Marketplace is one of the fastest-growing eCommerce platforms in the U.S. where sellers can offer their products on Walmart.com and reach millions of loyal customers. We help sellers of any si...,"Zeno 4603, Zeno 4604, Zeno 4605",,,https://www.walmart.com/,,,True,Unknown,✅ GOOD,All checks passed.,Skipped - Valid,Walmart Marketplace is one of the fastest-growing eCommerce platforms in the U.S. where sellers can offer their products on Walmart.com and reach millions of loyal customers. We help sellers of any si... ,BRONZE_WEB,True,False,,
Wandisplay Technology Company Limited,,35305,,,,,,,,,,Re-searched, ,INSUFFICIENT,False,False,,No website found via search
WAREMA Renkhoff SE,"WAREMA stands for smart sun shading and control systems that cut energy use and CO₂, creating comfortable indoor climates and stylish outdoor spaces.",51242,,,https://www.warema.com/en/companies/,,,True,Unknown,✅ GOOD,All checks passed.,Skipped - Valid,"WAREMA stands for smart sun shading and control systems that cut energy use and CO₂, creating comfortable indoor climates and stylish outdoor spaces. ",BRONZE_WEB,True,False,,
Warner Bros. Discovery,,Aria Hospitality Suites,,,https://www.warnerbros.com/,,,,,,,Re-searched, ,BRONZE_WEB,True,False,,
Water.io,"Water.io transforms hydration through smart packaging and IoT-connected bottles. Our patented technology turns any bottle into a smart hydration companion—tracking intake, reminding users to drink, an...",53423,,,https://water.io/,,,True,Unknown,✅ GOOD,All checks passed.,Skipped - Valid,"Water.io transforms hydration through smart packaging and IoT-connected bottles. Our patented technology turns any bottle into a smart hydration companion—tracking intake, reminding users to drink, an... ",BRONZE_WEB,True,False,,
WATERM,,61105,,,,,,,,,,Re-searched, ,INSUFFICIENT,False,False,,No website found via search
WaterScope Inc.,,50359,,,,,,,,,,Re-searched, ,INSUFFICIENT,False,False,,No website found via search
Watertrinez,,62833,,,,,,,,,,Re-searched, ,INSUFFICIENT,False,False,,No website found via search
Waytogo,AI-powered web platform specifically designed for professional coaching processes.,63432,,,https://www.waytogostaffing.com/,,,True,Unknown,⚠️ UNCLEAR,1 keyword(s) found,Skipped - Valid,AI-powered web platform specifically designed for professional coaching processes. ,BRONZE_WEB,True,False,,
Web 3 Tokenization,"CES Village Web3 Tokenization FinTech AI, Mobile LOOV, MetaVerse, BlockChain, NFT, DAO, CBDC, CCE, CEEVO, Algo Alto, VeinTree, Quantum Delta NL, DAVENSI, Finance Innovation, MyGlobalVillage, StableCo...",50739,,,,,,,,,,Re-searched,"CES Village Web3 Tokenization FinTech AI, Mobile LOOV, MetaVerse, BlockChain, NFT, DAO, CBDC, CCE, CEEVO, Algo Alto, VeinTree, Quantum Delta NL, DAVENSI, Finance Innovation, MyGlobalVillage, StableCo... ",COPPER,False,False,,
Weebit Nano Ltd,Weebit Nano is a leading developer and licensor of advanced semiconductor memory technology. Its ground-breaking resistive RAM (ReRAM) is a type of Non-Volatile Memory (NVM) that addresses the need fo...,Venetian Palazzo Hospitality Suites,,,https://www.weebit-nano.com/,,,True,Unknown,✅ GOOD,All checks passed.,Re-searched,Weebit Nano is a leading developer and licensor of advanced semiconductor memory technology. Its ground-breaking resistive RAM (ReRAM) is a type of Non-Volatile Memory (NVM) that addresses the need fo... ,BRONZE_WEB,True,False,,
Wellvii,,53423,,,,,,,,,,Re-searched, ,INSUFFICIENT,False,False,,No website found via search
WePower Technologies,WePower Technologies is an energy harvesting solutions company for the IoT and IIoT. WePower has developed patented technology and patented energy harvesting generators (EHGs) to produce energy from m...,8425,,,https://wepowerstl.org/accelerator/,,,True,Unknown,✅ GOOD,All checks passed.,Re-searched,WePower Technologies is an energy harvesting solutions company for the IoT and IIoT. WePower has developed patented technology and patented energy harvesting generators (EHGs) to produce energy from m... ,COPPER,False,False,,
Westgate Hospitality Suites,company description goes here,Westgate Hospitality Suites,,,https://www.westgateresorts.com/hotels/nevada/las-vegas/westgate-las-vegas-resort-casino/accommodations/specialty-suites-sky-villas/,,,True,Unknown,✅ GOOD,All checks passed.,Re-searched,company description goes here ,BRONZE_WEB,True,False,,
Westinghouse,"Westinghouse is a leader in affordable consumer technology, offering televisions, computer monitors, and soundbars built for modern living. With clear 4K UHD displays, powerful audio, and dependable p...","19134, Westgate Hospitality Suites",,,https://westinghouse.com/,,,True,Unknown,✅ GOOD,All checks passed.,Skipped - Valid,"Westinghouse is a leader in affordable consumer technology, offering televisions, computer monitors, and soundbars built for modern living. With clear 4K UHD displays, powerful audio, and dependable p... ",BRONZE_WEB,True,False,,
Westworld,,62738,,,,,,,,,,Re-searched, ,INSUFFICIENT,False,False,,No website found via search
WeWealth Electronic Innotech Limited,,50732,,,,,,,,,,Re-searched, ,INSUFFICIENT,False,False,,No website found via search
WheelMove,,60801,,,,,,,,,,Re-searched, ,INSUFFICIENT,False,False,,No website found via search
Wheere,"Wheere is the best in class indoor geolocation solution. At Wheere, we've revolutionized indoor geolocation with an innovative, patented approach that goes beyond the limits of traditional systems. W...",60412,,,https://www.wheere.com/en/,,,True,Unknown,✅ GOOD,All checks passed.,Skipped - Valid,"Wheere is the best in class indoor geolocation solution. At Wheere, we've revolutionized indoor geolocation with an innovative, patented approach that goes beyond the limits of traditional systems. W... ",BRONZE_WEB,True,False,,
whereable.ai,,61453,,,,,,,,,,Re-searched, ,INSUFFICIENT,False,False,,No website found via search
Whisper Aero dba Tone Technologies LLC,,8177,,,https://whisperai.com/,,,,,,,Re-searched, ,BRONZE_WEB,True,False,,
Whisper Heat,,54567,,,https://whisperai.com/,,,,,,,Re-searched, ,BRONZE_WEB,True,False,,
Wi-Fi Alliance,Wi-Fi Alliance is the worldwide network of companies that brings you Wi-Fi. Members of our collaboration forum come together from across the Wi-Fi ecosystem with the shared vision to connect everyone ...,Bassano 2703,,,,,,,,,,Re-searched,Wi-Fi Alliance is the worldwide network of companies that brings you Wi-Fi. Members of our collaboration forum come together from across the Wi-Fi ecosystem with the shared vision to connect everyone ... ,COPPER,False,False,,
Widemount Dynamics Tech Limited,Widemount Dynamics creates AI-driven smart firefighting robot that brings highly autonomy to emergency response.,63200,,,,,,,,,,Re-searched,Widemount Dynamics creates AI-driven smart firefighting robot that brings highly autonomy to emergency response. ,COPPER,False,False,,
WideOrbit,"WideOrbit helps media companies do more business by making it easier to sell advertising, offering a platform that ties everything together, from pitch to payment. We remain at the forefront of the in...",Aria Hospitality Suites,,,https://www.wideorbit.com/anti-kickback-bribery-corruption-policy/,,,True,Unknown,✅ GOOD,All checks passed.,Skipped - Valid,"WideOrbit helps media companies do more business by making it easier to sell advertising, offering a platform that ties everything together, from pitch to payment. We remain at the forefront of the in... ",BRONZE_WEB,True,False,,
Wiillow Inc.,,62801,,,,,,,,,,Re-searched, ,INSUFFICIENT,False,False,,No website found via search
Wilder Tech Inc,"At Wilder Tech Inc., we are forging the next frontier of personal awareness with the Bond Ring—a living conduit between body and data powered by LifeDrive™. Our patent‑pending suite— TrueTemp™, Ballis...",53615,,,,,,,,,,Re-searched,"At Wilder Tech Inc., we are forging the next frontier of personal awareness with the Bond Ring—a living conduit between body and data powered by LifeDrive™. Our patent‑pending suite— TrueTemp™, Ballis... ",COPPER,False,False,,
Wilfa AS,Wilfa is a Norwegian-owned company that was established in 1948 and is today the Nordic region's leading suppliers of small electrical appliances for thousands of homes. Wilfa is a leading brand with...,52043,,,https://wilfa.com/,,,True,Unknown,✅ GOOD,All checks passed.,Skipped - Valid,Wilfa is a Norwegian-owned company that was established in 1948 and is today the Nordic region's leading suppliers of small electrical appliances for thousands of homes. Wilfa is a leading brand with... ,BRONZE_WEB,True,False,,
Windbillion Innovations Inc.,,51573,,,,,,,,,,Re-searched, ,INSUFFICIENT,False,False,,No website found via search
Wisdomain,"Patent valuation data provider. Instant patent valuations, custom API integration.",8369,,,,,,,,,,Re-searched,"Patent valuation data provider. Instant patent valuations, custom API integration. ",COPPER,False,False,,
WISEAI,,50017,,,,,,,,,,Re-searched, ,INSUFFICIENT,False,False,,No website found via search
Wisejet Inc.,"WiseJet has realized zero-delay high-speed wireless technology based on unique 60GHz/120GHz CMOS chips. Our target applications include short range wireless connections (USB, Ethernet, MIPI/DP(eDP)), ...",21423,,,,,,,,,,Re-searched,"WiseJet has realized zero-delay high-speed wireless technology based on unique 60GHz/120GHz CMOS chips. Our target applications include short range wireless connections (USB, Ethernet, MIPI/DP(eDP)), ... ",COPPER,False,False,,
Wiser Living,"Wiser Living is a company dedicated to bringing a full range of products that deliver functionality, beauty, and ease of use to everyday living. We are a forerunner in securing products that are able ...",55248,,,,,,,,,,Re-searched,"Wiser Living is a company dedicated to bringing a full range of products that deliver functionality, beauty, and ease of use to everyday living. We are a forerunner in securing products that are able ... ",COPPER,False,False,,
Wisesorbent Technology LLC,"WiseSorbent has been committed to providing moisture control packaging solutions for over 23 years. We specialize in innovative anti-moisture, oxygen removal, and deodorant packaging for pharmaceutica...",9372,,,https://wisesorbent.com/,,,True,Unknown,✅ GOOD,All checks passed.,Skipped - Valid,"WiseSorbent has been committed to providing moisture control packaging solutions for over 23 years. We specialize in innovative anti-moisture, oxygen removal, and deodorant packaging for pharmaceutica... ",BRONZE_WEB,True,False,,
Withings,Withings is a global leader and pioneer with connected health devices ever since it created the first smart scale in 2009. Its clinically validated and multi-award winning product range is used by mil...,53818,,,https://www.withings.com/us/en/,,,True,Unknown,✅ GOOD,All checks passed.,Skipped - Valid,Withings is a global leader and pioneer with connected health devices ever since it created the first smart scale in 2009. Its clinically validated and multi-award winning product range is used by mil... ,BRONZE_WEB,True,False,,
Without Energy,,Venetian Palazzo Hospitality Suites,,,,,,,,,,Re-searched, ,INSUFFICIENT,False,False,,No website found via search
WNC Corporation,"WNC provides whole-range communications solutions covering 5G edge infrastructure, Wi-Fi 6/7, satellite broadband, automotive infotainment, automotive telematics, ADAS and high speed switches, SD-WAN ...",Veronese 2504,,,,,,,,,,Re-searched,"WNC provides whole-range communications solutions covering 5G edge infrastructure, Wi-Fi 6/7, satellite broadband, automotive infotainment, automotive telematics, ADAS and high speed switches, SD-WAN ... ",COPPER,False,False,,
WNM,,50752,,,,,,,,,,Re-searched, ,INSUFFICIENT,False,False,,No website found via search
wolfSSL,"wolfSSL, the leader in cybersecurity for automotive, offers wolfHSM for working with Automotive HSM’s as well as TLS/DTLS 1.3, secure boot, and cryptography for ECU’s and ADAS. wolfSSL products are us...",3970,,,https://www.wolfssl.com/,,,True,Unknown,✅ GOOD,All checks passed.,Skipped - Valid,"wolfSSL, the leader in cybersecurity for automotive, offers wolfHSM for working with Automotive HSM’s as well as TLS/DTLS 1.3, secure boot, and cryptography for ECU’s and ADAS. wolfSSL products are us... ",BRONZE_WEB,True,False,,
World Talents,"World Talents facilitates the Global Talent Portugal initiative, connecting entrepreneurs and investors with Portugal’s startup ecosystem. Leveraging top universities, the program drives collaboration...",50259,,,https://worldtalents.com/,,,True,Unknown,✅ GOOD,All checks passed.,Re-searched,"World Talents facilitates the Global Talent Portugal initiative, connecting entrepreneurs and investors with Portugal’s startup ecosystem. Leveraging top universities, the program drives collaboration... ",BRONZE_WEB,True,False,,
WP,,50763,,,,,,,,,,Re-searched, ,INSUFFICIENT,False,False,,No website found via search
WPP Media,"We are WPP's global media collective, built for the AI era. We bring the best platform, people, and partners together to create innovative solutions that deliver unparalleled growth for brands — in ev...",Cypress Lounge,,,,,,,,,,Re-searched,"We are WPP's global media collective, built for the AI era. We bring the best platform, people, and partners together to create innovative solutions that deliver unparalleled growth for brands — in ev... ",COPPER,False,False,,
WTIwireless,"WTIwireless offers robust, commercial-grade 4G/5G cellular internet solutions for applications ranging from IoT and M2M to Managed Services.Our award-winning Dual SIM routers can be used as primary or...",10570,,,,,,,,,,Re-searched,"WTIwireless offers robust, commercial-grade 4G/5G cellular internet solutions for applications ranging from IoT and M2M to Managed Services.Our award-winning Dual SIM routers can be used as primary or... ",COPPER,False,False,,
Wyebot,"Wyebot is the leader in AI-Driven WiFi automation, leveraging AI technology to end the time-consuming, manual process of network optimization; restoring time, money, and energy to IT teams and their c...",10473,,,https://wyebot.com/,,,True,Unknown,✅ GOOD,All checks passed.,Skipped - Valid,"Wyebot is the leader in AI-Driven WiFi automation, leveraging AI technology to end the time-consuming, manual process of network optimization; restoring time, money, and energy to IT teams and their c... ",BRONZE_WEB,True,False,,
Wynn/Encore Hospitality Suites,,Wynn Encore Hospitality Suites,,,,,,,,,,Re-searched, ,INSUFFICIENT,False,False,,No website found via search
X,"We're building the world's most trusted public town squareand we pride ourselves on our commitment to protecting free speech within the boundaries of the law. Beyond that, we aim to increase unregr...",Aria Hospitality Suites,,,,,,,,,,Re-searched,"We're building the world's most trusted public town squareand we pride ourselves on our commitment to protecting free speech within the boundaries of the law. Beyond that, we aim to increase unregr... ",COPPER,False,False,,
X-Origin,"At X-Origin AI, we master the art of interaction, crafting AI companions that feel truly alive. Our brands—Yonbo for children companion and the AIPI creator platform—are built on this promise. We go b...",55742,,,https://xorigin.ai/,,,True,Unknown,✅ GOOD,All checks passed.,Re-searched,"At X-Origin AI, we master the art of interaction, crafting AI companions that feel truly alive. Our brands—Yonbo for children companion and the AIPI creator platform—are built on this promise. We go b... ",BRONZE_WEB,True,False,,
Xandar Kardian Inc.,"Xandar Kardian is a global leader and pioneer in radar signal processing solutions for Health care, security and smart buildings applications. Xandar Kardian’s XK300 is the world’s first FDA 510(k) ...",53618,,,https://website.kardian.com/,,,True,Unknown,✅ GOOD,All checks passed.,Skipped - Valid,"Xandar Kardian is a global leader and pioneer in radar signal processing solutions for Health care, security and smart buildings applications. Xandar Kardian’s XK300 is the world’s first FDA 510(k) ... ",BRONZE_WEB,True,False,,
XBOT Robotic Technology Corp,"xBOT Coffee Robot • Best in Class, world leading robotic barista level non-manned robotic coffee KIOSK supported by leading-edge intelligent two arm robotic system, seasoned R&D team, endorsed by we...",11049,,,,,,,,,,Re-searched,"xBOT Coffee Robot • Best in Class, world leading robotic barista level non-manned robotic coffee KIOSK supported by leading-edge intelligent two arm robotic system, seasoned R&D team, endorsed by we... ",COPPER,False,False,,
XbotPark,"XbotPark is a global incubator for robotics and smart hardware startups. With 260+ companies, including unicorns like DJI, NARWAL and EcoFlow, we provide full support from design to mass production. F...",62919,,,,,,,,,,Re-searched,"XbotPark is a global incubator for robotics and smart hardware startups. With 260+ companies, including unicorns like DJI, NARWAL and EcoFlow, we provide full support from design to mass production. F... ",COPPER,False,False,,
Xbrewlab Technologies Inc.,,62919,,,,,,,,,,Re-searched, ,INSUFFICIENT,False,False,,No website found via search
Xello Technologies Inc,,21629,,,,,,,,,,Re-searched, ,INSUFFICIENT,False,False,,No website found via search
Xenra,"Your Wi-Fi already connects. Now it senses. Xenra transforms ambient Wi-Fi into real-time wellness, sleep, and presence insights - no cameras, wearables, or cloud. Plug-and-play device detects heart r...",61037,,,https://www.xenra.ai/,,,True,Unknown,✅ GOOD,All checks passed.,Skipped - Valid,"Your Wi-Fi already connects. Now it senses. Xenra transforms ambient Wi-Fi into real-time wellness, sleep, and presence insights - no cameras, wearables, or cloud. Plug-and-play device detects heart r... ",BRONZE_WEB,True,False,,
XEO,"XEO is at the forefront of technological innovation, committed to elevating lifestyles and redefining the boundaries of entertainment.",14441,,,,,,,,,,Re-searched,"XEO is at the forefront of technological innovation, committed to elevating lifestyles and redefining the boundaries of entertainment. ",COPPER,False,False,,
Xeroptix Technology Limited,,63200,,,,,,,,,,Re-searched, ,INSUFFICIENT,False,False,,No website found via search
"xMEMS Labs, Inc.","Founded in 2018, xMEMS Labs is redefining sound and cooling with its breakthrough piezoMEMS platform. We created the world’s first solid-state MEMS speakers—powering AI glasses, earbuds, headphones, a...",Suite 34-208,,,https://xmems.com/press-release/xmems-extends-µcooling-fan-on-a-chip-to-ssds-delivering-first-in-drive-active-cooling-for-ai-data-centers-and-laptop-pcs/,,,True,Unknown,✅ GOOD,All checks passed.,Skipped - Valid,"Founded in 2018, xMEMS Labs is redefining sound and cooling with its breakthrough piezoMEMS platform. We created the world’s first solid-state MEMS speakers—powering AI glasses, earbuds, headphones, a... ",BRONZE_WEB,True,False,,
Xotigo GmbH,,51242,,,,,,,,,,Re-searched, ,INSUFFICIENT,False,False,,No website found via search
XOXO Beverages Limited,"XOXO Beverages Limited is a beverage technology company started by a team of engineers, mixologists, and bar owners. It created Asia’s first award-winning smart beverage dispenser, crafting personaliz...",50732,,,https://drinkxoxo.com/,,,True,Unknown,⚠️ UNCLEAR,1 keyword(s) found,Skipped - Valid,"XOXO Beverages Limited is a beverage technology company started by a team of engineers, mixologists, and bar owners. It created Asia’s first award-winning smart beverage dispenser, crafting personaliz... ",BRONZE_WEB,True,False,,
XR Extreme Reach,,Aria Hospitality Suites,,,,,,,,,,Re-searched, ,INSUFFICIENT,False,False,,No website found via search
XREAL,"As the world's best-selling consumer AR glasses brand, XREAL (formerly Nreal) pioneers change in the industry. Our proprietary optics & ultralight, fashionable designs make AR accessible. XREAL popula...",14056,,,,,,,,,,Re-searched,"As the world's best-selling consumer AR glasses brand, XREAL (formerly Nreal) pioneers change in the industry. Our proprietary optics & ultralight, fashionable designs make AR accessible. XREAL popula... ",COPPER,False,False,,
XS Power Batteries,,Fontainebleau Hospitality Suites,,,,,,,,,,Re-searched, ,INSUFFICIENT,False,False,,No website found via search
Xthings Inc.,Xthings is a global leading and innovative technology group aimed at creating a smarter home and more secure and highly efficiency managed workplace by the smart integrated security solutions and dive...,52317,,,,,,,,,,Re-searched,Xthings is a global leading and innovative technology group aimed at creating a smarter home and more secure and highly efficiency managed workplace by the smart integrated security solutions and dive... ,COPPER,False,False,,
XTOOL,"Rooted in a passion for innovation, xTool was founded to make creation simple. From the start, we've dedicated ourselves to empowering all creators with advanced technology and intuitive design. Wheth...",55251,,,https://www.xtool.com/,,,True,Unknown,✅ GOOD,All checks passed.,Skipped - Valid,"Rooted in a passion for innovation, xTool was founded to make creation simple. From the start, we've dedicated ourselves to empowering all creators with advanced technology and intuitive design. Wheth... ",BRONZE_WEB,True,False,,
Xtreme Cables,"Jem Accessories, Inc., the parent company of Xtreme Cables, is a privately held corporation specializing in the manufacturing and sales of digital lifestyle accessories including power cables, chargin...",19526,,,https://xtremecables.com/,,,True,Unknown,✅ GOOD,All checks passed.,Re-searched,"Jem Accessories, Inc., the parent company of Xtreme Cables, is a privately held corporation specializing in the manufacturing and sales of digital lifestyle accessories including power cables, chargin... ",BRONZE_WEB,True,False,,
Xumo,"The new Xumo will bring industry leading streaming and aggregation technology nationwide through its expanding content, product line up, and retailer relationships.","Exec Boardroom, Rafael 1, Rafael 2 + 2 more",,,https://www.xumo.com/,,,True,Unknown,✅ GOOD,All checks passed.,Re-searched,"The new Xumo will bring industry leading streaming and aggregation technology nationwide through its expanding content, product line up, and retailer relationships. ",BRONZE_WEB,True,False,,
"Xycosmos Holding Co.,Ltd","Was established in 2008 ,professional company in OEM&ODM service for manufacturing various charging cable ,audio adapters ,power supply and other mobile accessories ,currently has 500 employees and ar...",31346,,,http://www.xycosmos.com/en/about/,,,False,Unknown,⚠️ UNCLEAR,Crawl failed or empty content,Skipped - Valid,"Was established in 2008 ,professional company in OEM&ODM service for manufacturing various charging cable ,audio adapters ,power supply and other mobile accessories ,currently has 500 employees and ar... ",BRONZE_WEB,True,False,,
Xylon d.o.o.,"Xylon is a high-tech company specializing in customizable automotive datalogging, HIL solutions, embedded electronics, and FPGA/SoC IP and design services. With deep expertise in native automotive int...",4067,,,,,,,,,,Re-searched,"Xylon is a high-tech company specializing in customizable automotive datalogging, HIL solutions, embedded electronics, and FPGA/SoC IP and design services. With deep expertise in native automotive int... ",COPPER,False,False,,
Y.TECH,,50123,,,,,,,,,,Re-searched, ,INSUFFICIENT,False,False,,No website found via search
Yahoo,"For 30 years and counting, Yahoo has served as a trusted guide for hundreds of millions of people globally, helping them achieve their goals big and small online through our portfolio of iconic produc...",Aria Hospitality Suites,,,,,,,,,,Re-searched,"For 30 years and counting, Yahoo has served as a trusted guide for hundreds of millions of people globally, helping them achieve their goals big and small online through our portfolio of iconic produc... ",COPPER,False,False,,
YANGAROO Inc.,"Yangaroo is a technology leader in secure, automated distribution of advertising, music, and award show content. Our platforms streamline delivery, versioning, reporting, and tracking with unmatched p...",50755,,,https://yangaroo.com/,,,True,Unknown,✅ GOOD,All checks passed.,Re-searched,"Yangaroo is a technology leader in secure, automated distribution of advertising, music, and award show content. Our platforms streamline delivery, versioning, reporting, and tracking with unmatched p... ",BRONZE_WEB,True,False,,
Yanhak Teknoloji A.S.,,50759,,,,,,,,,,Re-searched, ,INSUFFICIENT,False,False,,No website found via search
"Yazaki Innovations, Inc.","Yazaki Innovations is a subsidiary of Yazaki Corp, a private Japanese business with operations in 45 countries and 240,000 employees. We combine the best attributes and strengths of Yazaki’s global pr...",4741,,,https://www.yazaki-na.com/company/driving-innovation,,,True,Unknown,✅ GOOD,All checks passed.,Re-searched,"Yazaki Innovations is a subsidiary of Yazaki Corp, a private Japanese business with operations in 45 countries and 240,000 employees. We combine the best attributes and strengths of Yazaki’s global pr... ",BRONZE_WEB,True,False,,
YellowScan,"At YellowScan we design, develop, and build our UAV LiDAR solutions to exceed the expectations of professionals that require performance, robustness, and accuracy. Our complete hardware and software s...",60401,,,,,,,,,,Re-searched,"At YellowScan we design, develop, and build our UAV LiDAR solutions to exceed the expectations of professionals that require performance, robustness, and accuracy. Our complete hardware and software s... ",COPPER,False,False,,
Yeungnam University,"The RLRC for Autonomous Vehicle Parts and Materials Innovation at Yeungnam University leads fundamental research and development of new technologies for future vehicles, including those for innovative...",61704,,,,,,,,,,Re-searched,"The RLRC for Autonomous Vehicle Parts and Materials Innovation at Yeungnam University leads fundamental research and development of new technologies for future vehicles, including those for innovative... ",COPPER,False,False,,
YG Tech Corp.,"YG is a comprehensive one-stop solution for your molding and manufacturing needs, provides customers with plastic injection molding and mold making service. To meet the growing market demands and for ...",31801,,,,,,,,,,Re-searched,"YG is a comprehensive one-stop solution for your molding and manufacturing needs, provides customers with plastic injection molding and mold making service. To meet the growing market demands and for ... ",COPPER,False,False,,
YKK (U.S.A.) Inc,"YKK, founded in Tokyo in 1934, is the world’s largest zipper manufacturer and a global leader in fastening solutions. With integrated production in countries around the world, YKK delivers high-qualit...",56541,,,,,,,,,,Re-searched,"YKK, founded in Tokyo in 1934, is the world’s largest zipper manufacturer and a global leader in fastening solutions. With integrated production in countries around the world, YKK delivers high-qualit... ",COPPER,False,False,,
"Ynvisible, S.A.","Ynvisible is disrupting the display industry with low-cost, ultra-low-power, thin, flexible, and customizable displays - serving markets such as healthcare, cold chain & logistics, and IoT. Our techno...",8168,,,https://www.ynvisible.com/,,,True,Unknown,✅ GOOD,All checks passed.,Re-searched,"Ynvisible is disrupting the display industry with low-cost, ultra-low-power, thin, flexible, and customizable displays - serving markets such as healthcare, cold chain & logistics, and IoT. Our techno... ",BRONZE_WEB,True,False,,
Yomy,,60415,,,,,,,,,,Re-searched, ,INSUFFICIENT,False,False,,No website found via search
"Yongkang Hebang Tools co.,ltd","A professional manufacturer and exporter of powertools, hair dryer, hair styler and small home appliances.",35725,,,,,,,,,,Re-searched,"A professional manufacturer and exporter of powertools, hair dryer, hair styler and small home appliances. ",COPPER,False,False,,
Yoon Ergonomics,"The innovatively designed 'Three-D desk' Workstation introduces a revolutionary desk structure, offering those who have uncomfortably adapted their bodies to traditional desks a new world of work envi...",15056,,,,,,,,,,Re-searched,"The innovatively designed 'Three-D desk' Workstation introduces a revolutionary desk structure, offering those who have uncomfortably adapted their bodies to traditional desks a new world of work envi... ",COPPER,False,False,,
"Yoshino Technology, Inc.","At Yoshino, we believe that progress and sustainability go hand in hand, and we strive to develop new solutions to meet the energy needs of individuals and families everywhere. Our innovative solid st...",8913,,,,,,,,,,Re-searched,"At Yoshino, we believe that progress and sustainability go hand in hand, and we strive to develop new solutions to meet the energy needs of individuals and families everywhere. Our innovative solid st... ",COPPER,False,False,,
Yplasma Actuators Technologies inc,,60845,,,,,,,,,,Re-searched, ,INSUFFICIENT,False,False,,No website found via search
Yukai Engineering Inc.,"Yukai Engineering is a Tokyo-based robotic startup committed to developing robots with the mission of ""Make the World a Fun Place with Robotics."" We are focused on building the consumer market for per...",52853,,,,,,,,,,Re-searched,"Yukai Engineering is a Tokyo-based robotic startup committed to developing robots with the mission of ""Make the World a Fun Place with Robotics."" We are focused on building the consumer market for per... ",COPPER,False,False,,
Yuyao Sunny Optical Intelligence Technology Co.,,9233,,,,,,,,,,Re-searched, ,INSUFFICIENT,False,False,,No website found via search
Z-Wave Alliance,The Z-Wave Alliance is a standards development organization dedicated to developing and advancing Z-Wave technology as an open and internationally recognized ITU standard (G.9959) for smart home and I...,Titian 2205,,,,,,,,,,Re-searched,The Z-Wave Alliance is a standards development organization dedicated to developing and advancing Z-Wave technology as an open and internationally recognized ITU standard (G.9959) for smart home and I... ,COPPER,False,False,,
Z-Wave Europe GmbH,"We deliver products and services to transform houses, apartments and offices into smart homes and offer the widest variety of Z-Wave, Zigbee, matter brands and products in Europe and Middle East. Furt...",51242,,,https://z-wave.me/where-to-buy/consumers/,,,True,Unknown,✅ GOOD,All checks passed.,Re-searched,"We deliver products and services to transform houses, apartments and offices into smart homes and offer the widest variety of Z-Wave, Zigbee, matter brands and products in Europe and Middle East. Furt... ",BRONZE_WEB,True,False,,
Zebra Technologies,,FT-05,,,https://www.zebra.com/us/en.html,,,,,,,Re-searched, ,BRONZE_WEB,True,False,,
zenAI,,60634,,,,,,,,,,Re-searched, ,INSUFFICIENT,False,False,,No website found via search
Zengo Dynamics Ltd,,11041,,,,,,,,,,Re-searched, ,INSUFFICIENT,False,False,,No website found via search
ZENIFY,,62919,,,https://zenifydrinks.com/,,,,,,,Re-searched, ,INSUFFICIENT,False,False,,No website found via search
"Zepsor Technologies, Inc.","Zepsor is a tech startup commercializing event-driven sensing solutions for Internet of Things, robotics, edge AI, and security applications. Zepsor's proprietary zero-power sensor technology offers u...",62037,,,,,,,,,,Re-searched,"Zepsor is a tech startup commercializing event-driven sensing solutions for Internet of Things, robotics, edge AI, and security applications. Zepsor's proprietary zero-power sensor technology offers u... ",COPPER,False,False,,
ZERO CARBON EMISSION,,60711,,,,,,,,,,Re-searched, ,INSUFFICIENT,False,False,,No website found via search
ZEROWELL Inc,,50335,,,,,,,,,,Re-searched, ,INSUFFICIENT,False,False,,No website found via search
ZF Group,"ZF is a global technology company supplying advanced mobility products and systems for passenger cars, commercial vehicles and industrial technology. Its comprehensive product range is primarily aimed...",W302,,,,,,,,,,Re-searched,"ZF is a global technology company supplying advanced mobility products and systems for passenger cars, commercial vehicles and industrial technology. Its comprehensive product range is primarily aimed... ",COPPER,False,False,,
Zilla Technology International LLC,,51371,,,https://www.zillarules.com/,,,,,,,Re-searched, ,BRONZE_WEB,True,False,,
Zoox,"Zoox will provide mobility-as-a-service in dense urban environments. We will handle the driving, charging, maintenance, and upgrades for our fleet of vehicles. The rider will simply pay for the servic...",3519,,,https://zoox.com/,,,True,Unknown,✅ GOOD,All checks passed.,Re-searched,"Zoox will provide mobility-as-a-service in dense urban environments. We will handle the driving, charging, maintenance, and upgrades for our fleet of vehicles. The rider will simply pay for the servic... ",BRONZE_WEB,True,False,,
ZStar Corporation,,51767,,,,,,,,,,Re-searched, ,INSUFFICIENT,False,False,,No website found via search
Zunzunbee,,61461,,,,,,,,,,Re-searched, ,INSUFFICIENT,False,False,,No website found via search
ZWO USA LLC,"ZWO is a leading innovator in astrophotography gears, specializing in the development and production of high-performance astrophotography cameras, smart telescopes, optical accessories, and software s...",8947,,,,,,,,,,Re-searched,"ZWO is a leading innovator in astrophotography gears, specializing in the development and production of high-performance astrophotography cameras, smart telescopes, optical accessories, and software s... ",COPPER,False,False,,
